o pelvis
v 0.3100000023841858 0.17000000178813934 0.20999999344348907
v 0.3100000023841858 0.17000000178813934 -0.20999999344348907
v 0.3100000023841858 -0.17000000178813934 0.20999999344348907
v 0.3100000023841858 -0.17000000178813934 -0.20999999344348907
v -0.3100000023841858 0.17000000178813934 -0.20999999344348907
v -0.3100000023841858 0.17000000178813934 0.20999999344348907
v -0.3100000023841858 -0.17000000178813934 -0.20999999344348907
v -0.3100000023841858 -0.17000000178813934 0.20999999344348907
v -0.3100000023841858 0.17000000178813934 -0.20999999344348907
v 0.3100000023841858 0.17000000178813934 -0.20999999344348907
v -0.3100000023841858 0.17000000178813934 0.20999999344348907
v 0.3100000023841858 0.17000000178813934 0.20999999344348907
v -0.3100000023841858 -0.17000000178813934 0.20999999344348907
v 0.3100000023841858 -0.17000000178813934 0.20999999344348907
v -0.3100000023841858 -0.17000000178813934 -0.20999999344348907
v 0.3100000023841858 -0.17000000178813934 -0.20999999344348907
v -0.3100000023841858 0.17000000178813934 0.20999999344348907
v 0.3100000023841858 0.17000000178813934 0.20999999344348907
v -0.3100000023841858 -0.17000000178813934 0.20999999344348907
v 0.3100000023841858 -0.17000000178813934 0.20999999344348907
v 0.3100000023841858 0.17000000178813934 -0.20999999344348907
v -0.3100000023841858 0.17000000178813934 -0.20999999344348907
v 0.3100000023841858 -0.17000000178813934 -0.20999999344348907
v -0.3100000023841858 -0.17000000178813934 -0.20999999344348907
vt 0 1
vt 1 1
vt 0 0
vt 1 0
vt 0 1
vt 1 1
vt 0 0
vt 1 0
vt 0 1
vt 1 1
vt 0 0
vt 1 0
vt 0 1
vt 1 1
vt 0 0
vt 1 0
vt 0 1
vt 1 1
vt 0 0
vt 1 0
vt 0 1
vt 1 1
vt 0 0
vt 1 0
vn 1 0 0
vn 1 0 0
vn 1 0 0
vn 1 0 0
vn -1 0 0
vn -1 0 0
vn -1 0 0
vn -1 0 0
vn 0 1 0
vn 0 1 0
vn 0 1 0
vn 0 1 0
vn 0 -1 0
vn 0 -1 0
vn 0 -1 0
vn 0 -1 0
vn 0 0 1
vn 0 0 1
vn 0 0 1
vn 0 0 1
vn 0 0 -1
vn 0 0 -1
vn 0 0 -1
vn 0 0 -1
f 1/1/1 3/3/3 2/2/2
f 3/3/3 4/4/4 2/2/2
f 5/5/5 7/7/7 6/6/6
f 7/7/7 8/8/8 6/6/6
f 9/9/9 11/11/11 10/10/10
f 11/11/11 12/12/12 10/10/10
f 13/13/13 15/15/15 14/14/14
f 15/15/15 16/16/16 14/14/14
f 17/17/17 19/19/19 18/18/18
f 19/19/19 20/20/20 18/18/18
f 21/21/21 23/23/23 22/22/22
f 23/23/23 24/24/24 22/22/22
o thighL
v 0 -0.28999999165534973 -2.204364202304404e-17
v 0 -0.2876942455768585 0.023410838097333908
v 0 -0.28086555004119873 0.04592201113700867
v 0 -0.2697763442993164 0.06666842848062515
v 0 -0.2548528015613556 0.08485281467437744
v 0 -0.2366684228181839 0.09977634996175766
v 0 -0.215922012925148 0.11086554080247879
v 0 -0.19341084361076355 0.11769423633813858
v 0 -0.17000000178813934 0.11999999731779099
v 0 0.17000000178813934 0.11999999731779099
v 0 0.19341084361076355 0.11769423633813858
v 0 0.215922012925148 0.11086554080247879
v 0 0.2366684228181839 0.09977634996175766
v 0 0.2548528015613556 0.08485281467437744
v 0 0.2697763442993164 0.06666842848062515
v 0 0.28086555004119873 0.04592201113700867
v 0 0.2876942455768585 0.023410838097333908
v 0 0.28999999165534973 7.347880950074885e-18
v -1.2956928163709186e-17 -0.28999999165534973 -1.783368148003703e-17
v 0.013760545291006565 -0.2876942455768585 0.01893976703286171
v 0.026992281898856163 -0.28086555004119873 0.03715168684720993
v 0.03918671980500221 -0.2697763442993164 0.05393589287996292
v 0.04987523332238197 -0.2548528015613556 0.0686473697423935
v 0.058647070080041885 -0.2366684228181839 0.08072076737880707
v 0.06516513228416443 -0.215922012925148 0.08969210833311081
v 0.06917893141508102 -0.19341084361076355 0.09521663188934326
v 0.07053422927856445 -0.17000000178813934 0.09708204120397568
v 0.07053422927856445 0.17000000178813934 0.09708204120397568
v 0.06917893141508102 0.19341084361076355 0.09521663188934326
v 0.06516513228416443 0.215922012925148 0.08969210833311081
v 0.058647070080041885 0.2366684228181839 0.08072076737880707
v 0.04987523332238197 0.2548528015613556 0.0686473697423935
v 0.03918671980500221 0.2697763442993164 0.05393589287996292
v 0.026992281898856163 0.28086555004119873 0.03715168684720993
v 0.013760545291006565 0.2876942455768585 0.01893976703286171
v 4.318975916706293e-18 0.28999999165534973 5.944560355482241e-18
v -2.0964750350091127e-17 -0.28999999165534973 -6.8118600549247034e-18
v 0.022265030071139336 -0.2876942455768585 0.007234347052872181
v 0.04367442801594734 -0.28086555004119873 0.014190682210028172
v 0.06340543925762177 -0.2697763442993164 0.020601676777005196
v 0.08069982379674911 -0.2548528015613556 0.026220960542559624
v 0.0948929488658905 -0.2366684228181839 0.03083258867263794
v 0.10543939471244812 -0.215922012925148 0.034259337931871414
v 0.1119338646531105 -0.19341084361076355 0.03636951744556427
v 0.1141267791390419 -0.17000000178813934 0.037082038819789886
v 0.1141267791390419 0.17000000178813934 0.037082038819789886
v 0.1119338646531105 0.19341084361076355 0.03636951744556427
v 0.10543939471244812 0.215922012925148 0.034259337931871414
v 0.0948929488658905 0.2366684228181839 0.03083258867263794
v 0.08069982379674911 0.2548528015613556 0.026220960542559624
v 0.06340543925762177 0.2697763442993164 0.020601676777005196
v 0.04367442801594734 0.28086555004119873 0.014190682210028172
v 0.022265030071139336 0.2876942455768585 0.007234347052872181
v 6.988250116697042e-18 0.28999999165534973 2.270620087239952e-18
v -2.0964750350091127e-17 -0.28999999165534973 6.8118600549247034e-18
v 0.022265030071139336 -0.2876942455768585 -0.007234347052872181
v 0.04367442801594734 -0.28086555004119873 -0.014190682210028172
v 0.06340543925762177 -0.2697763442993164 -0.020601676777005196
v 0.08069982379674911 -0.2548528015613556 -0.026220960542559624
v 0.0948929488658905 -0.2366684228181839 -0.03083258867263794
v 0.10543939471244812 -0.215922012925148 -0.034259337931871414
v 0.1119338646531105 -0.19341084361076355 -0.03636951744556427
v 0.1141267791390419 -0.17000000178813934 -0.037082038819789886
v 0.1141267791390419 0.17000000178813934 -0.037082038819789886
v 0.1119338646531105 0.19341084361076355 -0.03636951744556427
v 0.10543939471244812 0.215922012925148 -0.034259337931871414
v 0.0948929488658905 0.2366684228181839 -0.03083258867263794
v 0.08069982379674911 0.2548528015613556 -0.026220960542559624
v 0.06340543925762177 0.2697763442993164 -0.020601676777005196
v 0.04367442801594734 0.28086555004119873 -0.014190682210028172
v 0.022265030071139336 0.2876942455768585 -0.007234347052872181
v 6.988250116697042e-18 0.28999999165534973 -2.270620087239952e-18
v -1.2956928163709186e-17 -0.28999999165534973 1.783368148003703e-17
v 0.013760545291006565 -0.2876942455768585 -0.01893976703286171
v 0.026992281898856163 -0.28086555004119873 -0.03715168684720993
v 0.03918671980500221 -0.2697763442993164 -0.05393589287996292
v 0.04987523332238197 -0.2548528015613556 -0.0686473697423935
v 0.058647070080041885 -0.2366684228181839 -0.08072076737880707
v 0.06516513228416443 -0.215922012925148 -0.08969210833311081
v 0.06917893141508102 -0.19341084361076355 -0.09521663188934326
v 0.07053422927856445 -0.17000000178813934 -0.09708204120397568
v 0.07053422927856445 0.17000000178813934 -0.09708204120397568
v 0.06917893141508102 0.19341084361076355 -0.09521663188934326
v 0.06516513228416443 0.215922012925148 -0.08969210833311081
v 0.058647070080041885 0.2366684228181839 -0.08072076737880707
v 0.04987523332238197 0.2548528015613556 -0.0686473697423935
v 0.03918671980500221 0.2697763442993164 -0.05393589287996292
v 0.026992281898856163 0.28086555004119873 -0.03715168684720993
v 0.013760545291006565 0.2876942455768585 -0.01893976703286171
v 4.318975916706293e-18 0.28999999165534973 -5.944560355482241e-18
v -2.6995675923855084e-33 -0.28999999165534973 2.204364202304404e-17
v 2.867000765278434e-18 -0.2876942455768585 -0.023410838097333908
v 5.623824381687255e-18 -0.28086555004119873 -0.04592201113700867
v 8.16452741752705e-18 -0.2697763442993164 -0.06666842848062515
v 1.0391472988809661e-17 -0.2548528015613556 -0.08485281467437744
v 1.2219078921408823e-17 -0.2366684228181839 -0.09977634996175766
v 1.3577113445415719e-17 -0.215922012925148 -0.11086554080247879
v 1.4413387254442542e-17 -0.19341084361076355 -0.11769423633813858
v 1.469576190014977e-17 -0.17000000178813934 -0.11999999731779099
v 1.469576190014977e-17 0.17000000178813934 -0.11999999731779099
v 1.4413387254442542e-17 0.19341084361076355 -0.11769423633813858
v 1.3577113445415719e-17 0.215922012925148 -0.11086554080247879
v 1.2219078921408823e-17 0.2366684228181839 -0.09977634996175766
v 1.0391472988809661e-17 0.2548528015613556 -0.08485281467437744
v 8.16452741752705e-18 0.2697763442993164 -0.06666842848062515
v 5.623824381687255e-18 0.28086555004119873 -0.04592201113700867
v 2.867000765278434e-18 0.2876942455768585 -0.023410838097333908
v 8.998558947403348e-34 0.28999999165534973 -7.347880950074885e-18
v 1.2956928163709186e-17 -0.28999999165534973 1.783368148003703e-17
v -0.013760545291006565 -0.2876942455768585 -0.01893976703286171
v -0.026992281898856163 -0.28086555004119873 -0.03715168684720993
v -0.03918671980500221 -0.2697763442993164 -0.05393589287996292
v -0.04987523332238197 -0.2548528015613556 -0.0686473697423935
v -0.058647070080041885 -0.2366684228181839 -0.08072076737880707
v -0.06516513228416443 -0.215922012925148 -0.08969210833311081
v -0.06917893141508102 -0.19341084361076355 -0.09521663188934326
v -0.07053422927856445 -0.17000000178813934 -0.09708204120397568
v -0.07053422927856445 0.17000000178813934 -0.09708204120397568
v -0.06917893141508102 0.19341084361076355 -0.09521663188934326
v -0.06516513228416443 0.215922012925148 -0.08969210833311081
v -0.058647070080041885 0.2366684228181839 -0.08072076737880707
v -0.04987523332238197 0.2548528015613556 -0.0686473697423935
v -0.03918671980500221 0.2697763442993164 -0.05393589287996292
v -0.026992281898856163 0.28086555004119873 -0.03715168684720993
v -0.013760545291006565 0.2876942455768585 -0.01893976703286171
v -4.318975916706293e-18 0.28999999165534973 -5.944560355482241e-18
v 2.0964750350091127e-17 -0.28999999165534973 6.8118600549247034e-18
v -0.022265030071139336 -0.2876942455768585 -0.007234347052872181
v -0.04367442801594734 -0.28086555004119873 -0.014190682210028172
v -0.06340543925762177 -0.2697763442993164 -0.020601676777005196
v -0.08069982379674911 -0.2548528015613556 -0.026220960542559624
v -0.0948929488658905 -0.2366684228181839 -0.03083258867263794
v -0.10543939471244812 -0.215922012925148 -0.034259337931871414
v -0.1119338646531105 -0.19341084361076355 -0.03636951744556427
v -0.1141267791390419 -0.17000000178813934 -0.037082038819789886
v -0.1141267791390419 0.17000000178813934 -0.037082038819789886
v -0.1119338646531105 0.19341084361076355 -0.03636951744556427
v -0.10543939471244812 0.215922012925148 -0.034259337931871414
v -0.0948929488658905 0.2366684228181839 -0.03083258867263794
v -0.08069982379674911 0.2548528015613556 -0.026220960542559624
v -0.06340543925762177 0.2697763442993164 -0.020601676777005196
v -0.04367442801594734 0.28086555004119873 -0.014190682210028172
v -0.022265030071139336 0.2876942455768585 -0.007234347052872181
v -6.988250116697042e-18 0.28999999165534973 -2.270620087239952e-18
v 2.0964750350091127e-17 -0.28999999165534973 -6.8118600549247034e-18
v -0.022265030071139336 -0.2876942455768585 0.007234347052872181
v -0.04367442801594734 -0.28086555004119873 0.014190682210028172
v -0.06340543925762177 -0.2697763442993164 0.020601676777005196
v -0.08069982379674911 -0.2548528015613556 0.026220960542559624
v -0.0948929488658905 -0.2366684228181839 0.03083258867263794
v -0.10543939471244812 -0.215922012925148 0.034259337931871414
v -0.1119338646531105 -0.19341084361076355 0.03636951744556427
v -0.1141267791390419 -0.17000000178813934 0.037082038819789886
v -0.1141267791390419 0.17000000178813934 0.037082038819789886
v -0.1119338646531105 0.19341084361076355 0.03636951744556427
v -0.10543939471244812 0.215922012925148 0.034259337931871414
v -0.0948929488658905 0.2366684228181839 0.03083258867263794
v -0.08069982379674911 0.2548528015613556 0.026220960542559624
v -0.06340543925762177 0.2697763442993164 0.020601676777005196
v -0.04367442801594734 0.28086555004119873 0.014190682210028172
v -0.022265030071139336 0.2876942455768585 0.007234347052872181
v -6.988250116697042e-18 0.28999999165534973 2.270620087239952e-18
v 1.2956928163709186e-17 -0.28999999165534973 -1.783368148003703e-17
v -0.013760545291006565 -0.2876942455768585 0.01893976703286171
v -0.026992281898856163 -0.28086555004119873 0.03715168684720993
v -0.03918671980500221 -0.2697763442993164 0.05393589287996292
v -0.04987523332238197 -0.2548528015613556 0.0686473697423935
v -0.058647070080041885 -0.2366684228181839 0.08072076737880707
v -0.06516513228416443 -0.215922012925148 0.08969210833311081
v -0.06917893141508102 -0.19341084361076355 0.09521663188934326
v -0.07053422927856445 -0.17000000178813934 0.09708204120397568
v -0.07053422927856445 0.17000000178813934 0.09708204120397568
v -0.06917893141508102 0.19341084361076355 0.09521663188934326
v -0.06516513228416443 0.215922012925148 0.08969210833311081
v -0.058647070080041885 0.2366684228181839 0.08072076737880707
v -0.04987523332238197 0.2548528015613556 0.0686473697423935
v -0.03918671980500221 0.2697763442993164 0.05393589287996292
v -0.026992281898856163 0.28086555004119873 0.03715168684720993
v -0.013760545291006565 0.2876942455768585 0.01893976703286171
v -4.318975916706293e-18 0.28999999165534973 5.944560355482241e-18
v 5.399135184771017e-33 -0.28999999165534973 -2.204364202304404e-17
v -5.734001530556868e-18 -0.2876942455768585 0.023410838097333908
v -1.124764876337451e-17 -0.28086555004119873 0.04592201113700867
v -1.63290548350541e-17 -0.2697763442993164 0.06666842848062515
v -2.0782945977619322e-17 -0.2548528015613556 0.08485281467437744
v -2.4438157842817645e-17 -0.2366684228181839 0.09977634996175766
v -2.7154226890831438e-17 -0.215922012925148 0.11086554080247879
v -2.8826774508885084e-17 -0.19341084361076355 0.11769423633813858
v -2.939152380029954e-17 -0.17000000178813934 0.11999999731779099
v -2.939152380029954e-17 0.17000000178813934 0.11999999731779099
v -2.8826774508885084e-17 0.19341084361076355 0.11769423633813858
v -2.7154226890831438e-17 0.215922012925148 0.11086554080247879
v -2.4438157842817645e-17 0.2366684228181839 0.09977634996175766
v -2.0782945977619322e-17 0.2548528015613556 0.08485281467437744
v -1.63290548350541e-17 0.2697763442993164 0.06666842848062515
v -1.124764876337451e-17 0.28086555004119873 0.04592201113700867
v -5.734001530556868e-18 0.2876942455768585 0.023410838097333908
v -1.7997117894806697e-33 0.28999999165534973 7.347880950074885e-18
vt 0 0
vt 0 0.05882352963089943
vt 0 0.11764705926179886
vt 0 0.1764705926179886
vt 0 0.23529411852359772
vt 0 0.29411765933036804
vt 0 0.3529411852359772
vt 0 0.4117647111415863
vt 0 0.47058823704719543
vt 0 0.529411792755127
vt 0 0.5882353186607361
vt 0 0.6470588445663452
vt 0 0.7058823704719543
vt 0 0.7647058963775635
vt 0 0.8235294222831726
vt 0 0.8823529481887817
vt 0 0.9411764740943909
vt 0 1
vt 0.10000000149011612 0
vt 0.10000000149011612 0.05882352963089943
vt 0.10000000149011612 0.11764705926179886
vt 0.10000000149011612 0.1764705926179886
vt 0.10000000149011612 0.23529411852359772
vt 0.10000000149011612 0.29411765933036804
vt 0.10000000149011612 0.3529411852359772
vt 0.10000000149011612 0.4117647111415863
vt 0.10000000149011612 0.47058823704719543
vt 0.10000000149011612 0.529411792755127
vt 0.10000000149011612 0.5882353186607361
vt 0.10000000149011612 0.6470588445663452
vt 0.10000000149011612 0.7058823704719543
vt 0.10000000149011612 0.7647058963775635
vt 0.10000000149011612 0.8235294222831726
vt 0.10000000149011612 0.8823529481887817
vt 0.10000000149011612 0.9411764740943909
vt 0.10000000149011612 1
vt 0.20000000298023224 0
vt 0.20000000298023224 0.05882352963089943
vt 0.20000000298023224 0.11764705926179886
vt 0.20000000298023224 0.1764705926179886
vt 0.20000000298023224 0.23529411852359772
vt 0.20000000298023224 0.29411765933036804
vt 0.20000000298023224 0.3529411852359772
vt 0.20000000298023224 0.4117647111415863
vt 0.20000000298023224 0.47058823704719543
vt 0.20000000298023224 0.529411792755127
vt 0.20000000298023224 0.5882353186607361
vt 0.20000000298023224 0.6470588445663452
vt 0.20000000298023224 0.7058823704719543
vt 0.20000000298023224 0.7647058963775635
vt 0.20000000298023224 0.8235294222831726
vt 0.20000000298023224 0.8823529481887817
vt 0.20000000298023224 0.9411764740943909
vt 0.20000000298023224 1
vt 0.30000001192092896 0
vt 0.30000001192092896 0.05882352963089943
vt 0.30000001192092896 0.11764705926179886
vt 0.30000001192092896 0.1764705926179886
vt 0.30000001192092896 0.23529411852359772
vt 0.30000001192092896 0.29411765933036804
vt 0.30000001192092896 0.3529411852359772
vt 0.30000001192092896 0.4117647111415863
vt 0.30000001192092896 0.47058823704719543
vt 0.30000001192092896 0.529411792755127
vt 0.30000001192092896 0.5882353186607361
vt 0.30000001192092896 0.6470588445663452
vt 0.30000001192092896 0.7058823704719543
vt 0.30000001192092896 0.7647058963775635
vt 0.30000001192092896 0.8235294222831726
vt 0.30000001192092896 0.8823529481887817
vt 0.30000001192092896 0.9411764740943909
vt 0.30000001192092896 1
vt 0.4000000059604645 0
vt 0.4000000059604645 0.05882352963089943
vt 0.4000000059604645 0.11764705926179886
vt 0.4000000059604645 0.1764705926179886
vt 0.4000000059604645 0.23529411852359772
vt 0.4000000059604645 0.29411765933036804
vt 0.4000000059604645 0.3529411852359772
vt 0.4000000059604645 0.4117647111415863
vt 0.4000000059604645 0.47058823704719543
vt 0.4000000059604645 0.529411792755127
vt 0.4000000059604645 0.5882353186607361
vt 0.4000000059604645 0.6470588445663452
vt 0.4000000059604645 0.7058823704719543
vt 0.4000000059604645 0.7647058963775635
vt 0.4000000059604645 0.8235294222831726
vt 0.4000000059604645 0.8823529481887817
vt 0.4000000059604645 0.9411764740943909
vt 0.4000000059604645 1
vt 0.5 0
vt 0.5 0.05882352963089943
vt 0.5 0.11764705926179886
vt 0.5 0.1764705926179886
vt 0.5 0.23529411852359772
vt 0.5 0.29411765933036804
vt 0.5 0.3529411852359772
vt 0.5 0.4117647111415863
vt 0.5 0.47058823704719543
vt 0.5 0.529411792755127
vt 0.5 0.5882353186607361
vt 0.5 0.6470588445663452
vt 0.5 0.7058823704719543
vt 0.5 0.7647058963775635
vt 0.5 0.8235294222831726
vt 0.5 0.8823529481887817
vt 0.5 0.9411764740943909
vt 0.5 1
vt 0.6000000238418579 0
vt 0.6000000238418579 0.05882352963089943
vt 0.6000000238418579 0.11764705926179886
vt 0.6000000238418579 0.1764705926179886
vt 0.6000000238418579 0.23529411852359772
vt 0.6000000238418579 0.29411765933036804
vt 0.6000000238418579 0.3529411852359772
vt 0.6000000238418579 0.4117647111415863
vt 0.6000000238418579 0.47058823704719543
vt 0.6000000238418579 0.529411792755127
vt 0.6000000238418579 0.5882353186607361
vt 0.6000000238418579 0.6470588445663452
vt 0.6000000238418579 0.7058823704719543
vt 0.6000000238418579 0.7647058963775635
vt 0.6000000238418579 0.8235294222831726
vt 0.6000000238418579 0.8823529481887817
vt 0.6000000238418579 0.9411764740943909
vt 0.6000000238418579 1
vt 0.699999988079071 0
vt 0.699999988079071 0.05882352963089943
vt 0.699999988079071 0.11764705926179886
vt 0.699999988079071 0.1764705926179886
vt 0.699999988079071 0.23529411852359772
vt 0.699999988079071 0.29411765933036804
vt 0.699999988079071 0.3529411852359772
vt 0.699999988079071 0.4117647111415863
vt 0.699999988079071 0.47058823704719543
vt 0.699999988079071 0.529411792755127
vt 0.699999988079071 0.5882353186607361
vt 0.699999988079071 0.6470588445663452
vt 0.699999988079071 0.7058823704719543
vt 0.699999988079071 0.7647058963775635
vt 0.699999988079071 0.8235294222831726
vt 0.699999988079071 0.8823529481887817
vt 0.699999988079071 0.9411764740943909
vt 0.699999988079071 1
vt 0.800000011920929 0
vt 0.800000011920929 0.05882352963089943
vt 0.800000011920929 0.11764705926179886
vt 0.800000011920929 0.1764705926179886
vt 0.800000011920929 0.23529411852359772
vt 0.800000011920929 0.29411765933036804
vt 0.800000011920929 0.3529411852359772
vt 0.800000011920929 0.4117647111415863
vt 0.800000011920929 0.47058823704719543
vt 0.800000011920929 0.529411792755127
vt 0.800000011920929 0.5882353186607361
vt 0.800000011920929 0.6470588445663452
vt 0.800000011920929 0.7058823704719543
vt 0.800000011920929 0.7647058963775635
vt 0.800000011920929 0.8235294222831726
vt 0.800000011920929 0.8823529481887817
vt 0.800000011920929 0.9411764740943909
vt 0.800000011920929 1
vt 0.8999999761581421 0
vt 0.8999999761581421 0.05882352963089943
vt 0.8999999761581421 0.11764705926179886
vt 0.8999999761581421 0.1764705926179886
vt 0.8999999761581421 0.23529411852359772
vt 0.8999999761581421 0.29411765933036804
vt 0.8999999761581421 0.3529411852359772
vt 0.8999999761581421 0.4117647111415863
vt 0.8999999761581421 0.47058823704719543
vt 0.8999999761581421 0.529411792755127
vt 0.8999999761581421 0.5882353186607361
vt 0.8999999761581421 0.6470588445663452
vt 0.8999999761581421 0.7058823704719543
vt 0.8999999761581421 0.7647058963775635
vt 0.8999999761581421 0.8235294222831726
vt 0.8999999761581421 0.8823529481887817
vt 0.8999999761581421 0.9411764740943909
vt 0.8999999761581421 1
vt 1 0
vt 1 0.05882352963089943
vt 1 0.11764705926179886
vt 1 0.1764705926179886
vt 1 0.23529411852359772
vt 1 0.29411765933036804
vt 1 0.3529411852359772
vt 1 0.4117647111415863
vt 1 0.47058823704719543
vt 1 0.529411792755127
vt 1 0.5882353186607361
vt 1 0.6470588445663452
vt 1 0.7058823704719543
vt 1 0.7647058963775635
vt 1 0.8235294222831726
vt 1 0.8823529481887817
vt 1 0.9411764740943909
vt 1 1
vn 0 -0.9951847265167456 0.09801714190788421
vn 0 -0.9807852789517083 0.19509032931342324
vn 0 -0.9238795305660377 0.3826834370613369
vn 0 -0.8314696016585884 0.555570248949409
vn 0 -0.7071067811865476 0.7071067811865476
vn 0 -0.555570248949409 0.8314696016585884
vn 0 -0.3826834370613369 0.9238795305660377
vn 0 -0.19509032931342324 0.9807852789517083
vn 0 -0.006344664961049603 0.9999798724107061
vn 0 0.006344664961049603 0.9999798724107061
vn 0 0.19509032931342324 0.9807852789517083
vn 0 0.3826834370613369 0.9238795305660377
vn 0 0.555570248949409 0.8314696016585884
vn 0 0.7071067811865476 0.7071067811865476
vn 0 0.8314696016585884 0.555570248949409
vn 0 0.9238795305660377 0.3826834370613369
vn 0 0.9807852789517083 0.19509032931342324
vn 0 0.9951847265196706 0.09801714187818585
vn 0.05761303046890084 -0.9951847263488794 0.07929753566218546
vn 0.11467121874698477 -0.9807852791622833 0.15783139031777935
vn 0.22493568619107826 -0.9238795270537845 0.30959741046821454
vn 0.3265560021464657 -0.8314696081968067 0.4494657585480415
vn 0.41562694178321036 -0.7071067668252459 0.5720614176588762
vn 0.48872557037233416 -0.5555702420015914 0.672673043213811
vn 0.5430427694235064 -0.38268341941514195 0.7474342453230138
vn 0.5764911317597378 -0.19509032851987904 0.7934719520691215
vn 0.5877734257575213 -0.006344664663665523 0.8090007077892908
vn 0.5877734257575213 0.006344664663665523 0.8090007077892908
vn 0.5764911317597378 0.19509032851987904 0.7934719520691215
vn 0.5430427694235064 0.38268341941514195 0.7474342453230138
vn 0.48872557037233416 0.5555702420015914 0.672673043213811
vn 0.41562694178321036 0.7071067668252459 0.5720614176588762
vn 0.3265560021464657 0.8314696081968067 0.4494657585480415
vn 0.22493568619107826 0.9238795270537845 0.30959741046821454
vn 0.11467121874698477 0.9807852791622833 0.15783139031777935
vn 0.05761302927154826 0.9951847264455023 0.07929753531949624
vn 0.09321983970303374 -0.9951847266786052 0.030288962863900263
vn 0.18554193303865749 -0.9807852782790393 0.060286225585834116
vn 0.36395357170073417 -0.9238795324059993 0.11825568589945505
vn 0.5283786797648593 -0.8314696179628451 0.17168064880662698
vn 0.6724985254555338 -0.7071067704166476 0.21850800555373517
vn 0.790774582614927 -0.5555702439449209 0.256938248482333
vn 0.878661647790497 -0.38268343278472655 0.28549448151266615
vn 0.932782235312015 -0.19509032422006142 0.3030793079080657
vn 0.9510373714979374 -0.006344665003210583 0.30901078175411795
vn 0.9510373714979374 0.006344665003210583 0.30901078175411795
vn 0.932782235312015 0.19509032422006142 0.3030793079080657
vn 0.878661647790497 0.38268343278472655 0.28549448151266615
vn 0.790774582614927 0.5555702439449209 0.256938248482333
vn 0.6724985254555338 0.7071067704166476 0.21850800555373517
vn 0.5283786797648593 0.8314696179628451 0.17168064880662698
vn 0.36395357170073417 0.9238795324059993 0.11825568589945505
vn 0.18554193303865749 0.9807852782790393 0.060286225585834116
vn 0.0932198382298076 0.9951847268452756 0.030288961921840284
vn 0.09321983970303374 -0.9951847266786052 -0.030288962863900263
vn 0.18554193303865749 -0.9807852782790393 -0.060286225585834116
vn 0.36395357170073417 -0.9238795324059993 -0.11825568589945505
vn 0.5283786797648593 -0.8314696179628451 -0.17168064880662698
vn 0.6724985254555338 -0.7071067704166476 -0.21850800555373517
vn 0.790774582614927 -0.5555702439449209 -0.256938248482333
vn 0.878661647790497 -0.38268343278472655 -0.28549448151266615
vn 0.932782235312015 -0.19509032422006142 -0.3030793079080657
vn 0.9510373714979374 -0.006344665003210583 -0.30901078175411795
vn 0.9510373714979374 0.006344665003210583 -0.30901078175411795
vn 0.932782235312015 0.19509032422006142 -0.3030793079080657
vn 0.878661647790497 0.38268343278472655 -0.28549448151266615
vn 0.790774582614927 0.5555702439449209 -0.256938248482333
vn 0.6724985254555338 0.7071067704166476 -0.21850800555373517
vn 0.5283786797648593 0.8314696179628451 -0.17168064880662698
vn 0.36395357170073417 0.9238795324059993 -0.11825568589945505
vn 0.18554193303865749 0.9807852782790393 -0.060286225585834116
vn 0.0932198382298076 0.9951847268452756 -0.030288961921840284
vn 0.05761303046890084 -0.9951847263488794 -0.07929753566218546
vn 0.11467121874698477 -0.9807852791622833 -0.15783139031777935
vn 0.22493568619107826 -0.9238795270537845 -0.30959741046821454
vn 0.3265560021464657 -0.8314696081968067 -0.4494657585480415
vn 0.41562694178321036 -0.7071067668252459 -0.5720614176588762
vn 0.48872557037233416 -0.5555702420015914 -0.672673043213811
vn 0.5430427694235064 -0.38268341941514195 -0.7474342453230138
vn 0.5764911317597378 -0.19509032851987904 -0.7934719520691215
vn 0.5877734257575213 -0.006344664663665523 -0.8090007077892908
vn 0.5877734257575213 0.006344664663665523 -0.8090007077892908
vn 0.5764911317597378 0.19509032851987904 -0.7934719520691215
vn 0.5430427694235064 0.38268341941514195 -0.7474342453230138
vn 0.48872557037233416 0.5555702420015914 -0.672673043213811
vn 0.41562694178321036 0.7071067668252459 -0.5720614176588762
vn 0.3265560021464657 0.8314696081968067 -0.4494657585480415
vn 0.22493568619107826 0.9238795270537845 -0.30959741046821454
vn 0.11467121874698477 0.9807852791622833 -0.15783139031777935
vn 0.05761302927154826 0.9951847264455023 -0.07929753531949624
vn 1.2003638160387948e-17 -0.9951847265167456 -0.09801714190788421
vn 2.3891675042776736e-17 -0.9807852789517083 -0.19509032931342324
vn 4.686520603449003e-17 -0.9238795305660377 -0.3826834370613369
vn 6.803773009178756e-17 -0.8314696016585884 -0.555570248949409
vn 8.659560751628624e-17 -0.7071067811865476 -0.7071067811865476
vn 1.018256628525395e-16 -0.555570248949409 -0.8314696016585884
vn 1.131426144463939e-16 -0.3826834370613369 -0.9238795305660377
vn 1.2011156502087048e-16 -0.19509032931342324 -0.9807852789517083
vn 1.2246221263408907e-16 -0.006344664961049603 -0.9999798724107061
vn 1.2246221263408907e-16 0.006344664961049603 -0.9999798724107061
vn 1.2011156502087048e-16 0.19509032931342324 -0.9807852789517083
vn 1.131426144463939e-16 0.3826834370613369 -0.9238795305660377
vn 1.018256628525395e-16 0.555570248949409 -0.8314696016585884
vn 8.659560751628624e-17 0.7071067811865476 -0.7071067811865476
vn 6.803773009178756e-17 0.8314696016585884 -0.555570248949409
vn 4.686520603449003e-17 0.9238795305660377 -0.3826834370613369
vn 2.3891675042776736e-17 0.9807852789517083 -0.19509032931342324
vn 1.200363764723071e-17 0.9951847265196706 -0.09801714187818585
vn -0.05761303046890084 -0.9951847263488794 -0.07929753566218546
vn -0.11467121874698477 -0.9807852791622833 -0.15783139031777935
vn -0.22493568619107826 -0.9238795270537845 -0.30959741046821454
vn -0.3265560021464657 -0.8314696081968067 -0.4494657585480415
vn -0.41562694178321036 -0.7071067668252459 -0.5720614176588762
vn -0.48872557037233416 -0.5555702420015914 -0.672673043213811
vn -0.5430427694235064 -0.38268341941514195 -0.7474342453230138
vn -0.5764911317597378 -0.19509032851987904 -0.7934719520691215
vn -0.5877734257575213 -0.006344664663665523 -0.8090007077892908
vn -0.5877734257575213 0.006344664663665523 -0.8090007077892908
vn -0.5764911317597378 0.19509032851987904 -0.7934719520691215
vn -0.5430427694235064 0.38268341941514195 -0.7474342453230138
vn -0.48872557037233416 0.5555702420015914 -0.672673043213811
vn -0.41562694178321036 0.7071067668252459 -0.5720614176588762
vn -0.3265560021464657 0.8314696081968067 -0.4494657585480415
vn -0.22493568619107826 0.9238795270537845 -0.30959741046821454
vn -0.11467121874698477 0.9807852791622833 -0.15783139031777935
vn -0.05761302927154826 0.9951847264455023 -0.07929753531949624
vn -0.09321983970303374 -0.9951847266786052 -0.030288962863900263
vn -0.18554193303865749 -0.9807852782790393 -0.060286225585834116
vn -0.36395357170073417 -0.9238795324059993 -0.11825568589945505
vn -0.5283786797648593 -0.8314696179628451 -0.17168064880662698
vn -0.6724985254555338 -0.7071067704166476 -0.21850800555373517
vn -0.790774582614927 -0.5555702439449209 -0.256938248482333
vn -0.878661647790497 -0.38268343278472655 -0.28549448151266615
vn -0.932782235312015 -0.19509032422006142 -0.3030793079080657
vn -0.9510373714979374 -0.006344665003210583 -0.30901078175411795
vn -0.9510373714979374 0.006344665003210583 -0.30901078175411795
vn -0.932782235312015 0.19509032422006142 -0.3030793079080657
vn -0.878661647790497 0.38268343278472655 -0.28549448151266615
vn -0.790774582614927 0.5555702439449209 -0.256938248482333
vn -0.6724985254555338 0.7071067704166476 -0.21850800555373517
vn -0.5283786797648593 0.8314696179628451 -0.17168064880662698
vn -0.36395357170073417 0.9238795324059993 -0.11825568589945505
vn -0.18554193303865749 0.9807852782790393 -0.060286225585834116
vn -0.0932198382298076 0.9951847268452756 -0.030288961921840284
vn -0.09321983970303374 -0.9951847266786052 0.030288962863900263
vn -0.18554193303865749 -0.9807852782790393 0.060286225585834116
vn -0.36395357170073417 -0.9238795324059993 0.11825568589945505
vn -0.5283786797648593 -0.8314696179628451 0.17168064880662698
vn -0.6724985254555338 -0.7071067704166476 0.21850800555373517
vn -0.790774582614927 -0.5555702439449209 0.256938248482333
vn -0.878661647790497 -0.38268343278472655 0.28549448151266615
vn -0.932782235312015 -0.19509032422006142 0.3030793079080657
vn -0.9510373714979374 -0.006344665003210583 0.30901078175411795
vn -0.9510373714979374 0.006344665003210583 0.30901078175411795
vn -0.932782235312015 0.19509032422006142 0.3030793079080657
vn -0.878661647790497 0.38268343278472655 0.28549448151266615
vn -0.790774582614927 0.5555702439449209 0.256938248482333
vn -0.6724985254555338 0.7071067704166476 0.21850800555373517
vn -0.5283786797648593 0.8314696179628451 0.17168064880662698
vn -0.36395357170073417 0.9238795324059993 0.11825568589945505
vn -0.18554193303865749 0.9807852782790393 0.060286225585834116
vn -0.0932198382298076 0.9951847268452756 0.030288961921840284
vn -0.05761303046890084 -0.9951847263488794 0.07929753566218546
vn -0.11467121874698477 -0.9807852791622833 0.15783139031777935
vn -0.22493568619107826 -0.9238795270537845 0.30959741046821454
vn -0.3265560021464657 -0.8314696081968067 0.4494657585480415
vn -0.41562694178321036 -0.7071067668252459 0.5720614176588762
vn -0.48872557037233416 -0.5555702420015914 0.672673043213811
vn -0.5430427694235064 -0.38268341941514195 0.7474342453230138
vn -0.5764911317597378 -0.19509032851987904 0.7934719520691215
vn -0.5877734257575213 -0.006344664663665523 0.8090007077892908
vn -0.5877734257575213 0.006344664663665523 0.8090007077892908
vn -0.5764911317597378 0.19509032851987904 0.7934719520691215
vn -0.5430427694235064 0.38268341941514195 0.7474342453230138
vn -0.48872557037233416 0.5555702420015914 0.672673043213811
vn -0.41562694178321036 0.7071067668252459 0.5720614176588762
vn -0.3265560021464657 0.8314696081968067 0.4494657585480415
vn -0.22493568619107826 0.9238795270537845 0.30959741046821454
vn -0.11467121874698477 0.9807852791622833 0.15783139031777935
vn -0.05761302927154826 0.9951847264455023 0.07929753531949624
vn -2.4007276320775896e-17 -0.9951847265167456 0.09801714190788421
vn -4.778335008555347e-17 -0.9807852789517083 0.19509032931342324
vn -9.373041206898005e-17 -0.9238795305660377 0.3826834370613369
vn -1.3607546018357512e-16 -0.8314696016585884 0.555570248949409
vn -1.7319121503257247e-16 -0.7071067811865476 0.7071067811865476
vn -2.03651325705079e-16 -0.555570248949409 0.8314696016585884
vn -2.262852288927878e-16 -0.3826834370613369 0.9238795305660377
vn -2.4022313004174096e-16 -0.19509032931342324 0.9807852789517083
vn -2.4492442526817813e-16 -0.006344664961049603 0.9999798724107061
vn -2.4492442526817813e-16 0.006344664961049603 0.9999798724107061
vn -2.4022313004174096e-16 0.19509032931342324 0.9807852789517083
vn -2.262852288927878e-16 0.3826834370613369 0.9238795305660377
vn -2.03651325705079e-16 0.555570248949409 0.8314696016585884
vn -1.7319121503257247e-16 0.7071067811865476 0.7071067811865476
vn -1.3607546018357512e-16 0.8314696016585884 0.555570248949409
vn -9.373041206898005e-17 0.9238795305660377 0.3826834370613369
vn -4.778335008555347e-17 0.9807852789517083 0.19509032931342324
vn -2.400727529446142e-17 0.9951847265196706 0.09801714187818585
f 25/25/25 43/43/43 26/26/26
f 44/44/44 26/26/26 43/43/43
f 26/26/26 44/44/44 27/27/27
f 45/45/45 27/27/27 44/44/44
f 27/27/27 45/45/45 28/28/28
f 46/46/46 28/28/28 45/45/45
f 28/28/28 46/46/46 29/29/29
f 47/47/47 29/29/29 46/46/46
f 29/29/29 47/47/47 30/30/30
f 48/48/48 30/30/30 47/47/47
f 30/30/30 48/48/48 31/31/31
f 49/49/49 31/31/31 48/48/48
f 31/31/31 49/49/49 32/32/32
f 50/50/50 32/32/32 49/49/49
f 32/32/32 50/50/50 33/33/33
f 51/51/51 33/33/33 50/50/50
f 33/33/33 51/51/51 34/34/34
f 52/52/52 34/34/34 51/51/51
f 34/34/34 52/52/52 35/35/35
f 53/53/53 35/35/35 52/52/52
f 35/35/35 53/53/53 36/36/36
f 54/54/54 36/36/36 53/53/53
f 36/36/36 54/54/54 37/37/37
f 55/55/55 37/37/37 54/54/54
f 37/37/37 55/55/55 38/38/38
f 56/56/56 38/38/38 55/55/55
f 38/38/38 56/56/56 39/39/39
f 57/57/57 39/39/39 56/56/56
f 39/39/39 57/57/57 40/40/40
f 58/58/58 40/40/40 57/57/57
f 40/40/40 58/58/58 41/41/41
f 59/59/59 41/41/41 58/58/58
f 41/41/41 59/59/59 42/42/42
f 60/60/60 42/42/42 59/59/59
f 43/43/43 61/61/61 44/44/44
f 62/62/62 44/44/44 61/61/61
f 44/44/44 62/62/62 45/45/45
f 63/63/63 45/45/45 62/62/62
f 45/45/45 63/63/63 46/46/46
f 64/64/64 46/46/46 63/63/63
f 46/46/46 64/64/64 47/47/47
f 65/65/65 47/47/47 64/64/64
f 47/47/47 65/65/65 48/48/48
f 66/66/66 48/48/48 65/65/65
f 48/48/48 66/66/66 49/49/49
f 67/67/67 49/49/49 66/66/66
f 49/49/49 67/67/67 50/50/50
f 68/68/68 50/50/50 67/67/67
f 50/50/50 68/68/68 51/51/51
f 69/69/69 51/51/51 68/68/68
f 51/51/51 69/69/69 52/52/52
f 70/70/70 52/52/52 69/69/69
f 52/52/52 70/70/70 53/53/53
f 71/71/71 53/53/53 70/70/70
f 53/53/53 71/71/71 54/54/54
f 72/72/72 54/54/54 71/71/71
f 54/54/54 72/72/72 55/55/55
f 73/73/73 55/55/55 72/72/72
f 55/55/55 73/73/73 56/56/56
f 74/74/74 56/56/56 73/73/73
f 56/56/56 74/74/74 57/57/57
f 75/75/75 57/57/57 74/74/74
f 57/57/57 75/75/75 58/58/58
f 76/76/76 58/58/58 75/75/75
f 58/58/58 76/76/76 59/59/59
f 77/77/77 59/59/59 76/76/76
f 59/59/59 77/77/77 60/60/60
f 78/78/78 60/60/60 77/77/77
f 61/61/61 79/79/79 62/62/62
f 80/80/80 62/62/62 79/79/79
f 62/62/62 80/80/80 63/63/63
f 81/81/81 63/63/63 80/80/80
f 63/63/63 81/81/81 64/64/64
f 82/82/82 64/64/64 81/81/81
f 64/64/64 82/82/82 65/65/65
f 83/83/83 65/65/65 82/82/82
f 65/65/65 83/83/83 66/66/66
f 84/84/84 66/66/66 83/83/83
f 66/66/66 84/84/84 67/67/67
f 85/85/85 67/67/67 84/84/84
f 67/67/67 85/85/85 68/68/68
f 86/86/86 68/68/68 85/85/85
f 68/68/68 86/86/86 69/69/69
f 87/87/87 69/69/69 86/86/86
f 69/69/69 87/87/87 70/70/70
f 88/88/88 70/70/70 87/87/87
f 70/70/70 88/88/88 71/71/71
f 89/89/89 71/71/71 88/88/88
f 71/71/71 89/89/89 72/72/72
f 90/90/90 72/72/72 89/89/89
f 72/72/72 90/90/90 73/73/73
f 91/91/91 73/73/73 90/90/90
f 73/73/73 91/91/91 74/74/74
f 92/92/92 74/74/74 91/91/91
f 74/74/74 92/92/92 75/75/75
f 93/93/93 75/75/75 92/92/92
f 75/75/75 93/93/93 76/76/76
f 94/94/94 76/76/76 93/93/93
f 76/76/76 94/94/94 77/77/77
f 95/95/95 77/77/77 94/94/94
f 77/77/77 95/95/95 78/78/78
f 96/96/96 78/78/78 95/95/95
f 79/79/79 97/97/97 80/80/80
f 98/98/98 80/80/80 97/97/97
f 80/80/80 98/98/98 81/81/81
f 99/99/99 81/81/81 98/98/98
f 81/81/81 99/99/99 82/82/82
f 100/100/100 82/82/82 99/99/99
f 82/82/82 100/100/100 83/83/83
f 101/101/101 83/83/83 100/100/100
f 83/83/83 101/101/101 84/84/84
f 102/102/102 84/84/84 101/101/101
f 84/84/84 102/102/102 85/85/85
f 103/103/103 85/85/85 102/102/102
f 85/85/85 103/103/103 86/86/86
f 104/104/104 86/86/86 103/103/103
f 86/86/86 104/104/104 87/87/87
f 105/105/105 87/87/87 104/104/104
f 87/87/87 105/105/105 88/88/88
f 106/106/106 88/88/88 105/105/105
f 88/88/88 106/106/106 89/89/89
f 107/107/107 89/89/89 106/106/106
f 89/89/89 107/107/107 90/90/90
f 108/108/108 90/90/90 107/107/107
f 90/90/90 108/108/108 91/91/91
f 109/109/109 91/91/91 108/108/108
f 91/91/91 109/109/109 92/92/92
f 110/110/110 92/92/92 109/109/109
f 92/92/92 110/110/110 93/93/93
f 111/111/111 93/93/93 110/110/110
f 93/93/93 111/111/111 94/94/94
f 112/112/112 94/94/94 111/111/111
f 94/94/94 112/112/112 95/95/95
f 113/113/113 95/95/95 112/112/112
f 95/95/95 113/113/113 96/96/96
f 114/114/114 96/96/96 113/113/113
f 97/97/97 115/115/115 98/98/98
f 116/116/116 98/98/98 115/115/115
f 98/98/98 116/116/116 99/99/99
f 117/117/117 99/99/99 116/116/116
f 99/99/99 117/117/117 100/100/100
f 118/118/118 100/100/100 117/117/117
f 100/100/100 118/118/118 101/101/101
f 119/119/119 101/101/101 118/118/118
f 101/101/101 119/119/119 102/102/102
f 120/120/120 102/102/102 119/119/119
f 102/102/102 120/120/120 103/103/103
f 121/121/121 103/103/103 120/120/120
f 103/103/103 121/121/121 104/104/104
f 122/122/122 104/104/104 121/121/121
f 104/104/104 122/122/122 105/105/105
f 123/123/123 105/105/105 122/122/122
f 105/105/105 123/123/123 106/106/106
f 124/124/124 106/106/106 123/123/123
f 106/106/106 124/124/124 107/107/107
f 125/125/125 107/107/107 124/124/124
f 107/107/107 125/125/125 108/108/108
f 126/126/126 108/108/108 125/125/125
f 108/108/108 126/126/126 109/109/109
f 127/127/127 109/109/109 126/126/126
f 109/109/109 127/127/127 110/110/110
f 128/128/128 110/110/110 127/127/127
f 110/110/110 128/128/128 111/111/111
f 129/129/129 111/111/111 128/128/128
f 111/111/111 129/129/129 112/112/112
f 130/130/130 112/112/112 129/129/129
f 112/112/112 130/130/130 113/113/113
f 131/131/131 113/113/113 130/130/130
f 113/113/113 131/131/131 114/114/114
f 132/132/132 114/114/114 131/131/131
f 115/115/115 133/133/133 116/116/116
f 134/134/134 116/116/116 133/133/133
f 116/116/116 134/134/134 117/117/117
f 135/135/135 117/117/117 134/134/134
f 117/117/117 135/135/135 118/118/118
f 136/136/136 118/118/118 135/135/135
f 118/118/118 136/136/136 119/119/119
f 137/137/137 119/119/119 136/136/136
f 119/119/119 137/137/137 120/120/120
f 138/138/138 120/120/120 137/137/137
f 120/120/120 138/138/138 121/121/121
f 139/139/139 121/121/121 138/138/138
f 121/121/121 139/139/139 122/122/122
f 140/140/140 122/122/122 139/139/139
f 122/122/122 140/140/140 123/123/123
f 141/141/141 123/123/123 140/140/140
f 123/123/123 141/141/141 124/124/124
f 142/142/142 124/124/124 141/141/141
f 124/124/124 142/142/142 125/125/125
f 143/143/143 125/125/125 142/142/142
f 125/125/125 143/143/143 126/126/126
f 144/144/144 126/126/126 143/143/143
f 126/126/126 144/144/144 127/127/127
f 145/145/145 127/127/127 144/144/144
f 127/127/127 145/145/145 128/128/128
f 146/146/146 128/128/128 145/145/145
f 128/128/128 146/146/146 129/129/129
f 147/147/147 129/129/129 146/146/146
f 129/129/129 147/147/147 130/130/130
f 148/148/148 130/130/130 147/147/147
f 130/130/130 148/148/148 131/131/131
f 149/149/149 131/131/131 148/148/148
f 131/131/131 149/149/149 132/132/132
f 150/150/150 132/132/132 149/149/149
f 133/133/133 151/151/151 134/134/134
f 152/152/152 134/134/134 151/151/151
f 134/134/134 152/152/152 135/135/135
f 153/153/153 135/135/135 152/152/152
f 135/135/135 153/153/153 136/136/136
f 154/154/154 136/136/136 153/153/153
f 136/136/136 154/154/154 137/137/137
f 155/155/155 137/137/137 154/154/154
f 137/137/137 155/155/155 138/138/138
f 156/156/156 138/138/138 155/155/155
f 138/138/138 156/156/156 139/139/139
f 157/157/157 139/139/139 156/156/156
f 139/139/139 157/157/157 140/140/140
f 158/158/158 140/140/140 157/157/157
f 140/140/140 158/158/158 141/141/141
f 159/159/159 141/141/141 158/158/158
f 141/141/141 159/159/159 142/142/142
f 160/160/160 142/142/142 159/159/159
f 142/142/142 160/160/160 143/143/143
f 161/161/161 143/143/143 160/160/160
f 143/143/143 161/161/161 144/144/144
f 162/162/162 144/144/144 161/161/161
f 144/144/144 162/162/162 145/145/145
f 163/163/163 145/145/145 162/162/162
f 145/145/145 163/163/163 146/146/146
f 164/164/164 146/146/146 163/163/163
f 146/146/146 164/164/164 147/147/147
f 165/165/165 147/147/147 164/164/164
f 147/147/147 165/165/165 148/148/148
f 166/166/166 148/148/148 165/165/165
f 148/148/148 166/166/166 149/149/149
f 167/167/167 149/149/149 166/166/166
f 149/149/149 167/167/167 150/150/150
f 168/168/168 150/150/150 167/167/167
f 151/151/151 169/169/169 152/152/152
f 170/170/170 152/152/152 169/169/169
f 152/152/152 170/170/170 153/153/153
f 171/171/171 153/153/153 170/170/170
f 153/153/153 171/171/171 154/154/154
f 172/172/172 154/154/154 171/171/171
f 154/154/154 172/172/172 155/155/155
f 173/173/173 155/155/155 172/172/172
f 155/155/155 173/173/173 156/156/156
f 174/174/174 156/156/156 173/173/173
f 156/156/156 174/174/174 157/157/157
f 175/175/175 157/157/157 174/174/174
f 157/157/157 175/175/175 158/158/158
f 176/176/176 158/158/158 175/175/175
f 158/158/158 176/176/176 159/159/159
f 177/177/177 159/159/159 176/176/176
f 159/159/159 177/177/177 160/160/160
f 178/178/178 160/160/160 177/177/177
f 160/160/160 178/178/178 161/161/161
f 179/179/179 161/161/161 178/178/178
f 161/161/161 179/179/179 162/162/162
f 180/180/180 162/162/162 179/179/179
f 162/162/162 180/180/180 163/163/163
f 181/181/181 163/163/163 180/180/180
f 163/163/163 181/181/181 164/164/164
f 182/182/182 164/164/164 181/181/181
f 164/164/164 182/182/182 165/165/165
f 183/183/183 165/165/165 182/182/182
f 165/165/165 183/183/183 166/166/166
f 184/184/184 166/166/166 183/183/183
f 166/166/166 184/184/184 167/167/167
f 185/185/185 167/167/167 184/184/184
f 167/167/167 185/185/185 168/168/168
f 186/186/186 168/168/168 185/185/185
f 169/169/169 187/187/187 170/170/170
f 188/188/188 170/170/170 187/187/187
f 170/170/170 188/188/188 171/171/171
f 189/189/189 171/171/171 188/188/188
f 171/171/171 189/189/189 172/172/172
f 190/190/190 172/172/172 189/189/189
f 172/172/172 190/190/190 173/173/173
f 191/191/191 173/173/173 190/190/190
f 173/173/173 191/191/191 174/174/174
f 192/192/192 174/174/174 191/191/191
f 174/174/174 192/192/192 175/175/175
f 193/193/193 175/175/175 192/192/192
f 175/175/175 193/193/193 176/176/176
f 194/194/194 176/176/176 193/193/193
f 176/176/176 194/194/194 177/177/177
f 195/195/195 177/177/177 194/194/194
f 177/177/177 195/195/195 178/178/178
f 196/196/196 178/178/178 195/195/195
f 178/178/178 196/196/196 179/179/179
f 197/197/197 179/179/179 196/196/196
f 179/179/179 197/197/197 180/180/180
f 198/198/198 180/180/180 197/197/197
f 180/180/180 198/198/198 181/181/181
f 199/199/199 181/181/181 198/198/198
f 181/181/181 199/199/199 182/182/182
f 200/200/200 182/182/182 199/199/199
f 182/182/182 200/200/200 183/183/183
f 201/201/201 183/183/183 200/200/200
f 183/183/183 201/201/201 184/184/184
f 202/202/202 184/184/184 201/201/201
f 184/184/184 202/202/202 185/185/185
f 203/203/203 185/185/185 202/202/202
f 185/185/185 203/203/203 186/186/186
f 204/204/204 186/186/186 203/203/203
f 187/187/187 205/205/205 188/188/188
f 206/206/206 188/188/188 205/205/205
f 188/188/188 206/206/206 189/189/189
f 207/207/207 189/189/189 206/206/206
f 189/189/189 207/207/207 190/190/190
f 208/208/208 190/190/190 207/207/207
f 190/190/190 208/208/208 191/191/191
f 209/209/209 191/191/191 208/208/208
f 191/191/191 209/209/209 192/192/192
f 210/210/210 192/192/192 209/209/209
f 192/192/192 210/210/210 193/193/193
f 211/211/211 193/193/193 210/210/210
f 193/193/193 211/211/211 194/194/194
f 212/212/212 194/194/194 211/211/211
f 194/194/194 212/212/212 195/195/195
f 213/213/213 195/195/195 212/212/212
f 195/195/195 213/213/213 196/196/196
f 214/214/214 196/196/196 213/213/213
f 196/196/196 214/214/214 197/197/197
f 215/215/215 197/197/197 214/214/214
f 197/197/197 215/215/215 198/198/198
f 216/216/216 198/198/198 215/215/215
f 198/198/198 216/216/216 199/199/199
f 217/217/217 199/199/199 216/216/216
f 199/199/199 217/217/217 200/200/200
f 218/218/218 200/200/200 217/217/217
f 200/200/200 218/218/218 201/201/201
f 219/219/219 201/201/201 218/218/218
f 201/201/201 219/219/219 202/202/202
f 220/220/220 202/202/202 219/219/219
f 202/202/202 220/220/220 203/203/203
f 221/221/221 203/203/203 220/220/220
f 203/203/203 221/221/221 204/204/204
f 222/222/222 204/204/204 221/221/221
o footL
v 0.11999999731779099 0.05999999865889549 0.18000000715255737
v 0.11999999731779099 0.05999999865889549 -0.18000000715255737
v 0.11999999731779099 -0.05999999865889549 0.18000000715255737
v 0.11999999731779099 -0.05999999865889549 -0.18000000715255737
v -0.11999999731779099 0.05999999865889549 -0.18000000715255737
v -0.11999999731779099 0.05999999865889549 0.18000000715255737
v -0.11999999731779099 -0.05999999865889549 -0.18000000715255737
v -0.11999999731779099 -0.05999999865889549 0.18000000715255737
v -0.11999999731779099 0.05999999865889549 -0.18000000715255737
v 0.11999999731779099 0.05999999865889549 -0.18000000715255737
v -0.11999999731779099 0.05999999865889549 0.18000000715255737
v 0.11999999731779099 0.05999999865889549 0.18000000715255737
v -0.11999999731779099 -0.05999999865889549 0.18000000715255737
v 0.11999999731779099 -0.05999999865889549 0.18000000715255737
v -0.11999999731779099 -0.05999999865889549 -0.18000000715255737
v 0.11999999731779099 -0.05999999865889549 -0.18000000715255737
v -0.11999999731779099 0.05999999865889549 0.18000000715255737
v 0.11999999731779099 0.05999999865889549 0.18000000715255737
v -0.11999999731779099 -0.05999999865889549 0.18000000715255737
v 0.11999999731779099 -0.05999999865889549 0.18000000715255737
v 0.11999999731779099 0.05999999865889549 -0.18000000715255737
v -0.11999999731779099 0.05999999865889549 -0.18000000715255737
v 0.11999999731779099 -0.05999999865889549 -0.18000000715255737
v -0.11999999731779099 -0.05999999865889549 -0.18000000715255737
vt 0 1
vt 1 1
vt 0 0
vt 1 0
vt 0 1
vt 1 1
vt 0 0
vt 1 0
vt 0 1
vt 1 1
vt 0 0
vt 1 0
vt 0 1
vt 1 1
vt 0 0
vt 1 0
vt 0 1
vt 1 1
vt 0 0
vt 1 0
vt 0 1
vt 1 1
vt 0 0
vt 1 0
vn 1 0 0
vn 1 0 0
vn 1 0 0
vn 1 0 0
vn -1 0 0
vn -1 0 0
vn -1 0 0
vn -1 0 0
vn 0 1 0
vn 0 1 0
vn 0 1 0
vn 0 1 0
vn 0 -1 0
vn 0 -1 0
vn 0 -1 0
vn 0 -1 0
vn 0 0 1
vn 0 0 1
vn 0 0 1
vn 0 0 1
vn 0 0 -1
vn 0 0 -1
vn 0 0 -1
vn 0 0 -1
f 223/223/223 225/225/225 224/224/224
f 225/225/225 226/226/226 224/224/224
f 227/227/227 229/229/229 228/228/228
f 229/229/229 230/230/230 228/228/228
f 231/231/231 233/233/233 232/232/232
f 233/233/233 234/234/234 232/232/232
f 235/235/235 237/237/237 236/236/236
f 237/237/237 238/238/238 236/236/236
f 239/239/239 241/241/241 240/240/240
f 241/241/241 242/242/242 240/240/240
f 243/243/243 245/245/245 244/244/244
f 245/245/245 246/246/246 244/244/244
o thighR
v 0 -0.28999999165534973 -2.204364202304404e-17
v 0 -0.2876942455768585 0.023410838097333908
v 0 -0.28086555004119873 0.04592201113700867
v 0 -0.2697763442993164 0.06666842848062515
v 0 -0.2548528015613556 0.08485281467437744
v 0 -0.2366684228181839 0.09977634996175766
v 0 -0.215922012925148 0.11086554080247879
v 0 -0.19341084361076355 0.11769423633813858
v 0 -0.17000000178813934 0.11999999731779099
v 0 0.17000000178813934 0.11999999731779099
v 0 0.19341084361076355 0.11769423633813858
v 0 0.215922012925148 0.11086554080247879
v 0 0.2366684228181839 0.09977634996175766
v 0 0.2548528015613556 0.08485281467437744
v 0 0.2697763442993164 0.06666842848062515
v 0 0.28086555004119873 0.04592201113700867
v 0 0.2876942455768585 0.023410838097333908
v 0 0.28999999165534973 7.347880950074885e-18
v -1.2956928163709186e-17 -0.28999999165534973 -1.783368148003703e-17
v 0.013760545291006565 -0.2876942455768585 0.01893976703286171
v 0.026992281898856163 -0.28086555004119873 0.03715168684720993
v 0.03918671980500221 -0.2697763442993164 0.05393589287996292
v 0.04987523332238197 -0.2548528015613556 0.0686473697423935
v 0.058647070080041885 -0.2366684228181839 0.08072076737880707
v 0.06516513228416443 -0.215922012925148 0.08969210833311081
v 0.06917893141508102 -0.19341084361076355 0.09521663188934326
v 0.07053422927856445 -0.17000000178813934 0.09708204120397568
v 0.07053422927856445 0.17000000178813934 0.09708204120397568
v 0.06917893141508102 0.19341084361076355 0.09521663188934326
v 0.06516513228416443 0.215922012925148 0.08969210833311081
v 0.058647070080041885 0.2366684228181839 0.08072076737880707
v 0.04987523332238197 0.2548528015613556 0.0686473697423935
v 0.03918671980500221 0.2697763442993164 0.05393589287996292
v 0.026992281898856163 0.28086555004119873 0.03715168684720993
v 0.013760545291006565 0.2876942455768585 0.01893976703286171
v 4.318975916706293e-18 0.28999999165534973 5.944560355482241e-18
v -2.0964750350091127e-17 -0.28999999165534973 -6.8118600549247034e-18
v 0.022265030071139336 -0.2876942455768585 0.007234347052872181
v 0.04367442801594734 -0.28086555004119873 0.014190682210028172
v 0.06340543925762177 -0.2697763442993164 0.020601676777005196
v 0.08069982379674911 -0.2548528015613556 0.026220960542559624
v 0.0948929488658905 -0.2366684228181839 0.03083258867263794
v 0.10543939471244812 -0.215922012925148 0.034259337931871414
v 0.1119338646531105 -0.19341084361076355 0.03636951744556427
v 0.1141267791390419 -0.17000000178813934 0.037082038819789886
v 0.1141267791390419 0.17000000178813934 0.037082038819789886
v 0.1119338646531105 0.19341084361076355 0.03636951744556427
v 0.10543939471244812 0.215922012925148 0.034259337931871414
v 0.0948929488658905 0.2366684228181839 0.03083258867263794
v 0.08069982379674911 0.2548528015613556 0.026220960542559624
v 0.06340543925762177 0.2697763442993164 0.020601676777005196
v 0.04367442801594734 0.28086555004119873 0.014190682210028172
v 0.022265030071139336 0.2876942455768585 0.007234347052872181
v 6.988250116697042e-18 0.28999999165534973 2.270620087239952e-18
v -2.0964750350091127e-17 -0.28999999165534973 6.8118600549247034e-18
v 0.022265030071139336 -0.2876942455768585 -0.007234347052872181
v 0.04367442801594734 -0.28086555004119873 -0.014190682210028172
v 0.06340543925762177 -0.2697763442993164 -0.020601676777005196
v 0.08069982379674911 -0.2548528015613556 -0.026220960542559624
v 0.0948929488658905 -0.2366684228181839 -0.03083258867263794
v 0.10543939471244812 -0.215922012925148 -0.034259337931871414
v 0.1119338646531105 -0.19341084361076355 -0.03636951744556427
v 0.1141267791390419 -0.17000000178813934 -0.037082038819789886
v 0.1141267791390419 0.17000000178813934 -0.037082038819789886
v 0.1119338646531105 0.19341084361076355 -0.03636951744556427
v 0.10543939471244812 0.215922012925148 -0.034259337931871414
v 0.0948929488658905 0.2366684228181839 -0.03083258867263794
v 0.08069982379674911 0.2548528015613556 -0.026220960542559624
v 0.06340543925762177 0.2697763442993164 -0.020601676777005196
v 0.04367442801594734 0.28086555004119873 -0.014190682210028172
v 0.022265030071139336 0.2876942455768585 -0.007234347052872181
v 6.988250116697042e-18 0.28999999165534973 -2.270620087239952e-18
v -1.2956928163709186e-17 -0.28999999165534973 1.783368148003703e-17
v 0.013760545291006565 -0.2876942455768585 -0.01893976703286171
v 0.026992281898856163 -0.28086555004119873 -0.03715168684720993
v 0.03918671980500221 -0.2697763442993164 -0.05393589287996292
v 0.04987523332238197 -0.2548528015613556 -0.0686473697423935
v 0.058647070080041885 -0.2366684228181839 -0.08072076737880707
v 0.06516513228416443 -0.215922012925148 -0.08969210833311081
v 0.06917893141508102 -0.19341084361076355 -0.09521663188934326
v 0.07053422927856445 -0.17000000178813934 -0.09708204120397568
v 0.07053422927856445 0.17000000178813934 -0.09708204120397568
v 0.06917893141508102 0.19341084361076355 -0.09521663188934326
v 0.06516513228416443 0.215922012925148 -0.08969210833311081
v 0.058647070080041885 0.2366684228181839 -0.08072076737880707
v 0.04987523332238197 0.2548528015613556 -0.0686473697423935
v 0.03918671980500221 0.2697763442993164 -0.05393589287996292
v 0.026992281898856163 0.28086555004119873 -0.03715168684720993
v 0.013760545291006565 0.2876942455768585 -0.01893976703286171
v 4.318975916706293e-18 0.28999999165534973 -5.944560355482241e-18
v -2.6995675923855084e-33 -0.28999999165534973 2.204364202304404e-17
v 2.867000765278434e-18 -0.2876942455768585 -0.023410838097333908
v 5.623824381687255e-18 -0.28086555004119873 -0.04592201113700867
v 8.16452741752705e-18 -0.2697763442993164 -0.06666842848062515
v 1.0391472988809661e-17 -0.2548528015613556 -0.08485281467437744
v 1.2219078921408823e-17 -0.2366684228181839 -0.09977634996175766
v 1.3577113445415719e-17 -0.215922012925148 -0.11086554080247879
v 1.4413387254442542e-17 -0.19341084361076355 -0.11769423633813858
v 1.469576190014977e-17 -0.17000000178813934 -0.11999999731779099
v 1.469576190014977e-17 0.17000000178813934 -0.11999999731779099
v 1.4413387254442542e-17 0.19341084361076355 -0.11769423633813858
v 1.3577113445415719e-17 0.215922012925148 -0.11086554080247879
v 1.2219078921408823e-17 0.2366684228181839 -0.09977634996175766
v 1.0391472988809661e-17 0.2548528015613556 -0.08485281467437744
v 8.16452741752705e-18 0.2697763442993164 -0.06666842848062515
v 5.623824381687255e-18 0.28086555004119873 -0.04592201113700867
v 2.867000765278434e-18 0.2876942455768585 -0.023410838097333908
v 8.998558947403348e-34 0.28999999165534973 -7.347880950074885e-18
v 1.2956928163709186e-17 -0.28999999165534973 1.783368148003703e-17
v -0.013760545291006565 -0.2876942455768585 -0.01893976703286171
v -0.026992281898856163 -0.28086555004119873 -0.03715168684720993
v -0.03918671980500221 -0.2697763442993164 -0.05393589287996292
v -0.04987523332238197 -0.2548528015613556 -0.0686473697423935
v -0.058647070080041885 -0.2366684228181839 -0.08072076737880707
v -0.06516513228416443 -0.215922012925148 -0.08969210833311081
v -0.06917893141508102 -0.19341084361076355 -0.09521663188934326
v -0.07053422927856445 -0.17000000178813934 -0.09708204120397568
v -0.07053422927856445 0.17000000178813934 -0.09708204120397568
v -0.06917893141508102 0.19341084361076355 -0.09521663188934326
v -0.06516513228416443 0.215922012925148 -0.08969210833311081
v -0.058647070080041885 0.2366684228181839 -0.08072076737880707
v -0.04987523332238197 0.2548528015613556 -0.0686473697423935
v -0.03918671980500221 0.2697763442993164 -0.05393589287996292
v -0.026992281898856163 0.28086555004119873 -0.03715168684720993
v -0.013760545291006565 0.2876942455768585 -0.01893976703286171
v -4.318975916706293e-18 0.28999999165534973 -5.944560355482241e-18
v 2.0964750350091127e-17 -0.28999999165534973 6.8118600549247034e-18
v -0.022265030071139336 -0.2876942455768585 -0.007234347052872181
v -0.04367442801594734 -0.28086555004119873 -0.014190682210028172
v -0.06340543925762177 -0.2697763442993164 -0.020601676777005196
v -0.08069982379674911 -0.2548528015613556 -0.026220960542559624
v -0.0948929488658905 -0.2366684228181839 -0.03083258867263794
v -0.10543939471244812 -0.215922012925148 -0.034259337931871414
v -0.1119338646531105 -0.19341084361076355 -0.03636951744556427
v -0.1141267791390419 -0.17000000178813934 -0.037082038819789886
v -0.1141267791390419 0.17000000178813934 -0.037082038819789886
v -0.1119338646531105 0.19341084361076355 -0.03636951744556427
v -0.10543939471244812 0.215922012925148 -0.034259337931871414
v -0.0948929488658905 0.2366684228181839 -0.03083258867263794
v -0.08069982379674911 0.2548528015613556 -0.026220960542559624
v -0.06340543925762177 0.2697763442993164 -0.020601676777005196
v -0.04367442801594734 0.28086555004119873 -0.014190682210028172
v -0.022265030071139336 0.2876942455768585 -0.007234347052872181
v -6.988250116697042e-18 0.28999999165534973 -2.270620087239952e-18
v 2.0964750350091127e-17 -0.28999999165534973 -6.8118600549247034e-18
v -0.022265030071139336 -0.2876942455768585 0.007234347052872181
v -0.04367442801594734 -0.28086555004119873 0.014190682210028172
v -0.06340543925762177 -0.2697763442993164 0.020601676777005196
v -0.08069982379674911 -0.2548528015613556 0.026220960542559624
v -0.0948929488658905 -0.2366684228181839 0.03083258867263794
v -0.10543939471244812 -0.215922012925148 0.034259337931871414
v -0.1119338646531105 -0.19341084361076355 0.03636951744556427
v -0.1141267791390419 -0.17000000178813934 0.037082038819789886
v -0.1141267791390419 0.17000000178813934 0.037082038819789886
v -0.1119338646531105 0.19341084361076355 0.03636951744556427
v -0.10543939471244812 0.215922012925148 0.034259337931871414
v -0.0948929488658905 0.2366684228181839 0.03083258867263794
v -0.08069982379674911 0.2548528015613556 0.026220960542559624
v -0.06340543925762177 0.2697763442993164 0.020601676777005196
v -0.04367442801594734 0.28086555004119873 0.014190682210028172
v -0.022265030071139336 0.2876942455768585 0.007234347052872181
v -6.988250116697042e-18 0.28999999165534973 2.270620087239952e-18
v 1.2956928163709186e-17 -0.28999999165534973 -1.783368148003703e-17
v -0.013760545291006565 -0.2876942455768585 0.01893976703286171
v -0.026992281898856163 -0.28086555004119873 0.03715168684720993
v -0.03918671980500221 -0.2697763442993164 0.05393589287996292
v -0.04987523332238197 -0.2548528015613556 0.0686473697423935
v -0.058647070080041885 -0.2366684228181839 0.08072076737880707
v -0.06516513228416443 -0.215922012925148 0.08969210833311081
v -0.06917893141508102 -0.19341084361076355 0.09521663188934326
v -0.07053422927856445 -0.17000000178813934 0.09708204120397568
v -0.07053422927856445 0.17000000178813934 0.09708204120397568
v -0.06917893141508102 0.19341084361076355 0.09521663188934326
v -0.06516513228416443 0.215922012925148 0.08969210833311081
v -0.058647070080041885 0.2366684228181839 0.08072076737880707
v -0.04987523332238197 0.2548528015613556 0.0686473697423935
v -0.03918671980500221 0.2697763442993164 0.05393589287996292
v -0.026992281898856163 0.28086555004119873 0.03715168684720993
v -0.013760545291006565 0.2876942455768585 0.01893976703286171
v -4.318975916706293e-18 0.28999999165534973 5.944560355482241e-18
v 5.399135184771017e-33 -0.28999999165534973 -2.204364202304404e-17
v -5.734001530556868e-18 -0.2876942455768585 0.023410838097333908
v -1.124764876337451e-17 -0.28086555004119873 0.04592201113700867
v -1.63290548350541e-17 -0.2697763442993164 0.06666842848062515
v -2.0782945977619322e-17 -0.2548528015613556 0.08485281467437744
v -2.4438157842817645e-17 -0.2366684228181839 0.09977634996175766
v -2.7154226890831438e-17 -0.215922012925148 0.11086554080247879
v -2.8826774508885084e-17 -0.19341084361076355 0.11769423633813858
v -2.939152380029954e-17 -0.17000000178813934 0.11999999731779099
v -2.939152380029954e-17 0.17000000178813934 0.11999999731779099
v -2.8826774508885084e-17 0.19341084361076355 0.11769423633813858
v -2.7154226890831438e-17 0.215922012925148 0.11086554080247879
v -2.4438157842817645e-17 0.2366684228181839 0.09977634996175766
v -2.0782945977619322e-17 0.2548528015613556 0.08485281467437744
v -1.63290548350541e-17 0.2697763442993164 0.06666842848062515
v -1.124764876337451e-17 0.28086555004119873 0.04592201113700867
v -5.734001530556868e-18 0.2876942455768585 0.023410838097333908
v -1.7997117894806697e-33 0.28999999165534973 7.347880950074885e-18
vt 0 0
vt 0 0.05882352963089943
vt 0 0.11764705926179886
vt 0 0.1764705926179886
vt 0 0.23529411852359772
vt 0 0.29411765933036804
vt 0 0.3529411852359772
vt 0 0.4117647111415863
vt 0 0.47058823704719543
vt 0 0.529411792755127
vt 0 0.5882353186607361
vt 0 0.6470588445663452
vt 0 0.7058823704719543
vt 0 0.7647058963775635
vt 0 0.8235294222831726
vt 0 0.8823529481887817
vt 0 0.9411764740943909
vt 0 1
vt 0.10000000149011612 0
vt 0.10000000149011612 0.05882352963089943
vt 0.10000000149011612 0.11764705926179886
vt 0.10000000149011612 0.1764705926179886
vt 0.10000000149011612 0.23529411852359772
vt 0.10000000149011612 0.29411765933036804
vt 0.10000000149011612 0.3529411852359772
vt 0.10000000149011612 0.4117647111415863
vt 0.10000000149011612 0.47058823704719543
vt 0.10000000149011612 0.529411792755127
vt 0.10000000149011612 0.5882353186607361
vt 0.10000000149011612 0.6470588445663452
vt 0.10000000149011612 0.7058823704719543
vt 0.10000000149011612 0.7647058963775635
vt 0.10000000149011612 0.8235294222831726
vt 0.10000000149011612 0.8823529481887817
vt 0.10000000149011612 0.9411764740943909
vt 0.10000000149011612 1
vt 0.20000000298023224 0
vt 0.20000000298023224 0.05882352963089943
vt 0.20000000298023224 0.11764705926179886
vt 0.20000000298023224 0.1764705926179886
vt 0.20000000298023224 0.23529411852359772
vt 0.20000000298023224 0.29411765933036804
vt 0.20000000298023224 0.3529411852359772
vt 0.20000000298023224 0.4117647111415863
vt 0.20000000298023224 0.47058823704719543
vt 0.20000000298023224 0.529411792755127
vt 0.20000000298023224 0.5882353186607361
vt 0.20000000298023224 0.6470588445663452
vt 0.20000000298023224 0.7058823704719543
vt 0.20000000298023224 0.7647058963775635
vt 0.20000000298023224 0.8235294222831726
vt 0.20000000298023224 0.8823529481887817
vt 0.20000000298023224 0.9411764740943909
vt 0.20000000298023224 1
vt 0.30000001192092896 0
vt 0.30000001192092896 0.05882352963089943
vt 0.30000001192092896 0.11764705926179886
vt 0.30000001192092896 0.1764705926179886
vt 0.30000001192092896 0.23529411852359772
vt 0.30000001192092896 0.29411765933036804
vt 0.30000001192092896 0.3529411852359772
vt 0.30000001192092896 0.4117647111415863
vt 0.30000001192092896 0.47058823704719543
vt 0.30000001192092896 0.529411792755127
vt 0.30000001192092896 0.5882353186607361
vt 0.30000001192092896 0.6470588445663452
vt 0.30000001192092896 0.7058823704719543
vt 0.30000001192092896 0.7647058963775635
vt 0.30000001192092896 0.8235294222831726
vt 0.30000001192092896 0.8823529481887817
vt 0.30000001192092896 0.9411764740943909
vt 0.30000001192092896 1
vt 0.4000000059604645 0
vt 0.4000000059604645 0.05882352963089943
vt 0.4000000059604645 0.11764705926179886
vt 0.4000000059604645 0.1764705926179886
vt 0.4000000059604645 0.23529411852359772
vt 0.4000000059604645 0.29411765933036804
vt 0.4000000059604645 0.3529411852359772
vt 0.4000000059604645 0.4117647111415863
vt 0.4000000059604645 0.47058823704719543
vt 0.4000000059604645 0.529411792755127
vt 0.4000000059604645 0.5882353186607361
vt 0.4000000059604645 0.6470588445663452
vt 0.4000000059604645 0.7058823704719543
vt 0.4000000059604645 0.7647058963775635
vt 0.4000000059604645 0.8235294222831726
vt 0.4000000059604645 0.8823529481887817
vt 0.4000000059604645 0.9411764740943909
vt 0.4000000059604645 1
vt 0.5 0
vt 0.5 0.05882352963089943
vt 0.5 0.11764705926179886
vt 0.5 0.1764705926179886
vt 0.5 0.23529411852359772
vt 0.5 0.29411765933036804
vt 0.5 0.3529411852359772
vt 0.5 0.4117647111415863
vt 0.5 0.47058823704719543
vt 0.5 0.529411792755127
vt 0.5 0.5882353186607361
vt 0.5 0.6470588445663452
vt 0.5 0.7058823704719543
vt 0.5 0.7647058963775635
vt 0.5 0.8235294222831726
vt 0.5 0.8823529481887817
vt 0.5 0.9411764740943909
vt 0.5 1
vt 0.6000000238418579 0
vt 0.6000000238418579 0.05882352963089943
vt 0.6000000238418579 0.11764705926179886
vt 0.6000000238418579 0.1764705926179886
vt 0.6000000238418579 0.23529411852359772
vt 0.6000000238418579 0.29411765933036804
vt 0.6000000238418579 0.3529411852359772
vt 0.6000000238418579 0.4117647111415863
vt 0.6000000238418579 0.47058823704719543
vt 0.6000000238418579 0.529411792755127
vt 0.6000000238418579 0.5882353186607361
vt 0.6000000238418579 0.6470588445663452
vt 0.6000000238418579 0.7058823704719543
vt 0.6000000238418579 0.7647058963775635
vt 0.6000000238418579 0.8235294222831726
vt 0.6000000238418579 0.8823529481887817
vt 0.6000000238418579 0.9411764740943909
vt 0.6000000238418579 1
vt 0.699999988079071 0
vt 0.699999988079071 0.05882352963089943
vt 0.699999988079071 0.11764705926179886
vt 0.699999988079071 0.1764705926179886
vt 0.699999988079071 0.23529411852359772
vt 0.699999988079071 0.29411765933036804
vt 0.699999988079071 0.3529411852359772
vt 0.699999988079071 0.4117647111415863
vt 0.699999988079071 0.47058823704719543
vt 0.699999988079071 0.529411792755127
vt 0.699999988079071 0.5882353186607361
vt 0.699999988079071 0.6470588445663452
vt 0.699999988079071 0.7058823704719543
vt 0.699999988079071 0.7647058963775635
vt 0.699999988079071 0.8235294222831726
vt 0.699999988079071 0.8823529481887817
vt 0.699999988079071 0.9411764740943909
vt 0.699999988079071 1
vt 0.800000011920929 0
vt 0.800000011920929 0.05882352963089943
vt 0.800000011920929 0.11764705926179886
vt 0.800000011920929 0.1764705926179886
vt 0.800000011920929 0.23529411852359772
vt 0.800000011920929 0.29411765933036804
vt 0.800000011920929 0.3529411852359772
vt 0.800000011920929 0.4117647111415863
vt 0.800000011920929 0.47058823704719543
vt 0.800000011920929 0.529411792755127
vt 0.800000011920929 0.5882353186607361
vt 0.800000011920929 0.6470588445663452
vt 0.800000011920929 0.7058823704719543
vt 0.800000011920929 0.7647058963775635
vt 0.800000011920929 0.8235294222831726
vt 0.800000011920929 0.8823529481887817
vt 0.800000011920929 0.9411764740943909
vt 0.800000011920929 1
vt 0.8999999761581421 0
vt 0.8999999761581421 0.05882352963089943
vt 0.8999999761581421 0.11764705926179886
vt 0.8999999761581421 0.1764705926179886
vt 0.8999999761581421 0.23529411852359772
vt 0.8999999761581421 0.29411765933036804
vt 0.8999999761581421 0.3529411852359772
vt 0.8999999761581421 0.4117647111415863
vt 0.8999999761581421 0.47058823704719543
vt 0.8999999761581421 0.529411792755127
vt 0.8999999761581421 0.5882353186607361
vt 0.8999999761581421 0.6470588445663452
vt 0.8999999761581421 0.7058823704719543
vt 0.8999999761581421 0.7647058963775635
vt 0.8999999761581421 0.8235294222831726
vt 0.8999999761581421 0.8823529481887817
vt 0.8999999761581421 0.9411764740943909
vt 0.8999999761581421 1
vt 1 0
vt 1 0.05882352963089943
vt 1 0.11764705926179886
vt 1 0.1764705926179886
vt 1 0.23529411852359772
vt 1 0.29411765933036804
vt 1 0.3529411852359772
vt 1 0.4117647111415863
vt 1 0.47058823704719543
vt 1 0.529411792755127
vt 1 0.5882353186607361
vt 1 0.6470588445663452
vt 1 0.7058823704719543
vt 1 0.7647058963775635
vt 1 0.8235294222831726
vt 1 0.8823529481887817
vt 1 0.9411764740943909
vt 1 1
vn 0 -0.9951847265167456 0.09801714190788421
vn 0 -0.9807852789517083 0.19509032931342324
vn 0 -0.9238795305660377 0.3826834370613369
vn 0 -0.8314696016585884 0.555570248949409
vn 0 -0.7071067811865476 0.7071067811865476
vn 0 -0.555570248949409 0.8314696016585884
vn 0 -0.3826834370613369 0.9238795305660377
vn 0 -0.19509032931342324 0.9807852789517083
vn 0 -0.006344664961049603 0.9999798724107061
vn 0 0.006344664961049603 0.9999798724107061
vn 0 0.19509032931342324 0.9807852789517083
vn 0 0.3826834370613369 0.9238795305660377
vn 0 0.555570248949409 0.8314696016585884
vn 0 0.7071067811865476 0.7071067811865476
vn 0 0.8314696016585884 0.555570248949409
vn 0 0.9238795305660377 0.3826834370613369
vn 0 0.9807852789517083 0.19509032931342324
vn 0 0.9951847265196706 0.09801714187818585
vn 0.05761303046890084 -0.9951847263488794 0.07929753566218546
vn 0.11467121874698477 -0.9807852791622833 0.15783139031777935
vn 0.22493568619107826 -0.9238795270537845 0.30959741046821454
vn 0.3265560021464657 -0.8314696081968067 0.4494657585480415
vn 0.41562694178321036 -0.7071067668252459 0.5720614176588762
vn 0.48872557037233416 -0.5555702420015914 0.672673043213811
vn 0.5430427694235064 -0.38268341941514195 0.7474342453230138
vn 0.5764911317597378 -0.19509032851987904 0.7934719520691215
vn 0.5877734257575213 -0.006344664663665523 0.8090007077892908
vn 0.5877734257575213 0.006344664663665523 0.8090007077892908
vn 0.5764911317597378 0.19509032851987904 0.7934719520691215
vn 0.5430427694235064 0.38268341941514195 0.7474342453230138
vn 0.48872557037233416 0.5555702420015914 0.672673043213811
vn 0.41562694178321036 0.7071067668252459 0.5720614176588762
vn 0.3265560021464657 0.8314696081968067 0.4494657585480415
vn 0.22493568619107826 0.9238795270537845 0.30959741046821454
vn 0.11467121874698477 0.9807852791622833 0.15783139031777935
vn 0.05761302927154826 0.9951847264455023 0.07929753531949624
vn 0.09321983970303374 -0.9951847266786052 0.030288962863900263
vn 0.18554193303865749 -0.9807852782790393 0.060286225585834116
vn 0.36395357170073417 -0.9238795324059993 0.11825568589945505
vn 0.5283786797648593 -0.8314696179628451 0.17168064880662698
vn 0.6724985254555338 -0.7071067704166476 0.21850800555373517
vn 0.790774582614927 -0.5555702439449209 0.256938248482333
vn 0.878661647790497 -0.38268343278472655 0.28549448151266615
vn 0.932782235312015 -0.19509032422006142 0.3030793079080657
vn 0.9510373714979374 -0.006344665003210583 0.30901078175411795
vn 0.9510373714979374 0.006344665003210583 0.30901078175411795
vn 0.932782235312015 0.19509032422006142 0.3030793079080657
vn 0.878661647790497 0.38268343278472655 0.28549448151266615
vn 0.790774582614927 0.5555702439449209 0.256938248482333
vn 0.6724985254555338 0.7071067704166476 0.21850800555373517
vn 0.5283786797648593 0.8314696179628451 0.17168064880662698
vn 0.36395357170073417 0.9238795324059993 0.11825568589945505
vn 0.18554193303865749 0.9807852782790393 0.060286225585834116
vn 0.0932198382298076 0.9951847268452756 0.030288961921840284
vn 0.09321983970303374 -0.9951847266786052 -0.030288962863900263
vn 0.18554193303865749 -0.9807852782790393 -0.060286225585834116
vn 0.36395357170073417 -0.9238795324059993 -0.11825568589945505
vn 0.5283786797648593 -0.8314696179628451 -0.17168064880662698
vn 0.6724985254555338 -0.7071067704166476 -0.21850800555373517
vn 0.790774582614927 -0.5555702439449209 -0.256938248482333
vn 0.878661647790497 -0.38268343278472655 -0.28549448151266615
vn 0.932782235312015 -0.19509032422006142 -0.3030793079080657
vn 0.9510373714979374 -0.006344665003210583 -0.30901078175411795
vn 0.9510373714979374 0.006344665003210583 -0.30901078175411795
vn 0.932782235312015 0.19509032422006142 -0.3030793079080657
vn 0.878661647790497 0.38268343278472655 -0.28549448151266615
vn 0.790774582614927 0.5555702439449209 -0.256938248482333
vn 0.6724985254555338 0.7071067704166476 -0.21850800555373517
vn 0.5283786797648593 0.8314696179628451 -0.17168064880662698
vn 0.36395357170073417 0.9238795324059993 -0.11825568589945505
vn 0.18554193303865749 0.9807852782790393 -0.060286225585834116
vn 0.0932198382298076 0.9951847268452756 -0.030288961921840284
vn 0.05761303046890084 -0.9951847263488794 -0.07929753566218546
vn 0.11467121874698477 -0.9807852791622833 -0.15783139031777935
vn 0.22493568619107826 -0.9238795270537845 -0.30959741046821454
vn 0.3265560021464657 -0.8314696081968067 -0.4494657585480415
vn 0.41562694178321036 -0.7071067668252459 -0.5720614176588762
vn 0.48872557037233416 -0.5555702420015914 -0.672673043213811
vn 0.5430427694235064 -0.38268341941514195 -0.7474342453230138
vn 0.5764911317597378 -0.19509032851987904 -0.7934719520691215
vn 0.5877734257575213 -0.006344664663665523 -0.8090007077892908
vn 0.5877734257575213 0.006344664663665523 -0.8090007077892908
vn 0.5764911317597378 0.19509032851987904 -0.7934719520691215
vn 0.5430427694235064 0.38268341941514195 -0.7474342453230138
vn 0.48872557037233416 0.5555702420015914 -0.672673043213811
vn 0.41562694178321036 0.7071067668252459 -0.5720614176588762
vn 0.3265560021464657 0.8314696081968067 -0.4494657585480415
vn 0.22493568619107826 0.9238795270537845 -0.30959741046821454
vn 0.11467121874698477 0.9807852791622833 -0.15783139031777935
vn 0.05761302927154826 0.9951847264455023 -0.07929753531949624
vn 1.2003638160387948e-17 -0.9951847265167456 -0.09801714190788421
vn 2.3891675042776736e-17 -0.9807852789517083 -0.19509032931342324
vn 4.686520603449003e-17 -0.9238795305660377 -0.3826834370613369
vn 6.803773009178756e-17 -0.8314696016585884 -0.555570248949409
vn 8.659560751628624e-17 -0.7071067811865476 -0.7071067811865476
vn 1.018256628525395e-16 -0.555570248949409 -0.8314696016585884
vn 1.131426144463939e-16 -0.3826834370613369 -0.9238795305660377
vn 1.2011156502087048e-16 -0.19509032931342324 -0.9807852789517083
vn 1.2246221263408907e-16 -0.006344664961049603 -0.9999798724107061
vn 1.2246221263408907e-16 0.006344664961049603 -0.9999798724107061
vn 1.2011156502087048e-16 0.19509032931342324 -0.9807852789517083
vn 1.131426144463939e-16 0.3826834370613369 -0.9238795305660377
vn 1.018256628525395e-16 0.555570248949409 -0.8314696016585884
vn 8.659560751628624e-17 0.7071067811865476 -0.7071067811865476
vn 6.803773009178756e-17 0.8314696016585884 -0.555570248949409
vn 4.686520603449003e-17 0.9238795305660377 -0.3826834370613369
vn 2.3891675042776736e-17 0.9807852789517083 -0.19509032931342324
vn 1.200363764723071e-17 0.9951847265196706 -0.09801714187818585
vn -0.05761303046890084 -0.9951847263488794 -0.07929753566218546
vn -0.11467121874698477 -0.9807852791622833 -0.15783139031777935
vn -0.22493568619107826 -0.9238795270537845 -0.30959741046821454
vn -0.3265560021464657 -0.8314696081968067 -0.4494657585480415
vn -0.41562694178321036 -0.7071067668252459 -0.5720614176588762
vn -0.48872557037233416 -0.5555702420015914 -0.672673043213811
vn -0.5430427694235064 -0.38268341941514195 -0.7474342453230138
vn -0.5764911317597378 -0.19509032851987904 -0.7934719520691215
vn -0.5877734257575213 -0.006344664663665523 -0.8090007077892908
vn -0.5877734257575213 0.006344664663665523 -0.8090007077892908
vn -0.5764911317597378 0.19509032851987904 -0.7934719520691215
vn -0.5430427694235064 0.38268341941514195 -0.7474342453230138
vn -0.48872557037233416 0.5555702420015914 -0.672673043213811
vn -0.41562694178321036 0.7071067668252459 -0.5720614176588762
vn -0.3265560021464657 0.8314696081968067 -0.4494657585480415
vn -0.22493568619107826 0.9238795270537845 -0.30959741046821454
vn -0.11467121874698477 0.9807852791622833 -0.15783139031777935
vn -0.05761302927154826 0.9951847264455023 -0.07929753531949624
vn -0.09321983970303374 -0.9951847266786052 -0.030288962863900263
vn -0.18554193303865749 -0.9807852782790393 -0.060286225585834116
vn -0.36395357170073417 -0.9238795324059993 -0.11825568589945505
vn -0.5283786797648593 -0.8314696179628451 -0.17168064880662698
vn -0.6724985254555338 -0.7071067704166476 -0.21850800555373517
vn -0.790774582614927 -0.5555702439449209 -0.256938248482333
vn -0.878661647790497 -0.38268343278472655 -0.28549448151266615
vn -0.932782235312015 -0.19509032422006142 -0.3030793079080657
vn -0.9510373714979374 -0.006344665003210583 -0.30901078175411795
vn -0.9510373714979374 0.006344665003210583 -0.30901078175411795
vn -0.932782235312015 0.19509032422006142 -0.3030793079080657
vn -0.878661647790497 0.38268343278472655 -0.28549448151266615
vn -0.790774582614927 0.5555702439449209 -0.256938248482333
vn -0.6724985254555338 0.7071067704166476 -0.21850800555373517
vn -0.5283786797648593 0.8314696179628451 -0.17168064880662698
vn -0.36395357170073417 0.9238795324059993 -0.11825568589945505
vn -0.18554193303865749 0.9807852782790393 -0.060286225585834116
vn -0.0932198382298076 0.9951847268452756 -0.030288961921840284
vn -0.09321983970303374 -0.9951847266786052 0.030288962863900263
vn -0.18554193303865749 -0.9807852782790393 0.060286225585834116
vn -0.36395357170073417 -0.9238795324059993 0.11825568589945505
vn -0.5283786797648593 -0.8314696179628451 0.17168064880662698
vn -0.6724985254555338 -0.7071067704166476 0.21850800555373517
vn -0.790774582614927 -0.5555702439449209 0.256938248482333
vn -0.878661647790497 -0.38268343278472655 0.28549448151266615
vn -0.932782235312015 -0.19509032422006142 0.3030793079080657
vn -0.9510373714979374 -0.006344665003210583 0.30901078175411795
vn -0.9510373714979374 0.006344665003210583 0.30901078175411795
vn -0.932782235312015 0.19509032422006142 0.3030793079080657
vn -0.878661647790497 0.38268343278472655 0.28549448151266615
vn -0.790774582614927 0.5555702439449209 0.256938248482333
vn -0.6724985254555338 0.7071067704166476 0.21850800555373517
vn -0.5283786797648593 0.8314696179628451 0.17168064880662698
vn -0.36395357170073417 0.9238795324059993 0.11825568589945505
vn -0.18554193303865749 0.9807852782790393 0.060286225585834116
vn -0.0932198382298076 0.9951847268452756 0.030288961921840284
vn -0.05761303046890084 -0.9951847263488794 0.07929753566218546
vn -0.11467121874698477 -0.9807852791622833 0.15783139031777935
vn -0.22493568619107826 -0.9238795270537845 0.30959741046821454
vn -0.3265560021464657 -0.8314696081968067 0.4494657585480415
vn -0.41562694178321036 -0.7071067668252459 0.5720614176588762
vn -0.48872557037233416 -0.5555702420015914 0.672673043213811
vn -0.5430427694235064 -0.38268341941514195 0.7474342453230138
vn -0.5764911317597378 -0.19509032851987904 0.7934719520691215
vn -0.5877734257575213 -0.006344664663665523 0.8090007077892908
vn -0.5877734257575213 0.006344664663665523 0.8090007077892908
vn -0.5764911317597378 0.19509032851987904 0.7934719520691215
vn -0.5430427694235064 0.38268341941514195 0.7474342453230138
vn -0.48872557037233416 0.5555702420015914 0.672673043213811
vn -0.41562694178321036 0.7071067668252459 0.5720614176588762
vn -0.3265560021464657 0.8314696081968067 0.4494657585480415
vn -0.22493568619107826 0.9238795270537845 0.30959741046821454
vn -0.11467121874698477 0.9807852791622833 0.15783139031777935
vn -0.05761302927154826 0.9951847264455023 0.07929753531949624
vn -2.4007276320775896e-17 -0.9951847265167456 0.09801714190788421
vn -4.778335008555347e-17 -0.9807852789517083 0.19509032931342324
vn -9.373041206898005e-17 -0.9238795305660377 0.3826834370613369
vn -1.3607546018357512e-16 -0.8314696016585884 0.555570248949409
vn -1.7319121503257247e-16 -0.7071067811865476 0.7071067811865476
vn -2.03651325705079e-16 -0.555570248949409 0.8314696016585884
vn -2.262852288927878e-16 -0.3826834370613369 0.9238795305660377
vn -2.4022313004174096e-16 -0.19509032931342324 0.9807852789517083
vn -2.4492442526817813e-16 -0.006344664961049603 0.9999798724107061
vn -2.4492442526817813e-16 0.006344664961049603 0.9999798724107061
vn -2.4022313004174096e-16 0.19509032931342324 0.9807852789517083
vn -2.262852288927878e-16 0.3826834370613369 0.9238795305660377
vn -2.03651325705079e-16 0.555570248949409 0.8314696016585884
vn -1.7319121503257247e-16 0.7071067811865476 0.7071067811865476
vn -1.3607546018357512e-16 0.8314696016585884 0.555570248949409
vn -9.373041206898005e-17 0.9238795305660377 0.3826834370613369
vn -4.778335008555347e-17 0.9807852789517083 0.19509032931342324
vn -2.400727529446142e-17 0.9951847265196706 0.09801714187818585
f 247/247/247 265/265/265 248/248/248
f 266/266/266 248/248/248 265/265/265
f 248/248/248 266/266/266 249/249/249
f 267/267/267 249/249/249 266/266/266
f 249/249/249 267/267/267 250/250/250
f 268/268/268 250/250/250 267/267/267
f 250/250/250 268/268/268 251/251/251
f 269/269/269 251/251/251 268/268/268
f 251/251/251 269/269/269 252/252/252
f 270/270/270 252/252/252 269/269/269
f 252/252/252 270/270/270 253/253/253
f 271/271/271 253/253/253 270/270/270
f 253/253/253 271/271/271 254/254/254
f 272/272/272 254/254/254 271/271/271
f 254/254/254 272/272/272 255/255/255
f 273/273/273 255/255/255 272/272/272
f 255/255/255 273/273/273 256/256/256
f 274/274/274 256/256/256 273/273/273
f 256/256/256 274/274/274 257/257/257
f 275/275/275 257/257/257 274/274/274
f 257/257/257 275/275/275 258/258/258
f 276/276/276 258/258/258 275/275/275
f 258/258/258 276/276/276 259/259/259
f 277/277/277 259/259/259 276/276/276
f 259/259/259 277/277/277 260/260/260
f 278/278/278 260/260/260 277/277/277
f 260/260/260 278/278/278 261/261/261
f 279/279/279 261/261/261 278/278/278
f 261/261/261 279/279/279 262/262/262
f 280/280/280 262/262/262 279/279/279
f 262/262/262 280/280/280 263/263/263
f 281/281/281 263/263/263 280/280/280
f 263/263/263 281/281/281 264/264/264
f 282/282/282 264/264/264 281/281/281
f 265/265/265 283/283/283 266/266/266
f 284/284/284 266/266/266 283/283/283
f 266/266/266 284/284/284 267/267/267
f 285/285/285 267/267/267 284/284/284
f 267/267/267 285/285/285 268/268/268
f 286/286/286 268/268/268 285/285/285
f 268/268/268 286/286/286 269/269/269
f 287/287/287 269/269/269 286/286/286
f 269/269/269 287/287/287 270/270/270
f 288/288/288 270/270/270 287/287/287
f 270/270/270 288/288/288 271/271/271
f 289/289/289 271/271/271 288/288/288
f 271/271/271 289/289/289 272/272/272
f 290/290/290 272/272/272 289/289/289
f 272/272/272 290/290/290 273/273/273
f 291/291/291 273/273/273 290/290/290
f 273/273/273 291/291/291 274/274/274
f 292/292/292 274/274/274 291/291/291
f 274/274/274 292/292/292 275/275/275
f 293/293/293 275/275/275 292/292/292
f 275/275/275 293/293/293 276/276/276
f 294/294/294 276/276/276 293/293/293
f 276/276/276 294/294/294 277/277/277
f 295/295/295 277/277/277 294/294/294
f 277/277/277 295/295/295 278/278/278
f 296/296/296 278/278/278 295/295/295
f 278/278/278 296/296/296 279/279/279
f 297/297/297 279/279/279 296/296/296
f 279/279/279 297/297/297 280/280/280
f 298/298/298 280/280/280 297/297/297
f 280/280/280 298/298/298 281/281/281
f 299/299/299 281/281/281 298/298/298
f 281/281/281 299/299/299 282/282/282
f 300/300/300 282/282/282 299/299/299
f 283/283/283 301/301/301 284/284/284
f 302/302/302 284/284/284 301/301/301
f 284/284/284 302/302/302 285/285/285
f 303/303/303 285/285/285 302/302/302
f 285/285/285 303/303/303 286/286/286
f 304/304/304 286/286/286 303/303/303
f 286/286/286 304/304/304 287/287/287
f 305/305/305 287/287/287 304/304/304
f 287/287/287 305/305/305 288/288/288
f 306/306/306 288/288/288 305/305/305
f 288/288/288 306/306/306 289/289/289
f 307/307/307 289/289/289 306/306/306
f 289/289/289 307/307/307 290/290/290
f 308/308/308 290/290/290 307/307/307
f 290/290/290 308/308/308 291/291/291
f 309/309/309 291/291/291 308/308/308
f 291/291/291 309/309/309 292/292/292
f 310/310/310 292/292/292 309/309/309
f 292/292/292 310/310/310 293/293/293
f 311/311/311 293/293/293 310/310/310
f 293/293/293 311/311/311 294/294/294
f 312/312/312 294/294/294 311/311/311
f 294/294/294 312/312/312 295/295/295
f 313/313/313 295/295/295 312/312/312
f 295/295/295 313/313/313 296/296/296
f 314/314/314 296/296/296 313/313/313
f 296/296/296 314/314/314 297/297/297
f 315/315/315 297/297/297 314/314/314
f 297/297/297 315/315/315 298/298/298
f 316/316/316 298/298/298 315/315/315
f 298/298/298 316/316/316 299/299/299
f 317/317/317 299/299/299 316/316/316
f 299/299/299 317/317/317 300/300/300
f 318/318/318 300/300/300 317/317/317
f 301/301/301 319/319/319 302/302/302
f 320/320/320 302/302/302 319/319/319
f 302/302/302 320/320/320 303/303/303
f 321/321/321 303/303/303 320/320/320
f 303/303/303 321/321/321 304/304/304
f 322/322/322 304/304/304 321/321/321
f 304/304/304 322/322/322 305/305/305
f 323/323/323 305/305/305 322/322/322
f 305/305/305 323/323/323 306/306/306
f 324/324/324 306/306/306 323/323/323
f 306/306/306 324/324/324 307/307/307
f 325/325/325 307/307/307 324/324/324
f 307/307/307 325/325/325 308/308/308
f 326/326/326 308/308/308 325/325/325
f 308/308/308 326/326/326 309/309/309
f 327/327/327 309/309/309 326/326/326
f 309/309/309 327/327/327 310/310/310
f 328/328/328 310/310/310 327/327/327
f 310/310/310 328/328/328 311/311/311
f 329/329/329 311/311/311 328/328/328
f 311/311/311 329/329/329 312/312/312
f 330/330/330 312/312/312 329/329/329
f 312/312/312 330/330/330 313/313/313
f 331/331/331 313/313/313 330/330/330
f 313/313/313 331/331/331 314/314/314
f 332/332/332 314/314/314 331/331/331
f 314/314/314 332/332/332 315/315/315
f 333/333/333 315/315/315 332/332/332
f 315/315/315 333/333/333 316/316/316
f 334/334/334 316/316/316 333/333/333
f 316/316/316 334/334/334 317/317/317
f 335/335/335 317/317/317 334/334/334
f 317/317/317 335/335/335 318/318/318
f 336/336/336 318/318/318 335/335/335
f 319/319/319 337/337/337 320/320/320
f 338/338/338 320/320/320 337/337/337
f 320/320/320 338/338/338 321/321/321
f 339/339/339 321/321/321 338/338/338
f 321/321/321 339/339/339 322/322/322
f 340/340/340 322/322/322 339/339/339
f 322/322/322 340/340/340 323/323/323
f 341/341/341 323/323/323 340/340/340
f 323/323/323 341/341/341 324/324/324
f 342/342/342 324/324/324 341/341/341
f 324/324/324 342/342/342 325/325/325
f 343/343/343 325/325/325 342/342/342
f 325/325/325 343/343/343 326/326/326
f 344/344/344 326/326/326 343/343/343
f 326/326/326 344/344/344 327/327/327
f 345/345/345 327/327/327 344/344/344
f 327/327/327 345/345/345 328/328/328
f 346/346/346 328/328/328 345/345/345
f 328/328/328 346/346/346 329/329/329
f 347/347/347 329/329/329 346/346/346
f 329/329/329 347/347/347 330/330/330
f 348/348/348 330/330/330 347/347/347
f 330/330/330 348/348/348 331/331/331
f 349/349/349 331/331/331 348/348/348
f 331/331/331 349/349/349 332/332/332
f 350/350/350 332/332/332 349/349/349
f 332/332/332 350/350/350 333/333/333
f 351/351/351 333/333/333 350/350/350
f 333/333/333 351/351/351 334/334/334
f 352/352/352 334/334/334 351/351/351
f 334/334/334 352/352/352 335/335/335
f 353/353/353 335/335/335 352/352/352
f 335/335/335 353/353/353 336/336/336
f 354/354/354 336/336/336 353/353/353
f 337/337/337 355/355/355 338/338/338
f 356/356/356 338/338/338 355/355/355
f 338/338/338 356/356/356 339/339/339
f 357/357/357 339/339/339 356/356/356
f 339/339/339 357/357/357 340/340/340
f 358/358/358 340/340/340 357/357/357
f 340/340/340 358/358/358 341/341/341
f 359/359/359 341/341/341 358/358/358
f 341/341/341 359/359/359 342/342/342
f 360/360/360 342/342/342 359/359/359
f 342/342/342 360/360/360 343/343/343
f 361/361/361 343/343/343 360/360/360
f 343/343/343 361/361/361 344/344/344
f 362/362/362 344/344/344 361/361/361
f 344/344/344 362/362/362 345/345/345
f 363/363/363 345/345/345 362/362/362
f 345/345/345 363/363/363 346/346/346
f 364/364/364 346/346/346 363/363/363
f 346/346/346 364/364/364 347/347/347
f 365/365/365 347/347/347 364/364/364
f 347/347/347 365/365/365 348/348/348
f 366/366/366 348/348/348 365/365/365
f 348/348/348 366/366/366 349/349/349
f 367/367/367 349/349/349 366/366/366
f 349/349/349 367/367/367 350/350/350
f 368/368/368 350/350/350 367/367/367
f 350/350/350 368/368/368 351/351/351
f 369/369/369 351/351/351 368/368/368
f 351/351/351 369/369/369 352/352/352
f 370/370/370 352/352/352 369/369/369
f 352/352/352 370/370/370 353/353/353
f 371/371/371 353/353/353 370/370/370
f 353/353/353 371/371/371 354/354/354
f 372/372/372 354/354/354 371/371/371
f 355/355/355 373/373/373 356/356/356
f 374/374/374 356/356/356 373/373/373
f 356/356/356 374/374/374 357/357/357
f 375/375/375 357/357/357 374/374/374
f 357/357/357 375/375/375 358/358/358
f 376/376/376 358/358/358 375/375/375
f 358/358/358 376/376/376 359/359/359
f 377/377/377 359/359/359 376/376/376
f 359/359/359 377/377/377 360/360/360
f 378/378/378 360/360/360 377/377/377
f 360/360/360 378/378/378 361/361/361
f 379/379/379 361/361/361 378/378/378
f 361/361/361 379/379/379 362/362/362
f 380/380/380 362/362/362 379/379/379
f 362/362/362 380/380/380 363/363/363
f 381/381/381 363/363/363 380/380/380
f 363/363/363 381/381/381 364/364/364
f 382/382/382 364/364/364 381/381/381
f 364/364/364 382/382/382 365/365/365
f 383/383/383 365/365/365 382/382/382
f 365/365/365 383/383/383 366/366/366
f 384/384/384 366/366/366 383/383/383
f 366/366/366 384/384/384 367/367/367
f 385/385/385 367/367/367 384/384/384
f 367/367/367 385/385/385 368/368/368
f 386/386/386 368/368/368 385/385/385
f 368/368/368 386/386/386 369/369/369
f 387/387/387 369/369/369 386/386/386
f 369/369/369 387/387/387 370/370/370
f 388/388/388 370/370/370 387/387/387
f 370/370/370 388/388/388 371/371/371
f 389/389/389 371/371/371 388/388/388
f 371/371/371 389/389/389 372/372/372
f 390/390/390 372/372/372 389/389/389
f 373/373/373 391/391/391 374/374/374
f 392/392/392 374/374/374 391/391/391
f 374/374/374 392/392/392 375/375/375
f 393/393/393 375/375/375 392/392/392
f 375/375/375 393/393/393 376/376/376
f 394/394/394 376/376/376 393/393/393
f 376/376/376 394/394/394 377/377/377
f 395/395/395 377/377/377 394/394/394
f 377/377/377 395/395/395 378/378/378
f 396/396/396 378/378/378 395/395/395
f 378/378/378 396/396/396 379/379/379
f 397/397/397 379/379/379 396/396/396
f 379/379/379 397/397/397 380/380/380
f 398/398/398 380/380/380 397/397/397
f 380/380/380 398/398/398 381/381/381
f 399/399/399 381/381/381 398/398/398
f 381/381/381 399/399/399 382/382/382
f 400/400/400 382/382/382 399/399/399
f 382/382/382 400/400/400 383/383/383
f 401/401/401 383/383/383 400/400/400
f 383/383/383 401/401/401 384/384/384
f 402/402/402 384/384/384 401/401/401
f 384/384/384 402/402/402 385/385/385
f 403/403/403 385/385/385 402/402/402
f 385/385/385 403/403/403 386/386/386
f 404/404/404 386/386/386 403/403/403
f 386/386/386 404/404/404 387/387/387
f 405/405/405 387/387/387 404/404/404
f 387/387/387 405/405/405 388/388/388
f 406/406/406 388/388/388 405/405/405
f 388/388/388 406/406/406 389/389/389
f 407/407/407 389/389/389 406/406/406
f 389/389/389 407/407/407 390/390/390
f 408/408/408 390/390/390 407/407/407
f 391/391/391 409/409/409 392/392/392
f 410/410/410 392/392/392 409/409/409
f 392/392/392 410/410/410 393/393/393
f 411/411/411 393/393/393 410/410/410
f 393/393/393 411/411/411 394/394/394
f 412/412/412 394/394/394 411/411/411
f 394/394/394 412/412/412 395/395/395
f 413/413/413 395/395/395 412/412/412
f 395/395/395 413/413/413 396/396/396
f 414/414/414 396/396/396 413/413/413
f 396/396/396 414/414/414 397/397/397
f 415/415/415 397/397/397 414/414/414
f 397/397/397 415/415/415 398/398/398
f 416/416/416 398/398/398 415/415/415
f 398/398/398 416/416/416 399/399/399
f 417/417/417 399/399/399 416/416/416
f 399/399/399 417/417/417 400/400/400
f 418/418/418 400/400/400 417/417/417
f 400/400/400 418/418/418 401/401/401
f 419/419/419 401/401/401 418/418/418
f 401/401/401 419/419/419 402/402/402
f 420/420/420 402/402/402 419/419/419
f 402/402/402 420/420/420 403/403/403
f 421/421/421 403/403/403 420/420/420
f 403/403/403 421/421/421 404/404/404
f 422/422/422 404/404/404 421/421/421
f 404/404/404 422/422/422 405/405/405
f 423/423/423 405/405/405 422/422/422
f 405/405/405 423/423/423 406/406/406
f 424/424/424 406/406/406 423/423/423
f 406/406/406 424/424/424 407/407/407
f 425/425/425 407/407/407 424/424/424
f 407/407/407 425/425/425 408/408/408
f 426/426/426 408/408/408 425/425/425
f 409/409/409 427/427/427 410/410/410
f 428/428/428 410/410/410 427/427/427
f 410/410/410 428/428/428 411/411/411
f 429/429/429 411/411/411 428/428/428
f 411/411/411 429/429/429 412/412/412
f 430/430/430 412/412/412 429/429/429
f 412/412/412 430/430/430 413/413/413
f 431/431/431 413/413/413 430/430/430
f 413/413/413 431/431/431 414/414/414
f 432/432/432 414/414/414 431/431/431
f 414/414/414 432/432/432 415/415/415
f 433/433/433 415/415/415 432/432/432
f 415/415/415 433/433/433 416/416/416
f 434/434/434 416/416/416 433/433/433
f 416/416/416 434/434/434 417/417/417
f 435/435/435 417/417/417 434/434/434
f 417/417/417 435/435/435 418/418/418
f 436/436/436 418/418/418 435/435/435
f 418/418/418 436/436/436 419/419/419
f 437/437/437 419/419/419 436/436/436
f 419/419/419 437/437/437 420/420/420
f 438/438/438 420/420/420 437/437/437
f 420/420/420 438/438/438 421/421/421
f 439/439/439 421/421/421 438/438/438
f 421/421/421 439/439/439 422/422/422
f 440/440/440 422/422/422 439/439/439
f 422/422/422 440/440/440 423/423/423
f 441/441/441 423/423/423 440/440/440
f 423/423/423 441/441/441 424/424/424
f 442/442/442 424/424/424 441/441/441
f 424/424/424 442/442/442 425/425/425
f 443/443/443 425/425/425 442/442/442
f 425/425/425 443/443/443 426/426/426
f 444/444/444 426/426/426 443/443/443
o footR
v 0.11999999731779099 0.05999999865889549 0.18000000715255737
v 0.11999999731779099 0.05999999865889549 -0.18000000715255737
v 0.11999999731779099 -0.05999999865889549 0.18000000715255737
v 0.11999999731779099 -0.05999999865889549 -0.18000000715255737
v -0.11999999731779099 0.05999999865889549 -0.18000000715255737
v -0.11999999731779099 0.05999999865889549 0.18000000715255737
v -0.11999999731779099 -0.05999999865889549 -0.18000000715255737
v -0.11999999731779099 -0.05999999865889549 0.18000000715255737
v -0.11999999731779099 0.05999999865889549 -0.18000000715255737
v 0.11999999731779099 0.05999999865889549 -0.18000000715255737
v -0.11999999731779099 0.05999999865889549 0.18000000715255737
v 0.11999999731779099 0.05999999865889549 0.18000000715255737
v -0.11999999731779099 -0.05999999865889549 0.18000000715255737
v 0.11999999731779099 -0.05999999865889549 0.18000000715255737
v -0.11999999731779099 -0.05999999865889549 -0.18000000715255737
v 0.11999999731779099 -0.05999999865889549 -0.18000000715255737
v -0.11999999731779099 0.05999999865889549 0.18000000715255737
v 0.11999999731779099 0.05999999865889549 0.18000000715255737
v -0.11999999731779099 -0.05999999865889549 0.18000000715255737
v 0.11999999731779099 -0.05999999865889549 0.18000000715255737
v 0.11999999731779099 0.05999999865889549 -0.18000000715255737
v -0.11999999731779099 0.05999999865889549 -0.18000000715255737
v 0.11999999731779099 -0.05999999865889549 -0.18000000715255737
v -0.11999999731779099 -0.05999999865889549 -0.18000000715255737
vt 0 1
vt 1 1
vt 0 0
vt 1 0
vt 0 1
vt 1 1
vt 0 0
vt 1 0
vt 0 1
vt 1 1
vt 0 0
vt 1 0
vt 0 1
vt 1 1
vt 0 0
vt 1 0
vt 0 1
vt 1 1
vt 0 0
vt 1 0
vt 0 1
vt 1 1
vt 0 0
vt 1 0
vn 1 0 0
vn 1 0 0
vn 1 0 0
vn 1 0 0
vn -1 0 0
vn -1 0 0
vn -1 0 0
vn -1 0 0
vn 0 1 0
vn 0 1 0
vn 0 1 0
vn 0 1 0
vn 0 -1 0
vn 0 -1 0
vn 0 -1 0
vn 0 -1 0
vn 0 0 1
vn 0 0 1
vn 0 0 1
vn 0 0 1
vn 0 0 -1
vn 0 0 -1
vn 0 0 -1
vn 0 0 -1
f 445/445/445 447/447/447 446/446/446
f 447/447/447 448/448/448 446/446/446
f 449/449/449 451/451/451 450/450/450
f 451/451/451 452/452/452 450/450/450
f 453/453/453 455/455/455 454/454/454
f 455/455/455 456/456/456 454/454/454
f 457/457/457 459/459/459 458/458/458
f 459/459/459 460/460/460 458/458/458
f 461/461/461 463/463/463 462/462/462
f 463/463/463 464/464/464 462/462/462
f 465/465/465 467/467/467 466/466/466
f 467/467/467 468/468/468 466/466/466
o chest
v 0 -0.6949999928474426 -7.71527503893766e-17
v 0 -0.6914068460464478 0.05482099950313568
v 0 -0.6806888580322266 0.10870400071144104
v 0 -0.6630294322967529 0.16072703897953033
v 0 -0.6387306451797485 0.20999999344348907
v 0 -0.608208417892456 0.25567978620529175
v 0 -0.5719848275184631 0.29698485136032104
v 0 -0.5306798219680786 0.3332084119319916
v 0 -0.48500001430511475 0.36373066902160645
v 0 -0.4357270300388336 0.38802939653396606
v 0 -0.3837040066719055 0.4056888520717621
v 0 -0.32982099056243896 0.4164068400859833
v 0 -0.2750000059604645 0.41999998688697815
v 0 0.2750000059604645 0.41999998688697815
v 0 0.32982099056243896 0.4164068400859833
v 0 0.3837040066719055 0.4056888520717621
v 0 0.4357270300388336 0.38802939653396606
v 0 0.48500001430511475 0.36373066902160645
v 0 0.5306798219680786 0.3332084119319916
v 0 0.5719848275184631 0.29698485136032104
v 0 0.608208417892456 0.25567978620529175
v 0 0.6387306451797485 0.20999999344348907
v 0 0.6630294322967529 0.16072703897953033
v 0 0.6806888580322266 0.10870400071144104
v 0 0.6914068460464478 0.05482099950313568
v 0 0.6949999928474426 2.571758291167179e-17
v -3.3475324410641187e-17 -0.6949999928474426 -6.951222203756719e-17
v 0.023785941302776337 -0.6914068460464478 0.04939201474189758
v 0.04716489836573601 -0.6806888580322266 0.0979389175772667
v 0.06973685324192047 -0.6630294322967529 0.14481006562709808
v 0.09111558645963669 -0.6387306451797485 0.18920345604419708
v 0.11093530803918839 -0.608208417892456 0.2303595393896103
v 0.12885689735412598 -0.5719848275184631 0.26757410168647766
v 0.14457370340824127 -0.5306798219680786 0.3002103865146637
v 0.1578168272972107 -0.48500001430511475 0.32771000266075134
v 0.1683596521615982 -0.4357270300388336 0.3496024012565613
v 0.17602179944515228 -0.3837040066719055 0.36551302671432495
v 0.18067215383052826 -0.32982099056243896 0.3751696050167084
v 0.18223117291927338 -0.2750000059604645 0.37840691208839417
v 0.18223117291927338 0.2750000059604645 0.37840691208839417
v 0.18067215383052826 0.32982099056243896 0.3751696050167084
v 0.17602179944515228 0.3837040066719055 0.36551302671432495
v 0.1683596521615982 0.4357270300388336 0.3496024012565613
v 0.1578168272972107 0.48500001430511475 0.32771000266075134
v 0.14457370340824127 0.5306798219680786 0.3002103865146637
v 0.12885689735412598 0.5719848275184631 0.26757410168647766
v 0.11093530803918839 0.608208417892456 0.2303595393896103
v 0.09111558645963669 0.6387306451797485 0.18920345604419708
v 0.06973685324192047 0.6630294322967529 0.14481006562709808
v 0.04716489836573601 0.6806888580322266 0.0979389175772667
v 0.023785941302776337 0.6914068460464478 0.04939201474189758
v 1.1158440643033116e-17 0.6949999928474426 2.3170741782096546e-17
v -6.032044548709013e-17 -0.6949999928474426 -4.810395067791493e-17
v 0.04286078363656998 -0.6914068460464478 0.03418033570051193
v 0.08498820662498474 -0.6806888580322266 0.06777583807706833
v 0.1256614625453949 -0.6630294322967529 0.10021167248487473
v 0.16418461501598358 -0.6387306451797485 0.13093285262584686
v 0.19989851117134094 -0.608208417892456 0.15941375494003296
v 0.23219209909439087 -0.5719848275184631 0.18516702950000763
v 0.2605128288269043 -0.5306798219680786 0.2077520340681076
v 0.2843760848045349 -0.48500001430511475 0.22678236663341522
v 0.3033736050128937 -0.4357270300388336 0.24193237721920013
v 0.3171803057193756 -0.3837040066719055 0.25294286012649536
v 0.32555997371673584 -0.32982099056243896 0.2596254050731659
v 0.32836923003196716 -0.2750000059604645 0.2618657052516937
v 0.32836923003196716 0.2750000059604645 0.2618657052516937
v 0.32555997371673584 0.32982099056243896 0.2596254050731659
v 0.3171803057193756 0.3837040066719055 0.25294286012649536
v 0.3033736050128937 0.4357270300388336 0.24193237721920013
v 0.2843760848045349 0.48500001430511475 0.22678236663341522
v 0.2605128288269043 0.5306798219680786 0.2077520340681076
v 0.23219209909439087 0.5719848275184631 0.18516702950000763
v 0.19989851117134094 0.608208417892456 0.15941375494003296
v 0.16418461501598358 0.6387306451797485 0.13093285262584686
v 0.1256614625453949 0.6630294322967529 0.10021167248487473
v 0.08498820662498474 0.6806888580322266 0.06777583807706833
v 0.04286078363656998 0.6914068460464478 0.03418033570051193
v 2.0106815162363378e-17 0.6949999928474426 1.6034651328879126e-17
v -7.521836536586419e-17 -0.6949999928474426 -1.7168102180674812e-17
v 0.05344652384519577 -0.6914068460464478 0.01219882071018219
v 0.10597856342792511 -0.6806888580322266 0.024188915267586708
v 0.15669727325439453 -0.6630294322967529 0.03576513007283211
v 0.20473486185073853 -0.6387306451797485 0.046729397028684616
v 0.24926938116550446 -0.608208417892456 0.05689410865306854
v 0.28953883051872253 -0.5719848275184631 0.0660853460431099
v 0.32485416531562805 -0.5306798219680786 0.0741458460688591
v 0.35461118817329407 -0.48500001430511475 0.0809376910328865
v 0.3783006966114044 -0.4357270300388336 0.08634466677904129
v 0.39551737904548645 -0.3837040066719055 0.09027425944805145
v 0.4059666395187378 -0.32982099056243896 0.09265924245119095
v 0.40946972370147705 -0.2750000059604645 0.09345879405736923
v 0.40946972370147705 0.2750000059604645 0.09345879405736923
v 0.4059666395187378 0.32982099056243896 0.09265924245119095
v 0.39551737904548645 0.3837040066719055 0.09027425944805145
v 0.3783006966114044 0.4357270300388336 0.08634466677904129
v 0.35461118817329407 0.48500001430511475 0.0809376910328865
v 0.32485416531562805 0.5306798219680786 0.0741458460688591
v 0.28953883051872253 0.5719848275184631 0.0660853460431099
v 0.24926938116550446 0.608208417892456 0.05689410865306854
v 0.20473486185073853 0.6387306451797485 0.046729397028684616
v 0.15669727325439453 0.6630294322967529 0.03576513007283211
v 0.10597856342792511 0.6806888580322266 0.024188915267586708
v 0.05344652384519577 0.6914068460464478 0.01219882071018219
v 2.5072789006741804e-17 0.6949999928474426 5.722700589028169e-18
v -7.521836536586419e-17 -0.6949999928474426 1.7168102180674812e-17
v 0.05344652384519577 -0.6914068460464478 -0.01219882071018219
v 0.10597856342792511 -0.6806888580322266 -0.024188915267586708
v 0.15669727325439453 -0.6630294322967529 -0.03576513007283211
v 0.20473486185073853 -0.6387306451797485 -0.046729397028684616
v 0.24926938116550446 -0.608208417892456 -0.05689410865306854
v 0.28953883051872253 -0.5719848275184631 -0.0660853460431099
v 0.32485416531562805 -0.5306798219680786 -0.0741458460688591
v 0.35461118817329407 -0.48500001430511475 -0.0809376910328865
v 0.3783006966114044 -0.4357270300388336 -0.08634466677904129
v 0.39551737904548645 -0.3837040066719055 -0.09027425944805145
v 0.4059666395187378 -0.32982099056243896 -0.09265924245119095
v 0.40946972370147705 -0.2750000059604645 -0.09345879405736923
v 0.40946972370147705 0.2750000059604645 -0.09345879405736923
v 0.4059666395187378 0.32982099056243896 -0.09265924245119095
v 0.39551737904548645 0.3837040066719055 -0.09027425944805145
v 0.3783006966114044 0.4357270300388336 -0.08634466677904129
v 0.35461118817329407 0.48500001430511475 -0.0809376910328865
v 0.32485416531562805 0.5306798219680786 -0.0741458460688591
v 0.28953883051872253 0.5719848275184631 -0.0660853460431099
v 0.24926938116550446 0.608208417892456 -0.05689410865306854
v 0.20473486185073853 0.6387306451797485 -0.046729397028684616
v 0.15669727325439453 0.6630294322967529 -0.03576513007283211
v 0.10597856342792511 0.6806888580322266 -0.024188915267586708
v 0.05344652384519577 0.6914068460464478 -0.01219882071018219
v 2.5072789006741804e-17 0.6949999928474426 -5.722700589028169e-18
v -6.032044548709013e-17 -0.6949999928474426 4.810395067791493e-17
v 0.04286078363656998 -0.6914068460464478 -0.03418033570051193
v 0.08498820662498474 -0.6806888580322266 -0.06777583807706833
v 0.1256614625453949 -0.6630294322967529 -0.10021167248487473
v 0.16418461501598358 -0.6387306451797485 -0.13093285262584686
v 0.19989851117134094 -0.608208417892456 -0.15941375494003296
v 0.23219209909439087 -0.5719848275184631 -0.18516702950000763
v 0.2605128288269043 -0.5306798219680786 -0.2077520340681076
v 0.2843760848045349 -0.48500001430511475 -0.22678236663341522
v 0.3033736050128937 -0.4357270300388336 -0.24193237721920013
v 0.3171803057193756 -0.3837040066719055 -0.25294286012649536
v 0.32555997371673584 -0.32982099056243896 -0.2596254050731659
v 0.32836923003196716 -0.2750000059604645 -0.2618657052516937
v 0.32836923003196716 0.2750000059604645 -0.2618657052516937
v 0.32555997371673584 0.32982099056243896 -0.2596254050731659
v 0.3171803057193756 0.3837040066719055 -0.25294286012649536
v 0.3033736050128937 0.4357270300388336 -0.24193237721920013
v 0.2843760848045349 0.48500001430511475 -0.22678236663341522
v 0.2605128288269043 0.5306798219680786 -0.2077520340681076
v 0.23219209909439087 0.5719848275184631 -0.18516702950000763
v 0.19989851117134094 0.608208417892456 -0.15941375494003296
v 0.16418461501598358 0.6387306451797485 -0.13093285262584686
v 0.1256614625453949 0.6630294322967529 -0.10021167248487473
v 0.08498820662498474 0.6806888580322266 -0.06777583807706833
v 0.04286078363656998 0.6914068460464478 -0.03418033570051193
v 2.0106815162363378e-17 0.6949999928474426 -1.6034651328879126e-17
v -3.3475324410641187e-17 -0.6949999928474426 6.951222203756719e-17
v 0.023785941302776337 -0.6914068460464478 -0.04939201474189758
v 0.04716489836573601 -0.6806888580322266 -0.0979389175772667
v 0.06973685324192047 -0.6630294322967529 -0.14481006562709808
v 0.09111558645963669 -0.6387306451797485 -0.18920345604419708
v 0.11093530803918839 -0.608208417892456 -0.2303595393896103
v 0.12885689735412598 -0.5719848275184631 -0.26757410168647766
v 0.14457370340824127 -0.5306798219680786 -0.3002103865146637
v 0.1578168272972107 -0.48500001430511475 -0.32771000266075134
v 0.1683596521615982 -0.4357270300388336 -0.3496024012565613
v 0.17602179944515228 -0.3837040066719055 -0.36551302671432495
v 0.18067215383052826 -0.32982099056243896 -0.3751696050167084
v 0.18223117291927338 -0.2750000059604645 -0.37840691208839417
v 0.18223117291927338 0.2750000059604645 -0.37840691208839417
v 0.18067215383052826 0.32982099056243896 -0.3751696050167084
v 0.17602179944515228 0.3837040066719055 -0.36551302671432495
v 0.1683596521615982 0.4357270300388336 -0.3496024012565613
v 0.1578168272972107 0.48500001430511475 -0.32771000266075134
v 0.14457370340824127 0.5306798219680786 -0.3002103865146637
v 0.12885689735412598 0.5719848275184631 -0.26757410168647766
v 0.11093530803918839 0.608208417892456 -0.2303595393896103
v 0.09111558645963669 0.6387306451797485 -0.18920345604419708
v 0.06973685324192047 0.6630294322967529 -0.14481006562709808
v 0.04716489836573601 0.6806888580322266 -0.0979389175772667
v 0.023785941302776337 0.6914068460464478 -0.04939201474189758
v 1.1158440643033116e-17 0.6949999928474426 -2.3170741782096546e-17
v -9.448486940691264e-33 -0.6949999928474426 7.71527503893766e-17
v 6.713636493087094e-18 -0.6914068460464478 -0.05482099950313568
v 1.3312400760147724e-17 -0.6806888580322266 -0.10870400071144104
v 1.968338636988116e-17 -0.6630294322967529 -0.16072703897953033
v 2.571758291167179e-17 -0.6387306451797485 -0.20999999344348907
v 3.131174418300259e-17 -0.608208417892456 -0.25567978620529175
v 3.6370155460833814e-17 -0.5719848275184631 -0.29698485136032104
v 4.08062589115067e-17 -0.5306798219680786 -0.3332084119319916
v 4.454415905945827e-17 -0.48500001430511475 -0.36373066902160645
v 4.7519898299725936e-17 -0.4357270300388336 -0.38802939653396606
v 4.9682555393800926e-17 -0.3837040066719055 -0.4056888520717621
v 5.099513220724497e-17 -0.32982099056243896 -0.4164068400859833
v 5.143516582334358e-17 -0.2750000059604645 -0.41999998688697815
v 5.143516582334358e-17 0.2750000059604645 -0.41999998688697815
v 5.099513220724497e-17 0.32982099056243896 -0.4164068400859833
v 4.9682555393800926e-17 0.3837040066719055 -0.4056888520717621
v 4.7519898299725936e-17 0.4357270300388336 -0.38802939653396606
v 4.454415905945827e-17 0.48500001430511475 -0.36373066902160645
v 4.08062589115067e-17 0.5306798219680786 -0.3332084119319916
v 3.6370155460833814e-17 0.5719848275184631 -0.29698485136032104
v 3.131174418300259e-17 0.608208417892456 -0.25567978620529175
v 2.571758291167179e-17 0.6387306451797485 -0.20999999344348907
v 1.968338636988116e-17 0.6630294322967529 -0.16072703897953033
v 1.3312400760147724e-17 0.6806888580322266 -0.10870400071144104
v 6.713636493087094e-18 0.6914068460464478 -0.05482099950313568
v 3.1494954020024315e-33 0.6949999928474426 -2.571758291167179e-17
v 3.3475324410641187e-17 -0.6949999928474426 6.951222203756719e-17
v -0.023785941302776337 -0.6914068460464478 -0.04939201474189758
v -0.04716489836573601 -0.6806888580322266 -0.0979389175772667
v -0.06973685324192047 -0.6630294322967529 -0.14481006562709808
v -0.09111558645963669 -0.6387306451797485 -0.18920345604419708
v -0.11093530803918839 -0.608208417892456 -0.2303595393896103
v -0.12885689735412598 -0.5719848275184631 -0.26757410168647766
v -0.14457370340824127 -0.5306798219680786 -0.3002103865146637
v -0.1578168272972107 -0.48500001430511475 -0.32771000266075134
v -0.1683596521615982 -0.4357270300388336 -0.3496024012565613
v -0.17602179944515228 -0.3837040066719055 -0.36551302671432495
v -0.18067215383052826 -0.32982099056243896 -0.3751696050167084
v -0.18223117291927338 -0.2750000059604645 -0.37840691208839417
v -0.18223117291927338 0.2750000059604645 -0.37840691208839417
v -0.18067215383052826 0.32982099056243896 -0.3751696050167084
v -0.17602179944515228 0.3837040066719055 -0.36551302671432495
v -0.1683596521615982 0.4357270300388336 -0.3496024012565613
v -0.1578168272972107 0.48500001430511475 -0.32771000266075134
v -0.14457370340824127 0.5306798219680786 -0.3002103865146637
v -0.12885689735412598 0.5719848275184631 -0.26757410168647766
v -0.11093530803918839 0.608208417892456 -0.2303595393896103
v -0.09111558645963669 0.6387306451797485 -0.18920345604419708
v -0.06973685324192047 0.6630294322967529 -0.14481006562709808
v -0.04716489836573601 0.6806888580322266 -0.0979389175772667
v -0.023785941302776337 0.6914068460464478 -0.04939201474189758
v -1.1158440643033116e-17 0.6949999928474426 -2.3170741782096546e-17
v 6.032044548709013e-17 -0.6949999928474426 4.810395067791493e-17
v -0.04286078363656998 -0.6914068460464478 -0.03418033570051193
v -0.08498820662498474 -0.6806888580322266 -0.06777583807706833
v -0.1256614625453949 -0.6630294322967529 -0.10021167248487473
v -0.16418461501598358 -0.6387306451797485 -0.13093285262584686
v -0.19989851117134094 -0.608208417892456 -0.15941375494003296
v -0.23219209909439087 -0.5719848275184631 -0.18516702950000763
v -0.2605128288269043 -0.5306798219680786 -0.2077520340681076
v -0.2843760848045349 -0.48500001430511475 -0.22678236663341522
v -0.3033736050128937 -0.4357270300388336 -0.24193237721920013
v -0.3171803057193756 -0.3837040066719055 -0.25294286012649536
v -0.32555997371673584 -0.32982099056243896 -0.2596254050731659
v -0.32836923003196716 -0.2750000059604645 -0.2618657052516937
v -0.32836923003196716 0.2750000059604645 -0.2618657052516937
v -0.32555997371673584 0.32982099056243896 -0.2596254050731659
v -0.3171803057193756 0.3837040066719055 -0.25294286012649536
v -0.3033736050128937 0.4357270300388336 -0.24193237721920013
v -0.2843760848045349 0.48500001430511475 -0.22678236663341522
v -0.2605128288269043 0.5306798219680786 -0.2077520340681076
v -0.23219209909439087 0.5719848275184631 -0.18516702950000763
v -0.19989851117134094 0.608208417892456 -0.15941375494003296
v -0.16418461501598358 0.6387306451797485 -0.13093285262584686
v -0.1256614625453949 0.6630294322967529 -0.10021167248487473
v -0.08498820662498474 0.6806888580322266 -0.06777583807706833
v -0.04286078363656998 0.6914068460464478 -0.03418033570051193
v -2.0106815162363378e-17 0.6949999928474426 -1.6034651328879126e-17
v 7.521836536586419e-17 -0.6949999928474426 1.7168102180674812e-17
v -0.05344652384519577 -0.6914068460464478 -0.01219882071018219
v -0.10597856342792511 -0.6806888580322266 -0.024188915267586708
v -0.15669727325439453 -0.6630294322967529 -0.03576513007283211
v -0.20473486185073853 -0.6387306451797485 -0.046729397028684616
v -0.24926938116550446 -0.608208417892456 -0.05689410865306854
v -0.28953883051872253 -0.5719848275184631 -0.0660853460431099
v -0.32485416531562805 -0.5306798219680786 -0.0741458460688591
v -0.35461118817329407 -0.48500001430511475 -0.0809376910328865
v -0.3783006966114044 -0.4357270300388336 -0.08634466677904129
v -0.39551737904548645 -0.3837040066719055 -0.09027425944805145
v -0.4059666395187378 -0.32982099056243896 -0.09265924245119095
v -0.40946972370147705 -0.2750000059604645 -0.09345879405736923
v -0.40946972370147705 0.2750000059604645 -0.09345879405736923
v -0.4059666395187378 0.32982099056243896 -0.09265924245119095
v -0.39551737904548645 0.3837040066719055 -0.09027425944805145
v -0.3783006966114044 0.4357270300388336 -0.08634466677904129
v -0.35461118817329407 0.48500001430511475 -0.0809376910328865
v -0.32485416531562805 0.5306798219680786 -0.0741458460688591
v -0.28953883051872253 0.5719848275184631 -0.0660853460431099
v -0.24926938116550446 0.608208417892456 -0.05689410865306854
v -0.20473486185073853 0.6387306451797485 -0.046729397028684616
v -0.15669727325439453 0.6630294322967529 -0.03576513007283211
v -0.10597856342792511 0.6806888580322266 -0.024188915267586708
v -0.05344652384519577 0.6914068460464478 -0.01219882071018219
v -2.5072789006741804e-17 0.6949999928474426 -5.722700589028169e-18
v 7.521836536586419e-17 -0.6949999928474426 -1.7168102180674812e-17
v -0.05344652384519577 -0.6914068460464478 0.01219882071018219
v -0.10597856342792511 -0.6806888580322266 0.024188915267586708
v -0.15669727325439453 -0.6630294322967529 0.03576513007283211
v -0.20473486185073853 -0.6387306451797485 0.046729397028684616
v -0.24926938116550446 -0.608208417892456 0.05689410865306854
v -0.28953883051872253 -0.5719848275184631 0.0660853460431099
v -0.32485416531562805 -0.5306798219680786 0.0741458460688591
v -0.35461118817329407 -0.48500001430511475 0.0809376910328865
v -0.3783006966114044 -0.4357270300388336 0.08634466677904129
v -0.39551737904548645 -0.3837040066719055 0.09027425944805145
v -0.4059666395187378 -0.32982099056243896 0.09265924245119095
v -0.40946972370147705 -0.2750000059604645 0.09345879405736923
v -0.40946972370147705 0.2750000059604645 0.09345879405736923
v -0.4059666395187378 0.32982099056243896 0.09265924245119095
v -0.39551737904548645 0.3837040066719055 0.09027425944805145
v -0.3783006966114044 0.4357270300388336 0.08634466677904129
v -0.35461118817329407 0.48500001430511475 0.0809376910328865
v -0.32485416531562805 0.5306798219680786 0.0741458460688591
v -0.28953883051872253 0.5719848275184631 0.0660853460431099
v -0.24926938116550446 0.608208417892456 0.05689410865306854
v -0.20473486185073853 0.6387306451797485 0.046729397028684616
v -0.15669727325439453 0.6630294322967529 0.03576513007283211
v -0.10597856342792511 0.6806888580322266 0.024188915267586708
v -0.05344652384519577 0.6914068460464478 0.01219882071018219
v -2.5072789006741804e-17 0.6949999928474426 5.722700589028169e-18
v 6.032044548709013e-17 -0.6949999928474426 -4.810395067791493e-17
v -0.04286078363656998 -0.6914068460464478 0.03418033570051193
v -0.08498820662498474 -0.6806888580322266 0.06777583807706833
v -0.1256614625453949 -0.6630294322967529 0.10021167248487473
v -0.16418461501598358 -0.6387306451797485 0.13093285262584686
v -0.19989851117134094 -0.608208417892456 0.15941375494003296
v -0.23219209909439087 -0.5719848275184631 0.18516702950000763
v -0.2605128288269043 -0.5306798219680786 0.2077520340681076
v -0.2843760848045349 -0.48500001430511475 0.22678236663341522
v -0.3033736050128937 -0.4357270300388336 0.24193237721920013
v -0.3171803057193756 -0.3837040066719055 0.25294286012649536
v -0.32555997371673584 -0.32982099056243896 0.2596254050731659
v -0.32836923003196716 -0.2750000059604645 0.2618657052516937
v -0.32836923003196716 0.2750000059604645 0.2618657052516937
v -0.32555997371673584 0.32982099056243896 0.2596254050731659
v -0.3171803057193756 0.3837040066719055 0.25294286012649536
v -0.3033736050128937 0.4357270300388336 0.24193237721920013
v -0.2843760848045349 0.48500001430511475 0.22678236663341522
v -0.2605128288269043 0.5306798219680786 0.2077520340681076
v -0.23219209909439087 0.5719848275184631 0.18516702950000763
v -0.19989851117134094 0.608208417892456 0.15941375494003296
v -0.16418461501598358 0.6387306451797485 0.13093285262584686
v -0.1256614625453949 0.6630294322967529 0.10021167248487473
v -0.08498820662498474 0.6806888580322266 0.06777583807706833
v -0.04286078363656998 0.6914068460464478 0.03418033570051193
v -2.0106815162363378e-17 0.6949999928474426 1.6034651328879126e-17
v 3.3475324410641187e-17 -0.6949999928474426 -6.951222203756719e-17
v -0.023785941302776337 -0.6914068460464478 0.04939201474189758
v -0.04716489836573601 -0.6806888580322266 0.0979389175772667
v -0.06973685324192047 -0.6630294322967529 0.14481006562709808
v -0.09111558645963669 -0.6387306451797485 0.18920345604419708
v -0.11093530803918839 -0.608208417892456 0.2303595393896103
v -0.12885689735412598 -0.5719848275184631 0.26757410168647766
v -0.14457370340824127 -0.5306798219680786 0.3002103865146637
v -0.1578168272972107 -0.48500001430511475 0.32771000266075134
v -0.1683596521615982 -0.4357270300388336 0.3496024012565613
v -0.17602179944515228 -0.3837040066719055 0.36551302671432495
v -0.18067215383052826 -0.32982099056243896 0.3751696050167084
v -0.18223117291927338 -0.2750000059604645 0.37840691208839417
v -0.18223117291927338 0.2750000059604645 0.37840691208839417
v -0.18067215383052826 0.32982099056243896 0.3751696050167084
v -0.17602179944515228 0.3837040066719055 0.36551302671432495
v -0.1683596521615982 0.4357270300388336 0.3496024012565613
v -0.1578168272972107 0.48500001430511475 0.32771000266075134
v -0.14457370340824127 0.5306798219680786 0.3002103865146637
v -0.12885689735412598 0.5719848275184631 0.26757410168647766
v -0.11093530803918839 0.608208417892456 0.2303595393896103
v -0.09111558645963669 0.6387306451797485 0.18920345604419708
v -0.06973685324192047 0.6630294322967529 0.14481006562709808
v -0.04716489836573601 0.6806888580322266 0.0979389175772667
v -0.023785941302776337 0.6914068460464478 0.04939201474189758
v -1.1158440643033116e-17 0.6949999928474426 2.3170741782096546e-17
v 1.8896973881382528e-32 -0.6949999928474426 -7.71527503893766e-17
v -1.3427272986174188e-17 -0.6914068460464478 0.05482099950313568
v -2.662480152029545e-17 -0.6806888580322266 0.10870400071144104
v -3.936677273976232e-17 -0.6630294322967529 0.16072703897953033
v -5.143516582334358e-17 -0.6387306451797485 0.20999999344348907
v -6.262348836600517e-17 -0.608208417892456 0.25567978620529175
v -7.274031092166763e-17 -0.5719848275184631 0.29698485136032104
v -8.16125178230134e-17 -0.5306798219680786 0.3332084119319916
v -8.908831811891654e-17 -0.48500001430511475 0.36373066902160645
v -9.503979659945187e-17 -0.4357270300388336 0.38802939653396606
v -9.936511078760185e-17 -0.3837040066719055 0.4056888520717621
v -1.0199026441448994e-16 -0.32982099056243896 0.4164068400859833
v -1.0287033164668716e-16 -0.2750000059604645 0.41999998688697815
v -1.0287033164668716e-16 0.2750000059604645 0.41999998688697815
v -1.0199026441448994e-16 0.32982099056243896 0.4164068400859833
v -9.936511078760185e-17 0.3837040066719055 0.4056888520717621
v -9.503979659945187e-17 0.4357270300388336 0.38802939653396606
v -8.908831811891654e-17 0.48500001430511475 0.36373066902160645
v -8.16125178230134e-17 0.5306798219680786 0.3332084119319916
v -7.274031092166763e-17 0.5719848275184631 0.29698485136032104
v -6.262348836600517e-17 0.608208417892456 0.25567978620529175
v -5.143516582334358e-17 0.6387306451797485 0.20999999344348907
v -3.936677273976232e-17 0.6630294322967529 0.16072703897953033
v -2.662480152029545e-17 0.6806888580322266 0.10870400071144104
v -1.3427272986174188e-17 0.6914068460464478 0.05482099950313568
v -6.298990804004863e-33 0.6949999928474426 2.571758291167179e-17
vt 0 0
vt 0 0.03999999910593033
vt 0 0.07999999821186066
vt 0 0.11999999731779099
vt 0 0.1599999964237213
vt 0 0.20000000298023224
vt 0 0.23999999463558197
vt 0 0.2800000011920929
vt 0 0.3199999928474426
vt 0 0.36000001430511475
vt 0 0.4000000059604645
vt 0 0.4399999976158142
vt 0 0.47999998927116394
vt 0 0.5199999809265137
vt 0 0.5600000023841858
vt 0 0.6000000238418579
vt 0 0.6399999856948853
vt 0 0.6800000071525574
vt 0 0.7200000286102295
vt 0 0.7599999904632568
vt 0 0.800000011920929
vt 0 0.8399999737739563
vt 0 0.8799999952316284
vt 0 0.9200000166893005
vt 0 0.9599999785423279
vt 0 1
vt 0.0714285746216774 0
vt 0.0714285746216774 0.03999999910593033
vt 0.0714285746216774 0.07999999821186066
vt 0.0714285746216774 0.11999999731779099
vt 0.0714285746216774 0.1599999964237213
vt 0.0714285746216774 0.20000000298023224
vt 0.0714285746216774 0.23999999463558197
vt 0.0714285746216774 0.2800000011920929
vt 0.0714285746216774 0.3199999928474426
vt 0.0714285746216774 0.36000001430511475
vt 0.0714285746216774 0.4000000059604645
vt 0.0714285746216774 0.4399999976158142
vt 0.0714285746216774 0.47999998927116394
vt 0.0714285746216774 0.5199999809265137
vt 0.0714285746216774 0.5600000023841858
vt 0.0714285746216774 0.6000000238418579
vt 0.0714285746216774 0.6399999856948853
vt 0.0714285746216774 0.6800000071525574
vt 0.0714285746216774 0.7200000286102295
vt 0.0714285746216774 0.7599999904632568
vt 0.0714285746216774 0.800000011920929
vt 0.0714285746216774 0.8399999737739563
vt 0.0714285746216774 0.8799999952316284
vt 0.0714285746216774 0.9200000166893005
vt 0.0714285746216774 0.9599999785423279
vt 0.0714285746216774 1
vt 0.1428571492433548 0
vt 0.1428571492433548 0.03999999910593033
vt 0.1428571492433548 0.07999999821186066
vt 0.1428571492433548 0.11999999731779099
vt 0.1428571492433548 0.1599999964237213
vt 0.1428571492433548 0.20000000298023224
vt 0.1428571492433548 0.23999999463558197
vt 0.1428571492433548 0.2800000011920929
vt 0.1428571492433548 0.3199999928474426
vt 0.1428571492433548 0.36000001430511475
vt 0.1428571492433548 0.4000000059604645
vt 0.1428571492433548 0.4399999976158142
vt 0.1428571492433548 0.47999998927116394
vt 0.1428571492433548 0.5199999809265137
vt 0.1428571492433548 0.5600000023841858
vt 0.1428571492433548 0.6000000238418579
vt 0.1428571492433548 0.6399999856948853
vt 0.1428571492433548 0.6800000071525574
vt 0.1428571492433548 0.7200000286102295
vt 0.1428571492433548 0.7599999904632568
vt 0.1428571492433548 0.800000011920929
vt 0.1428571492433548 0.8399999737739563
vt 0.1428571492433548 0.8799999952316284
vt 0.1428571492433548 0.9200000166893005
vt 0.1428571492433548 0.9599999785423279
vt 0.1428571492433548 1
vt 0.2142857164144516 0
vt 0.2142857164144516 0.03999999910593033
vt 0.2142857164144516 0.07999999821186066
vt 0.2142857164144516 0.11999999731779099
vt 0.2142857164144516 0.1599999964237213
vt 0.2142857164144516 0.20000000298023224
vt 0.2142857164144516 0.23999999463558197
vt 0.2142857164144516 0.2800000011920929
vt 0.2142857164144516 0.3199999928474426
vt 0.2142857164144516 0.36000001430511475
vt 0.2142857164144516 0.4000000059604645
vt 0.2142857164144516 0.4399999976158142
vt 0.2142857164144516 0.47999998927116394
vt 0.2142857164144516 0.5199999809265137
vt 0.2142857164144516 0.5600000023841858
vt 0.2142857164144516 0.6000000238418579
vt 0.2142857164144516 0.6399999856948853
vt 0.2142857164144516 0.6800000071525574
vt 0.2142857164144516 0.7200000286102295
vt 0.2142857164144516 0.7599999904632568
vt 0.2142857164144516 0.800000011920929
vt 0.2142857164144516 0.8399999737739563
vt 0.2142857164144516 0.8799999952316284
vt 0.2142857164144516 0.9200000166893005
vt 0.2142857164144516 0.9599999785423279
vt 0.2142857164144516 1
vt 0.2857142984867096 0
vt 0.2857142984867096 0.03999999910593033
vt 0.2857142984867096 0.07999999821186066
vt 0.2857142984867096 0.11999999731779099
vt 0.2857142984867096 0.1599999964237213
vt 0.2857142984867096 0.20000000298023224
vt 0.2857142984867096 0.23999999463558197
vt 0.2857142984867096 0.2800000011920929
vt 0.2857142984867096 0.3199999928474426
vt 0.2857142984867096 0.36000001430511475
vt 0.2857142984867096 0.4000000059604645
vt 0.2857142984867096 0.4399999976158142
vt 0.2857142984867096 0.47999998927116394
vt 0.2857142984867096 0.5199999809265137
vt 0.2857142984867096 0.5600000023841858
vt 0.2857142984867096 0.6000000238418579
vt 0.2857142984867096 0.6399999856948853
vt 0.2857142984867096 0.6800000071525574
vt 0.2857142984867096 0.7200000286102295
vt 0.2857142984867096 0.7599999904632568
vt 0.2857142984867096 0.800000011920929
vt 0.2857142984867096 0.8399999737739563
vt 0.2857142984867096 0.8799999952316284
vt 0.2857142984867096 0.9200000166893005
vt 0.2857142984867096 0.9599999785423279
vt 0.2857142984867096 1
vt 0.3571428656578064 0
vt 0.3571428656578064 0.03999999910593033
vt 0.3571428656578064 0.07999999821186066
vt 0.3571428656578064 0.11999999731779099
vt 0.3571428656578064 0.1599999964237213
vt 0.3571428656578064 0.20000000298023224
vt 0.3571428656578064 0.23999999463558197
vt 0.3571428656578064 0.2800000011920929
vt 0.3571428656578064 0.3199999928474426
vt 0.3571428656578064 0.36000001430511475
vt 0.3571428656578064 0.4000000059604645
vt 0.3571428656578064 0.4399999976158142
vt 0.3571428656578064 0.47999998927116394
vt 0.3571428656578064 0.5199999809265137
vt 0.3571428656578064 0.5600000023841858
vt 0.3571428656578064 0.6000000238418579
vt 0.3571428656578064 0.6399999856948853
vt 0.3571428656578064 0.6800000071525574
vt 0.3571428656578064 0.7200000286102295
vt 0.3571428656578064 0.7599999904632568
vt 0.3571428656578064 0.800000011920929
vt 0.3571428656578064 0.8399999737739563
vt 0.3571428656578064 0.8799999952316284
vt 0.3571428656578064 0.9200000166893005
vt 0.3571428656578064 0.9599999785423279
vt 0.3571428656578064 1
vt 0.4285714328289032 0
vt 0.4285714328289032 0.03999999910593033
vt 0.4285714328289032 0.07999999821186066
vt 0.4285714328289032 0.11999999731779099
vt 0.4285714328289032 0.1599999964237213
vt 0.4285714328289032 0.20000000298023224
vt 0.4285714328289032 0.23999999463558197
vt 0.4285714328289032 0.2800000011920929
vt 0.4285714328289032 0.3199999928474426
vt 0.4285714328289032 0.36000001430511475
vt 0.4285714328289032 0.4000000059604645
vt 0.4285714328289032 0.4399999976158142
vt 0.4285714328289032 0.47999998927116394
vt 0.4285714328289032 0.5199999809265137
vt 0.4285714328289032 0.5600000023841858
vt 0.4285714328289032 0.6000000238418579
vt 0.4285714328289032 0.6399999856948853
vt 0.4285714328289032 0.6800000071525574
vt 0.4285714328289032 0.7200000286102295
vt 0.4285714328289032 0.7599999904632568
vt 0.4285714328289032 0.800000011920929
vt 0.4285714328289032 0.8399999737739563
vt 0.4285714328289032 0.8799999952316284
vt 0.4285714328289032 0.9200000166893005
vt 0.4285714328289032 0.9599999785423279
vt 0.4285714328289032 1
vt 0.5 0
vt 0.5 0.03999999910593033
vt 0.5 0.07999999821186066
vt 0.5 0.11999999731779099
vt 0.5 0.1599999964237213
vt 0.5 0.20000000298023224
vt 0.5 0.23999999463558197
vt 0.5 0.2800000011920929
vt 0.5 0.3199999928474426
vt 0.5 0.36000001430511475
vt 0.5 0.4000000059604645
vt 0.5 0.4399999976158142
vt 0.5 0.47999998927116394
vt 0.5 0.5199999809265137
vt 0.5 0.5600000023841858
vt 0.5 0.6000000238418579
vt 0.5 0.6399999856948853
vt 0.5 0.6800000071525574
vt 0.5 0.7200000286102295
vt 0.5 0.7599999904632568
vt 0.5 0.800000011920929
vt 0.5 0.8399999737739563
vt 0.5 0.8799999952316284
vt 0.5 0.9200000166893005
vt 0.5 0.9599999785423279
vt 0.5 1
vt 0.5714285969734192 0
vt 0.5714285969734192 0.03999999910593033
vt 0.5714285969734192 0.07999999821186066
vt 0.5714285969734192 0.11999999731779099
vt 0.5714285969734192 0.1599999964237213
vt 0.5714285969734192 0.20000000298023224
vt 0.5714285969734192 0.23999999463558197
vt 0.5714285969734192 0.2800000011920929
vt 0.5714285969734192 0.3199999928474426
vt 0.5714285969734192 0.36000001430511475
vt 0.5714285969734192 0.4000000059604645
vt 0.5714285969734192 0.4399999976158142
vt 0.5714285969734192 0.47999998927116394
vt 0.5714285969734192 0.5199999809265137
vt 0.5714285969734192 0.5600000023841858
vt 0.5714285969734192 0.6000000238418579
vt 0.5714285969734192 0.6399999856948853
vt 0.5714285969734192 0.6800000071525574
vt 0.5714285969734192 0.7200000286102295
vt 0.5714285969734192 0.7599999904632568
vt 0.5714285969734192 0.800000011920929
vt 0.5714285969734192 0.8399999737739563
vt 0.5714285969734192 0.8799999952316284
vt 0.5714285969734192 0.9200000166893005
vt 0.5714285969734192 0.9599999785423279
vt 0.5714285969734192 1
vt 0.6428571343421936 0
vt 0.6428571343421936 0.03999999910593033
vt 0.6428571343421936 0.07999999821186066
vt 0.6428571343421936 0.11999999731779099
vt 0.6428571343421936 0.1599999964237213
vt 0.6428571343421936 0.20000000298023224
vt 0.6428571343421936 0.23999999463558197
vt 0.6428571343421936 0.2800000011920929
vt 0.6428571343421936 0.3199999928474426
vt 0.6428571343421936 0.36000001430511475
vt 0.6428571343421936 0.4000000059604645
vt 0.6428571343421936 0.4399999976158142
vt 0.6428571343421936 0.47999998927116394
vt 0.6428571343421936 0.5199999809265137
vt 0.6428571343421936 0.5600000023841858
vt 0.6428571343421936 0.6000000238418579
vt 0.6428571343421936 0.6399999856948853
vt 0.6428571343421936 0.6800000071525574
vt 0.6428571343421936 0.7200000286102295
vt 0.6428571343421936 0.7599999904632568
vt 0.6428571343421936 0.800000011920929
vt 0.6428571343421936 0.8399999737739563
vt 0.6428571343421936 0.8799999952316284
vt 0.6428571343421936 0.9200000166893005
vt 0.6428571343421936 0.9599999785423279
vt 0.6428571343421936 1
vt 0.7142857313156128 0
vt 0.7142857313156128 0.03999999910593033
vt 0.7142857313156128 0.07999999821186066
vt 0.7142857313156128 0.11999999731779099
vt 0.7142857313156128 0.1599999964237213
vt 0.7142857313156128 0.20000000298023224
vt 0.7142857313156128 0.23999999463558197
vt 0.7142857313156128 0.2800000011920929
vt 0.7142857313156128 0.3199999928474426
vt 0.7142857313156128 0.36000001430511475
vt 0.7142857313156128 0.4000000059604645
vt 0.7142857313156128 0.4399999976158142
vt 0.7142857313156128 0.47999998927116394
vt 0.7142857313156128 0.5199999809265137
vt 0.7142857313156128 0.5600000023841858
vt 0.7142857313156128 0.6000000238418579
vt 0.7142857313156128 0.6399999856948853
vt 0.7142857313156128 0.6800000071525574
vt 0.7142857313156128 0.7200000286102295
vt 0.7142857313156128 0.7599999904632568
vt 0.7142857313156128 0.800000011920929
vt 0.7142857313156128 0.8399999737739563
vt 0.7142857313156128 0.8799999952316284
vt 0.7142857313156128 0.9200000166893005
vt 0.7142857313156128 0.9599999785423279
vt 0.7142857313156128 1
vt 0.7857142686843872 0
vt 0.7857142686843872 0.03999999910593033
vt 0.7857142686843872 0.07999999821186066
vt 0.7857142686843872 0.11999999731779099
vt 0.7857142686843872 0.1599999964237213
vt 0.7857142686843872 0.20000000298023224
vt 0.7857142686843872 0.23999999463558197
vt 0.7857142686843872 0.2800000011920929
vt 0.7857142686843872 0.3199999928474426
vt 0.7857142686843872 0.36000001430511475
vt 0.7857142686843872 0.4000000059604645
vt 0.7857142686843872 0.4399999976158142
vt 0.7857142686843872 0.47999998927116394
vt 0.7857142686843872 0.5199999809265137
vt 0.7857142686843872 0.5600000023841858
vt 0.7857142686843872 0.6000000238418579
vt 0.7857142686843872 0.6399999856948853
vt 0.7857142686843872 0.6800000071525574
vt 0.7857142686843872 0.7200000286102295
vt 0.7857142686843872 0.7599999904632568
vt 0.7857142686843872 0.800000011920929
vt 0.7857142686843872 0.8399999737739563
vt 0.7857142686843872 0.8799999952316284
vt 0.7857142686843872 0.9200000166893005
vt 0.7857142686843872 0.9599999785423279
vt 0.7857142686843872 1
vt 0.8571428656578064 0
vt 0.8571428656578064 0.03999999910593033
vt 0.8571428656578064 0.07999999821186066
vt 0.8571428656578064 0.11999999731779099
vt 0.8571428656578064 0.1599999964237213
vt 0.8571428656578064 0.20000000298023224
vt 0.8571428656578064 0.23999999463558197
vt 0.8571428656578064 0.2800000011920929
vt 0.8571428656578064 0.3199999928474426
vt 0.8571428656578064 0.36000001430511475
vt 0.8571428656578064 0.4000000059604645
vt 0.8571428656578064 0.4399999976158142
vt 0.8571428656578064 0.47999998927116394
vt 0.8571428656578064 0.5199999809265137
vt 0.8571428656578064 0.5600000023841858
vt 0.8571428656578064 0.6000000238418579
vt 0.8571428656578064 0.6399999856948853
vt 0.8571428656578064 0.6800000071525574
vt 0.8571428656578064 0.7200000286102295
vt 0.8571428656578064 0.7599999904632568
vt 0.8571428656578064 0.800000011920929
vt 0.8571428656578064 0.8399999737739563
vt 0.8571428656578064 0.8799999952316284
vt 0.8571428656578064 0.9200000166893005
vt 0.8571428656578064 0.9599999785423279
vt 0.8571428656578064 1
vt 0.9285714030265808 0
vt 0.9285714030265808 0.03999999910593033
vt 0.9285714030265808 0.07999999821186066
vt 0.9285714030265808 0.11999999731779099
vt 0.9285714030265808 0.1599999964237213
vt 0.9285714030265808 0.20000000298023224
vt 0.9285714030265808 0.23999999463558197
vt 0.9285714030265808 0.2800000011920929
vt 0.9285714030265808 0.3199999928474426
vt 0.9285714030265808 0.36000001430511475
vt 0.9285714030265808 0.4000000059604645
vt 0.9285714030265808 0.4399999976158142
vt 0.9285714030265808 0.47999998927116394
vt 0.9285714030265808 0.5199999809265137
vt 0.9285714030265808 0.5600000023841858
vt 0.9285714030265808 0.6000000238418579
vt 0.9285714030265808 0.6399999856948853
vt 0.9285714030265808 0.6800000071525574
vt 0.9285714030265808 0.7200000286102295
vt 0.9285714030265808 0.7599999904632568
vt 0.9285714030265808 0.800000011920929
vt 0.9285714030265808 0.8399999737739563
vt 0.9285714030265808 0.8799999952316284
vt 0.9285714030265808 0.9200000166893005
vt 0.9285714030265808 0.9599999785423279
vt 0.9285714030265808 1
vt 1 0
vt 1 0.03999999910593033
vt 1 0.07999999821186066
vt 1 0.11999999731779099
vt 1 0.1599999964237213
vt 1 0.20000000298023224
vt 1 0.23999999463558197
vt 1 0.2800000011920929
vt 1 0.3199999928474426
vt 1 0.36000001430511475
vt 1 0.4000000059604645
vt 1 0.4399999976158142
vt 1 0.47999998927116394
vt 1 0.5199999809265137
vt 1 0.5600000023841858
vt 1 0.6000000238418579
vt 1 0.6399999856948853
vt 1 0.6800000071525574
vt 1 0.7200000286102295
vt 1 0.7599999904632568
vt 1 0.800000011920929
vt 1 0.8399999737739563
vt 1 0.8799999952316284
vt 1 0.9200000166893005
vt 1 0.9599999785423279
vt 1 1
vn 0 -0.9978589235160039 0.06540312499783225
vn 0 -0.9914448627185043 0.13052618200608704
vn 0 -0.9659258257467466 0.2588190471264927
vn 0 -0.9238795305660377 0.3826834370613369
vn 0 -0.8660253998985324 0.5000000067305869
vn 0 -0.7933533320874723 0.6087614397000725
vn 0 -0.7071067811865476 0.7071067811865476
vn 0 -0.6087614397000725 0.7933533320874723
vn 0 -0.5000000067305869 0.8660253998985324
vn 0 -0.3826834370613369 0.9238795305660377
vn 0 -0.2588190471264927 0.9659258257467466
vn 0 -0.13052618200608704 0.9914448627185043
vn 0 -0.005940757205531053 0.9999823535462139
vn 0 0.005940757205531053 0.9999823535462139
vn 0 0.13052618200608704 0.9914448627185043
vn 0 0.2588190471264927 0.9659258257467466
vn 0 0.3826834370613369 0.9238795305660377
vn 0 0.5000000067305869 0.8660253998985324
vn 0 0.6087614397000725 0.7933533320874723
vn 0 0.7071067811865476 0.7071067811865476
vn 0 0.7933533320874723 0.6087614397000725
vn 0 0.8660253998985324 0.5000000067305869
vn 0 0.9238795305660377 0.3826834370613369
vn 0 0.9659258257467466 0.2588190471264927
vn 0 0.9914448627185043 0.13052618200608704
vn 0 0.9978589231586936 0.06540313044933443
vn 0.028377353625764212 -0.9978589232948989 0.05892618265205569
vn 0.056633191655902054 -0.9914448613976405 0.11760003576138549
vn 0.11229737998904929 -0.965925825697602 0.23318790212616303
vn 0.1660401261522086 -0.923879524475302 0.3447858766867466
vn 0.21694186740480123 -0.8660254046333798 0.45048443335647964
vn 0.26413170004084024 -0.7933533342124233 0.5484750970897101
vn 0.3068021254899962 -0.7071067730145022 0.6370812093853011
vn 0.34422311490194885 -0.6087614351524144 0.7147866550505627
vn 0.3757543267157372 -0.5000000001780183 0.7802619340813601
vn 0.4008563234367621 -0.38268343315578734 0.8323866877532715
vn 0.41909950192806283 -0.2588190388267835 0.8702691035676434
vn 0.4301718147961574 -0.13052618420280626 0.8932609501105684
vn 0.4338760843592924 -0.005940757050348717 0.9009529681546738
vn 0.4338760843592924 0.005940757050348717 0.9009529681546738
vn 0.4301718147961574 0.13052618420280626 0.8932609501105684
vn 0.41909950192806283 0.2588190388267835 0.8702691035676434
vn 0.4008563234367621 0.38268343315578734 0.8323866877532715
vn 0.3757543267157372 0.5000000001780183 0.7802619340813601
vn 0.34422311490194885 0.6087614351524144 0.7147866550505627
vn 0.3068021254899962 0.7071067730145022 0.6370812093853011
vn 0.26413170004084024 0.7933533342124233 0.5484750970897101
vn 0.21694186740480123 0.8660254046333798 0.45048443335647964
vn 0.1660401261522086 0.923879524475302 0.3447858766867466
vn 0.11229737998904929 0.965925825697602 0.23318790212616303
vn 0.056633191655902054 0.9914448613976405 0.11760003576138549
vn 0.028377354782181046 0.9978589232464341 0.05892618291586033
vn 0.051134224051208974 -0.9978589234092567 0.04077818170541758
vn 0.10204948237248479 -0.9914448616708015 0.0813817511121077
vn 0.20235288385932754 -0.9659258243100393 0.1613710393000704
vn 0.29919395739481197 -0.9238795316474727 0.23859921806510145
vn 0.3909157554461697 -0.8660253970778502 0.3117449017387486
vn 0.47594885174866663 -0.7933533381188578 0.37955654574093595
vn 0.5528383369395901 -0.7071067837160909 0.4408738704352456
vn 0.6202686347547341 -0.6087614217901969 0.4946477050179008
vn 0.6770859337725307 -0.4999999983037915 0.5399579983513427
vn 0.7223181048858147 -0.38268342192222116 0.5760294731522548
vn 0.755191209836931 -0.2588190446318764 0.6022449158945845
vn 0.7751427914667949 -0.13052618547011283 0.618155779511675
vn 0.7818176957729053 -0.005940757386804423 0.623478787111491
vn 0.7818176957729053 0.005940757386804423 0.623478787111491
vn 0.7751427914667949 0.13052618547011283 0.618155779511675
vn 0.755191209836931 0.2588190446318764 0.6022449158945845
vn 0.7223181048858147 0.38268342192222116 0.5760294731522548
vn 0.6770859337725307 0.4999999983037915 0.5399579983513427
vn 0.6202686347547341 0.6087614217901969 0.4946477050179008
vn 0.5528383369395901 0.7071067837160909 0.4408738704352456
vn 0.47594885174866663 0.7933533381188578 0.37955654574093595
vn 0.3909157554461697 0.8660253970778502 0.3117449017387486
vn 0.29919395739481197 0.9238795316474727 0.23859921806510145
vn 0.20235288385932754 0.9659258243100393 0.1613710393000704
vn 0.10204948237248479 0.9914448616708015 0.0813817511121077
vn 0.051134226400286004 0.9978589230735665 0.04077818697424415
vn 0.06376333418522909 -0.9978589233712393 0.014553565266762356
vn 0.12725361884305644 -0.9914448625633133 0.029044810003835193
vn 0.25232991877121497 -0.9659258242408101 0.057592657150230264
vn 0.37308875867790015 -0.9238795324706208 0.085155079884001
vn 0.4874639588940422 -0.8660254020684025 0.11126046805406449
vn 0.5934985310034597 -0.793353323178 0.13546216556352247
vn 0.6893781468235639 -0.7071067736664909 0.15734605593110657
vn 0.7734623077459165 -0.608761439399592 0.1765377251368619
vn 0.8443123316205994 -0.5000000126740947 0.19270878028593394
vn 0.900715947848313 -0.38268342643792513 0.20558252946552685
vn 0.941708047530389 -0.25881904891706803 0.21493871948573373
vn 0.9665872685058343 -0.1305261881471891 0.2206172399659529
vn 0.9749107081784522 -0.005940757056152582 0.22251700718054904
vn 0.9749107081784522 0.005940757056152582 0.22251700718054904
vn 0.9665872685058343 0.1305261881471891 0.2206172399659529
vn 0.941708047530389 0.25881904891706803 0.21493871948573373
vn 0.900715947848313 0.38268342643792513 0.20558252946552685
vn 0.8443123316205994 0.5000000126740947 0.19270878028593394
vn 0.7734623077459165 0.608761439399592 0.1765377251368619
vn 0.6893781468235639 0.7071067736664909 0.15734605593110657
vn 0.5934985310034597 0.793353323178 0.13546216556352247
vn 0.4874639588940422 0.8660254020684025 0.11126046805406449
vn 0.37308875867790015 0.9238795324706208 0.085155079884001
vn 0.25232991877121497 0.9659258242408101 0.057592657150230264
vn 0.12725361884305644 0.9914448625633133 0.029044810003835193
vn 0.06376333708121164 0.9978589231738373 0.014553566113421868
vn 0.06376333418522909 -0.9978589233712393 -0.014553565266762356
vn 0.12725361884305644 -0.9914448625633133 -0.029044810003835193
vn 0.25232991877121497 -0.9659258242408101 -0.057592657150230264
vn 0.37308875867790015 -0.9238795324706208 -0.085155079884001
vn 0.4874639588940422 -0.8660254020684025 -0.11126046805406449
vn 0.5934985310034597 -0.793353323178 -0.13546216556352247
vn 0.6893781468235639 -0.7071067736664909 -0.15734605593110657
vn 0.7734623077459165 -0.608761439399592 -0.1765377251368619
vn 0.8443123316205994 -0.5000000126740947 -0.19270878028593394
vn 0.900715947848313 -0.38268342643792513 -0.20558252946552685
vn 0.941708047530389 -0.25881904891706803 -0.21493871948573373
vn 0.9665872685058343 -0.1305261881471891 -0.2206172399659529
vn 0.9749107081784522 -0.005940757056152582 -0.22251700718054904
vn 0.9749107081784522 0.005940757056152582 -0.22251700718054904
vn 0.9665872685058343 0.1305261881471891 -0.2206172399659529
vn 0.941708047530389 0.25881904891706803 -0.21493871948573373
vn 0.900715947848313 0.38268342643792513 -0.20558252946552685
vn 0.8443123316205994 0.5000000126740947 -0.19270878028593394
vn 0.7734623077459165 0.608761439399592 -0.1765377251368619
vn 0.6893781468235639 0.7071067736664909 -0.15734605593110657
vn 0.5934985310034597 0.793353323178 -0.13546216556352247
vn 0.4874639588940422 0.8660254020684025 -0.11126046805406449
vn 0.37308875867790015 0.9238795324706208 -0.085155079884001
vn 0.25232991877121497 0.9659258242408101 -0.057592657150230264
vn 0.12725361884305644 0.9914448625633133 -0.029044810003835193
vn 0.06376333708121164 0.9978589231738373 -0.014553566113421868
vn 0.051134224051208974 -0.9978589234092567 -0.04077818170541758
vn 0.10204948237248479 -0.9914448616708015 -0.0813817511121077
vn 0.20235288385932754 -0.9659258243100393 -0.1613710393000704
vn 0.29919395739481197 -0.9238795316474727 -0.23859921806510145
vn 0.3909157554461697 -0.8660253970778502 -0.3117449017387486
vn 0.47594885174866663 -0.7933533381188578 -0.37955654574093595
vn 0.5528383369395901 -0.7071067837160909 -0.4408738704352456
vn 0.6202686347547341 -0.6087614217901969 -0.4946477050179008
vn 0.6770859337725307 -0.4999999983037915 -0.5399579983513427
vn 0.7223181048858147 -0.38268342192222116 -0.5760294731522548
vn 0.755191209836931 -0.2588190446318764 -0.6022449158945845
vn 0.7751427914667949 -0.13052618547011283 -0.618155779511675
vn 0.7818176957729053 -0.005940757386804423 -0.623478787111491
vn 0.7818176957729053 0.005940757386804423 -0.623478787111491
vn 0.7751427914667949 0.13052618547011283 -0.618155779511675
vn 0.755191209836931 0.2588190446318764 -0.6022449158945845
vn 0.7223181048858147 0.38268342192222116 -0.5760294731522548
vn 0.6770859337725307 0.4999999983037915 -0.5399579983513427
vn 0.6202686347547341 0.6087614217901969 -0.4946477050179008
vn 0.5528383369395901 0.7071067837160909 -0.4408738704352456
vn 0.47594885174866663 0.7933533381188578 -0.37955654574093595
vn 0.3909157554461697 0.8660253970778502 -0.3117449017387486
vn 0.29919395739481197 0.9238795316474727 -0.23859921806510145
vn 0.20235288385932754 0.9659258243100393 -0.1613710393000704
vn 0.10204948237248479 0.9914448616708015 -0.0813817511121077
vn 0.051134226400286004 0.9978589230735665 -0.04077818697424415
vn 0.028377353625764212 -0.9978589232948989 -0.05892618265205569
vn 0.056633191655902054 -0.9914448613976405 -0.11760003576138549
vn 0.11229737998904929 -0.965925825697602 -0.23318790212616303
vn 0.1660401261522086 -0.923879524475302 -0.3447858766867466
vn 0.21694186740480123 -0.8660254046333798 -0.45048443335647964
vn 0.26413170004084024 -0.7933533342124233 -0.5484750970897101
vn 0.3068021254899962 -0.7071067730145022 -0.6370812093853011
vn 0.34422311490194885 -0.6087614351524144 -0.7147866550505627
vn 0.3757543267157372 -0.5000000001780183 -0.7802619340813601
vn 0.4008563234367621 -0.38268343315578734 -0.8323866877532715
vn 0.41909950192806283 -0.2588190388267835 -0.8702691035676434
vn 0.4301718147961574 -0.13052618420280626 -0.8932609501105684
vn 0.4338760843592924 -0.005940757050348717 -0.9009529681546738
vn 0.4338760843592924 0.005940757050348717 -0.9009529681546738
vn 0.4301718147961574 0.13052618420280626 -0.8932609501105684
vn 0.41909950192806283 0.2588190388267835 -0.8702691035676434
vn 0.4008563234367621 0.38268343315578734 -0.8323866877532715
vn 0.3757543267157372 0.5000000001780183 -0.7802619340813601
vn 0.34422311490194885 0.6087614351524144 -0.7147866550505627
vn 0.3068021254899962 0.7071067730145022 -0.6370812093853011
vn 0.26413170004084024 0.7933533342124233 -0.5484750970897101
vn 0.21694186740480123 0.8660254046333798 -0.45048443335647964
vn 0.1660401261522086 0.923879524475302 -0.3447858766867466
vn 0.11229737998904929 0.965925825697602 -0.23318790212616303
vn 0.056633191655902054 0.9914448613976405 -0.11760003576138549
vn 0.028377354782181046 0.9978589232464341 -0.05892618291586033
vn 8.009573182943855e-18 -0.9978589235160039 -0.06540312499783225
vn 1.5984848067537247e-17 -0.9914448627185043 -0.13052618200608704
vn 3.1696191689360264e-17 -0.9659258257467466 -0.2588190471264927
vn 4.686520603449003e-17 -0.9238795305660377 -0.3826834370613369
vn 6.12323434535176e-17 -0.8660253998985324 -0.5000000067305869
vn 7.455177150274988e-17 -0.7933533320874723 -0.6087614397000725
vn 8.659560751628624e-17 -0.7071067811865476 -0.7071067811865476
vn 9.71577643615598e-17 -0.6087614397000725 -0.7933533320874723
vn 1.0605752614896174e-16 -0.5000000067305869 -0.8660253998985324
vn 1.131426144463939e-16 -0.3826834370613369 -0.9238795305660377
vn 1.1829179227392118e-16 -0.2588190471264927 -0.9659258257467466
vn 1.2141696885902594e-16 -0.13052618200608704 -0.9914448627185043
vn 1.224625143105431e-16 -0.005940757205531053 -0.9999823535462139
vn 1.224625143105431e-16 0.005940757205531053 -0.9999823535462139
vn 1.2141696885902594e-16 0.13052618200608704 -0.9914448627185043
vn 1.1829179227392118e-16 0.2588190471264927 -0.9659258257467466
vn 1.131426144463939e-16 0.3826834370613369 -0.9238795305660377
vn 1.0605752614896174e-16 0.5000000067305869 -0.8660253998985324
vn 9.71577643615598e-17 0.6087614397000725 -0.7933533320874723
vn 8.659560751628624e-17 0.7071067811865476 -0.7071067811865476
vn 7.455177150274988e-17 0.7933533320874723 -0.6087614397000725
vn 6.12323434535176e-17 0.8660253998985324 -0.5000000067305869
vn 4.686520603449003e-17 0.9238795305660377 -0.3826834370613369
vn 3.1696191689360264e-17 0.9659258257467466 -0.2588190471264927
vn 1.5984848067537247e-17 0.9914448627185043 -0.13052618200608704
vn 8.00957325813069e-18 0.9978589231586936 -0.06540313044933443
vn -0.028377353625764212 -0.9978589232948989 -0.05892618265205569
vn -0.056633191655902054 -0.9914448613976405 -0.11760003576138549
vn -0.11229737998904929 -0.965925825697602 -0.23318790212616303
vn -0.1660401261522086 -0.923879524475302 -0.3447858766867466
vn -0.21694186740480123 -0.8660254046333798 -0.45048443335647964
vn -0.26413170004084024 -0.7933533342124233 -0.5484750970897101
vn -0.3068021254899962 -0.7071067730145022 -0.6370812093853011
vn -0.34422311490194885 -0.6087614351524144 -0.7147866550505627
vn -0.3757543267157372 -0.5000000001780183 -0.7802619340813601
vn -0.4008563234367621 -0.38268343315578734 -0.8323866877532715
vn -0.41909950192806283 -0.2588190388267835 -0.8702691035676434
vn -0.4301718147961574 -0.13052618420280626 -0.8932609501105684
vn -0.4338760843592924 -0.005940757050348717 -0.9009529681546738
vn -0.4338760843592924 0.005940757050348717 -0.9009529681546738
vn -0.4301718147961574 0.13052618420280626 -0.8932609501105684
vn -0.41909950192806283 0.2588190388267835 -0.8702691035676434
vn -0.4008563234367621 0.38268343315578734 -0.8323866877532715
vn -0.3757543267157372 0.5000000001780183 -0.7802619340813601
vn -0.34422311490194885 0.6087614351524144 -0.7147866550505627
vn -0.3068021254899962 0.7071067730145022 -0.6370812093853011
vn -0.26413170004084024 0.7933533342124233 -0.5484750970897101
vn -0.21694186740480123 0.8660254046333798 -0.45048443335647964
vn -0.1660401261522086 0.923879524475302 -0.3447858766867466
vn -0.11229737998904929 0.965925825697602 -0.23318790212616303
vn -0.056633191655902054 0.9914448613976405 -0.11760003576138549
vn -0.028377354782181046 0.9978589232464341 -0.05892618291586033
vn -0.051134224051208974 -0.9978589234092567 -0.04077818170541758
vn -0.10204948237248479 -0.9914448616708015 -0.0813817511121077
vn -0.20235288385932754 -0.9659258243100393 -0.1613710393000704
vn -0.29919395739481197 -0.9238795316474727 -0.23859921806510145
vn -0.3909157554461697 -0.8660253970778502 -0.3117449017387486
vn -0.47594885174866663 -0.7933533381188578 -0.37955654574093595
vn -0.5528383369395901 -0.7071067837160909 -0.4408738704352456
vn -0.6202686347547341 -0.6087614217901969 -0.4946477050179008
vn -0.6770859337725307 -0.4999999983037915 -0.5399579983513427
vn -0.7223181048858147 -0.38268342192222116 -0.5760294731522548
vn -0.755191209836931 -0.2588190446318764 -0.6022449158945845
vn -0.7751427914667949 -0.13052618547011283 -0.618155779511675
vn -0.7818176957729053 -0.005940757386804423 -0.623478787111491
vn -0.7818176957729053 0.005940757386804423 -0.623478787111491
vn -0.7751427914667949 0.13052618547011283 -0.618155779511675
vn -0.755191209836931 0.2588190446318764 -0.6022449158945845
vn -0.7223181048858147 0.38268342192222116 -0.5760294731522548
vn -0.6770859337725307 0.4999999983037915 -0.5399579983513427
vn -0.6202686347547341 0.6087614217901969 -0.4946477050179008
vn -0.5528383369395901 0.7071067837160909 -0.4408738704352456
vn -0.47594885174866663 0.7933533381188578 -0.37955654574093595
vn -0.3909157554461697 0.8660253970778502 -0.3117449017387486
vn -0.29919395739481197 0.9238795316474727 -0.23859921806510145
vn -0.20235288385932754 0.9659258243100393 -0.1613710393000704
vn -0.10204948237248479 0.9914448616708015 -0.0813817511121077
vn -0.051134226400286004 0.9978589230735665 -0.04077818697424415
vn -0.06376333418522909 -0.9978589233712393 -0.014553565266762356
vn -0.12725361884305644 -0.9914448625633133 -0.029044810003835193
vn -0.25232991877121497 -0.9659258242408101 -0.057592657150230264
vn -0.37308875867790015 -0.9238795324706208 -0.085155079884001
vn -0.4874639588940422 -0.8660254020684025 -0.11126046805406449
vn -0.5934985310034597 -0.793353323178 -0.13546216556352247
vn -0.6893781468235639 -0.7071067736664909 -0.15734605593110657
vn -0.7734623077459165 -0.608761439399592 -0.1765377251368619
vn -0.8443123316205994 -0.5000000126740947 -0.19270878028593394
vn -0.900715947848313 -0.38268342643792513 -0.20558252946552685
vn -0.941708047530389 -0.25881904891706803 -0.21493871948573373
vn -0.9665872685058343 -0.1305261881471891 -0.2206172399659529
vn -0.9749107081784522 -0.005940757056152582 -0.22251700718054904
vn -0.9749107081784522 0.005940757056152582 -0.22251700718054904
vn -0.9665872685058343 0.1305261881471891 -0.2206172399659529
vn -0.941708047530389 0.25881904891706803 -0.21493871948573373
vn -0.900715947848313 0.38268342643792513 -0.20558252946552685
vn -0.8443123316205994 0.5000000126740947 -0.19270878028593394
vn -0.7734623077459165 0.608761439399592 -0.1765377251368619
vn -0.6893781468235639 0.7071067736664909 -0.15734605593110657
vn -0.5934985310034597 0.793353323178 -0.13546216556352247
vn -0.4874639588940422 0.8660254020684025 -0.11126046805406449
vn -0.37308875867790015 0.9238795324706208 -0.085155079884001
vn -0.25232991877121497 0.9659258242408101 -0.057592657150230264
vn -0.12725361884305644 0.9914448625633133 -0.029044810003835193
vn -0.06376333708121164 0.9978589231738373 -0.014553566113421868
vn -0.06376333418522909 -0.9978589233712393 0.014553565266762356
vn -0.12725361884305644 -0.9914448625633133 0.029044810003835193
vn -0.25232991877121497 -0.9659258242408101 0.057592657150230264
vn -0.37308875867790015 -0.9238795324706208 0.085155079884001
vn -0.4874639588940422 -0.8660254020684025 0.11126046805406449
vn -0.5934985310034597 -0.793353323178 0.13546216556352247
vn -0.6893781468235639 -0.7071067736664909 0.15734605593110657
vn -0.7734623077459165 -0.608761439399592 0.1765377251368619
vn -0.8443123316205994 -0.5000000126740947 0.19270878028593394
vn -0.900715947848313 -0.38268342643792513 0.20558252946552685
vn -0.941708047530389 -0.25881904891706803 0.21493871948573373
vn -0.9665872685058343 -0.1305261881471891 0.2206172399659529
vn -0.9749107081784522 -0.005940757056152582 0.22251700718054904
vn -0.9749107081784522 0.005940757056152582 0.22251700718054904
vn -0.9665872685058343 0.1305261881471891 0.2206172399659529
vn -0.941708047530389 0.25881904891706803 0.21493871948573373
vn -0.900715947848313 0.38268342643792513 0.20558252946552685
vn -0.8443123316205994 0.5000000126740947 0.19270878028593394
vn -0.7734623077459165 0.608761439399592 0.1765377251368619
vn -0.6893781468235639 0.7071067736664909 0.15734605593110657
vn -0.5934985310034597 0.793353323178 0.13546216556352247
vn -0.4874639588940422 0.8660254020684025 0.11126046805406449
vn -0.37308875867790015 0.9238795324706208 0.085155079884001
vn -0.25232991877121497 0.9659258242408101 0.057592657150230264
vn -0.12725361884305644 0.9914448625633133 0.029044810003835193
vn -0.06376333708121164 0.9978589231738373 0.014553566113421868
vn -0.051134224051208974 -0.9978589234092567 0.04077818170541758
vn -0.10204948237248479 -0.9914448616708015 0.0813817511121077
vn -0.20235288385932754 -0.9659258243100393 0.1613710393000704
vn -0.29919395739481197 -0.9238795316474727 0.23859921806510145
vn -0.3909157554461697 -0.8660253970778502 0.3117449017387486
vn -0.47594885174866663 -0.7933533381188578 0.37955654574093595
vn -0.5528383369395901 -0.7071067837160909 0.4408738704352456
vn -0.6202686347547341 -0.6087614217901969 0.4946477050179008
vn -0.6770859337725307 -0.4999999983037915 0.5399579983513427
vn -0.7223181048858147 -0.38268342192222116 0.5760294731522548
vn -0.755191209836931 -0.2588190446318764 0.6022449158945845
vn -0.7751427914667949 -0.13052618547011283 0.618155779511675
vn -0.7818176957729053 -0.005940757386804423 0.623478787111491
vn -0.7818176957729053 0.005940757386804423 0.623478787111491
vn -0.7751427914667949 0.13052618547011283 0.618155779511675
vn -0.755191209836931 0.2588190446318764 0.6022449158945845
vn -0.7223181048858147 0.38268342192222116 0.5760294731522548
vn -0.6770859337725307 0.4999999983037915 0.5399579983513427
vn -0.6202686347547341 0.6087614217901969 0.4946477050179008
vn -0.5528383369395901 0.7071067837160909 0.4408738704352456
vn -0.47594885174866663 0.7933533381188578 0.37955654574093595
vn -0.3909157554461697 0.8660253970778502 0.3117449017387486
vn -0.29919395739481197 0.9238795316474727 0.23859921806510145
vn -0.20235288385932754 0.9659258243100393 0.1613710393000704
vn -0.10204948237248479 0.9914448616708015 0.0813817511121077
vn -0.051134226400286004 0.9978589230735665 0.04077818697424415
vn -0.028377353625764212 -0.9978589232948989 0.05892618265205569
vn -0.056633191655902054 -0.9914448613976405 0.11760003576138549
vn -0.11229737998904929 -0.965925825697602 0.23318790212616303
vn -0.1660401261522086 -0.923879524475302 0.3447858766867466
vn -0.21694186740480123 -0.8660254046333798 0.45048443335647964
vn -0.26413170004084024 -0.7933533342124233 0.5484750970897101
vn -0.3068021254899962 -0.7071067730145022 0.6370812093853011
vn -0.34422311490194885 -0.6087614351524144 0.7147866550505627
vn -0.3757543267157372 -0.5000000001780183 0.7802619340813601
vn -0.4008563234367621 -0.38268343315578734 0.8323866877532715
vn -0.41909950192806283 -0.2588190388267835 0.8702691035676434
vn -0.4301718147961574 -0.13052618420280626 0.8932609501105684
vn -0.4338760843592924 -0.005940757050348717 0.9009529681546738
vn -0.4338760843592924 0.005940757050348717 0.9009529681546738
vn -0.4301718147961574 0.13052618420280626 0.8932609501105684
vn -0.41909950192806283 0.2588190388267835 0.8702691035676434
vn -0.4008563234367621 0.38268343315578734 0.8323866877532715
vn -0.3757543267157372 0.5000000001780183 0.7802619340813601
vn -0.34422311490194885 0.6087614351524144 0.7147866550505627
vn -0.3068021254899962 0.7071067730145022 0.6370812093853011
vn -0.26413170004084024 0.7933533342124233 0.5484750970897101
vn -0.21694186740480123 0.8660254046333798 0.45048443335647964
vn -0.1660401261522086 0.923879524475302 0.3447858766867466
vn -0.11229737998904929 0.965925825697602 0.23318790212616303
vn -0.056633191655902054 0.9914448613976405 0.11760003576138549
vn -0.028377354782181046 0.9978589232464341 0.05892618291586033
vn -1.601914636588771e-17 -0.9978589235160039 0.06540312499783225
vn -3.1969696135074495e-17 -0.9914448627185043 0.13052618200608704
vn -6.339238337872053e-17 -0.9659258257467466 0.2588190471264927
vn -9.373041206898005e-17 -0.9238795305660377 0.3826834370613369
vn -1.224646869070352e-16 -0.8660253998985324 0.5000000067305869
vn -1.4910354300549975e-16 -0.7933533320874723 0.6087614397000725
vn -1.7319121503257247e-16 -0.7071067811865476 0.7071067811865476
vn -1.943155287231196e-16 -0.6087614397000725 0.7933533320874723
vn -2.1211505229792348e-16 -0.5000000067305869 0.8660253998985324
vn -2.262852288927878e-16 -0.3826834370613369 0.9238795305660377
vn -2.3658358454784237e-16 -0.2588190471264927 0.9659258257467466
vn -2.428339377180519e-16 -0.13052618200608704 0.9914448627185043
vn -2.449250286210862e-16 -0.005940757205531053 0.9999823535462139
vn -2.449250286210862e-16 0.005940757205531053 0.9999823535462139
vn -2.428339377180519e-16 0.13052618200608704 0.9914448627185043
vn -2.3658358454784237e-16 0.2588190471264927 0.9659258257467466
vn -2.262852288927878e-16 0.3826834370613369 0.9238795305660377
vn -2.1211505229792348e-16 0.5000000067305869 0.8660253998985324
vn -1.943155287231196e-16 0.6087614397000725 0.7933533320874723
vn -1.7319121503257247e-16 0.7071067811865476 0.7071067811865476
vn -1.4910354300549975e-16 0.7933533320874723 0.6087614397000725
vn -1.224646869070352e-16 0.8660253998985324 0.5000000067305869
vn -9.373041206898005e-17 0.9238795305660377 0.3826834370613369
vn -6.339238337872053e-17 0.9659258257467466 0.2588190471264927
vn -3.1969696135074495e-17 0.9914448627185043 0.13052618200608704
vn -1.601914651626138e-17 0.9978589231586936 0.06540313044933443
f 469/469/469 495/495/495 470/470/470
f 496/496/496 470/470/470 495/495/495
f 470/470/470 496/496/496 471/471/471
f 497/497/497 471/471/471 496/496/496
f 471/471/471 497/497/497 472/472/472
f 498/498/498 472/472/472 497/497/497
f 472/472/472 498/498/498 473/473/473
f 499/499/499 473/473/473 498/498/498
f 473/473/473 499/499/499 474/474/474
f 500/500/500 474/474/474 499/499/499
f 474/474/474 500/500/500 475/475/475
f 501/501/501 475/475/475 500/500/500
f 475/475/475 501/501/501 476/476/476
f 502/502/502 476/476/476 501/501/501
f 476/476/476 502/502/502 477/477/477
f 503/503/503 477/477/477 502/502/502
f 477/477/477 503/503/503 478/478/478
f 504/504/504 478/478/478 503/503/503
f 478/478/478 504/504/504 479/479/479
f 505/505/505 479/479/479 504/504/504
f 479/479/479 505/505/505 480/480/480
f 506/506/506 480/480/480 505/505/505
f 480/480/480 506/506/506 481/481/481
f 507/507/507 481/481/481 506/506/506
f 481/481/481 507/507/507 482/482/482
f 508/508/508 482/482/482 507/507/507
f 482/482/482 508/508/508 483/483/483
f 509/509/509 483/483/483 508/508/508
f 483/483/483 509/509/509 484/484/484
f 510/510/510 484/484/484 509/509/509
f 484/484/484 510/510/510 485/485/485
f 511/511/511 485/485/485 510/510/510
f 485/485/485 511/511/511 486/486/486
f 512/512/512 486/486/486 511/511/511
f 486/486/486 512/512/512 487/487/487
f 513/513/513 487/487/487 512/512/512
f 487/487/487 513/513/513 488/488/488
f 514/514/514 488/488/488 513/513/513
f 488/488/488 514/514/514 489/489/489
f 515/515/515 489/489/489 514/514/514
f 489/489/489 515/515/515 490/490/490
f 516/516/516 490/490/490 515/515/515
f 490/490/490 516/516/516 491/491/491
f 517/517/517 491/491/491 516/516/516
f 491/491/491 517/517/517 492/492/492
f 518/518/518 492/492/492 517/517/517
f 492/492/492 518/518/518 493/493/493
f 519/519/519 493/493/493 518/518/518
f 493/493/493 519/519/519 494/494/494
f 520/520/520 494/494/494 519/519/519
f 495/495/495 521/521/521 496/496/496
f 522/522/522 496/496/496 521/521/521
f 496/496/496 522/522/522 497/497/497
f 523/523/523 497/497/497 522/522/522
f 497/497/497 523/523/523 498/498/498
f 524/524/524 498/498/498 523/523/523
f 498/498/498 524/524/524 499/499/499
f 525/525/525 499/499/499 524/524/524
f 499/499/499 525/525/525 500/500/500
f 526/526/526 500/500/500 525/525/525
f 500/500/500 526/526/526 501/501/501
f 527/527/527 501/501/501 526/526/526
f 501/501/501 527/527/527 502/502/502
f 528/528/528 502/502/502 527/527/527
f 502/502/502 528/528/528 503/503/503
f 529/529/529 503/503/503 528/528/528
f 503/503/503 529/529/529 504/504/504
f 530/530/530 504/504/504 529/529/529
f 504/504/504 530/530/530 505/505/505
f 531/531/531 505/505/505 530/530/530
f 505/505/505 531/531/531 506/506/506
f 532/532/532 506/506/506 531/531/531
f 506/506/506 532/532/532 507/507/507
f 533/533/533 507/507/507 532/532/532
f 507/507/507 533/533/533 508/508/508
f 534/534/534 508/508/508 533/533/533
f 508/508/508 534/534/534 509/509/509
f 535/535/535 509/509/509 534/534/534
f 509/509/509 535/535/535 510/510/510
f 536/536/536 510/510/510 535/535/535
f 510/510/510 536/536/536 511/511/511
f 537/537/537 511/511/511 536/536/536
f 511/511/511 537/537/537 512/512/512
f 538/538/538 512/512/512 537/537/537
f 512/512/512 538/538/538 513/513/513
f 539/539/539 513/513/513 538/538/538
f 513/513/513 539/539/539 514/514/514
f 540/540/540 514/514/514 539/539/539
f 514/514/514 540/540/540 515/515/515
f 541/541/541 515/515/515 540/540/540
f 515/515/515 541/541/541 516/516/516
f 542/542/542 516/516/516 541/541/541
f 516/516/516 542/542/542 517/517/517
f 543/543/543 517/517/517 542/542/542
f 517/517/517 543/543/543 518/518/518
f 544/544/544 518/518/518 543/543/543
f 518/518/518 544/544/544 519/519/519
f 545/545/545 519/519/519 544/544/544
f 519/519/519 545/545/545 520/520/520
f 546/546/546 520/520/520 545/545/545
f 521/521/521 547/547/547 522/522/522
f 548/548/548 522/522/522 547/547/547
f 522/522/522 548/548/548 523/523/523
f 549/549/549 523/523/523 548/548/548
f 523/523/523 549/549/549 524/524/524
f 550/550/550 524/524/524 549/549/549
f 524/524/524 550/550/550 525/525/525
f 551/551/551 525/525/525 550/550/550
f 525/525/525 551/551/551 526/526/526
f 552/552/552 526/526/526 551/551/551
f 526/526/526 552/552/552 527/527/527
f 553/553/553 527/527/527 552/552/552
f 527/527/527 553/553/553 528/528/528
f 554/554/554 528/528/528 553/553/553
f 528/528/528 554/554/554 529/529/529
f 555/555/555 529/529/529 554/554/554
f 529/529/529 555/555/555 530/530/530
f 556/556/556 530/530/530 555/555/555
f 530/530/530 556/556/556 531/531/531
f 557/557/557 531/531/531 556/556/556
f 531/531/531 557/557/557 532/532/532
f 558/558/558 532/532/532 557/557/557
f 532/532/532 558/558/558 533/533/533
f 559/559/559 533/533/533 558/558/558
f 533/533/533 559/559/559 534/534/534
f 560/560/560 534/534/534 559/559/559
f 534/534/534 560/560/560 535/535/535
f 561/561/561 535/535/535 560/560/560
f 535/535/535 561/561/561 536/536/536
f 562/562/562 536/536/536 561/561/561
f 536/536/536 562/562/562 537/537/537
f 563/563/563 537/537/537 562/562/562
f 537/537/537 563/563/563 538/538/538
f 564/564/564 538/538/538 563/563/563
f 538/538/538 564/564/564 539/539/539
f 565/565/565 539/539/539 564/564/564
f 539/539/539 565/565/565 540/540/540
f 566/566/566 540/540/540 565/565/565
f 540/540/540 566/566/566 541/541/541
f 567/567/567 541/541/541 566/566/566
f 541/541/541 567/567/567 542/542/542
f 568/568/568 542/542/542 567/567/567
f 542/542/542 568/568/568 543/543/543
f 569/569/569 543/543/543 568/568/568
f 543/543/543 569/569/569 544/544/544
f 570/570/570 544/544/544 569/569/569
f 544/544/544 570/570/570 545/545/545
f 571/571/571 545/545/545 570/570/570
f 545/545/545 571/571/571 546/546/546
f 572/572/572 546/546/546 571/571/571
f 547/547/547 573/573/573 548/548/548
f 574/574/574 548/548/548 573/573/573
f 548/548/548 574/574/574 549/549/549
f 575/575/575 549/549/549 574/574/574
f 549/549/549 575/575/575 550/550/550
f 576/576/576 550/550/550 575/575/575
f 550/550/550 576/576/576 551/551/551
f 577/577/577 551/551/551 576/576/576
f 551/551/551 577/577/577 552/552/552
f 578/578/578 552/552/552 577/577/577
f 552/552/552 578/578/578 553/553/553
f 579/579/579 553/553/553 578/578/578
f 553/553/553 579/579/579 554/554/554
f 580/580/580 554/554/554 579/579/579
f 554/554/554 580/580/580 555/555/555
f 581/581/581 555/555/555 580/580/580
f 555/555/555 581/581/581 556/556/556
f 582/582/582 556/556/556 581/581/581
f 556/556/556 582/582/582 557/557/557
f 583/583/583 557/557/557 582/582/582
f 557/557/557 583/583/583 558/558/558
f 584/584/584 558/558/558 583/583/583
f 558/558/558 584/584/584 559/559/559
f 585/585/585 559/559/559 584/584/584
f 559/559/559 585/585/585 560/560/560
f 586/586/586 560/560/560 585/585/585
f 560/560/560 586/586/586 561/561/561
f 587/587/587 561/561/561 586/586/586
f 561/561/561 587/587/587 562/562/562
f 588/588/588 562/562/562 587/587/587
f 562/562/562 588/588/588 563/563/563
f 589/589/589 563/563/563 588/588/588
f 563/563/563 589/589/589 564/564/564
f 590/590/590 564/564/564 589/589/589
f 564/564/564 590/590/590 565/565/565
f 591/591/591 565/565/565 590/590/590
f 565/565/565 591/591/591 566/566/566
f 592/592/592 566/566/566 591/591/591
f 566/566/566 592/592/592 567/567/567
f 593/593/593 567/567/567 592/592/592
f 567/567/567 593/593/593 568/568/568
f 594/594/594 568/568/568 593/593/593
f 568/568/568 594/594/594 569/569/569
f 595/595/595 569/569/569 594/594/594
f 569/569/569 595/595/595 570/570/570
f 596/596/596 570/570/570 595/595/595
f 570/570/570 596/596/596 571/571/571
f 597/597/597 571/571/571 596/596/596
f 571/571/571 597/597/597 572/572/572
f 598/598/598 572/572/572 597/597/597
f 573/573/573 599/599/599 574/574/574
f 600/600/600 574/574/574 599/599/599
f 574/574/574 600/600/600 575/575/575
f 601/601/601 575/575/575 600/600/600
f 575/575/575 601/601/601 576/576/576
f 602/602/602 576/576/576 601/601/601
f 576/576/576 602/602/602 577/577/577
f 603/603/603 577/577/577 602/602/602
f 577/577/577 603/603/603 578/578/578
f 604/604/604 578/578/578 603/603/603
f 578/578/578 604/604/604 579/579/579
f 605/605/605 579/579/579 604/604/604
f 579/579/579 605/605/605 580/580/580
f 606/606/606 580/580/580 605/605/605
f 580/580/580 606/606/606 581/581/581
f 607/607/607 581/581/581 606/606/606
f 581/581/581 607/607/607 582/582/582
f 608/608/608 582/582/582 607/607/607
f 582/582/582 608/608/608 583/583/583
f 609/609/609 583/583/583 608/608/608
f 583/583/583 609/609/609 584/584/584
f 610/610/610 584/584/584 609/609/609
f 584/584/584 610/610/610 585/585/585
f 611/611/611 585/585/585 610/610/610
f 585/585/585 611/611/611 586/586/586
f 612/612/612 586/586/586 611/611/611
f 586/586/586 612/612/612 587/587/587
f 613/613/613 587/587/587 612/612/612
f 587/587/587 613/613/613 588/588/588
f 614/614/614 588/588/588 613/613/613
f 588/588/588 614/614/614 589/589/589
f 615/615/615 589/589/589 614/614/614
f 589/589/589 615/615/615 590/590/590
f 616/616/616 590/590/590 615/615/615
f 590/590/590 616/616/616 591/591/591
f 617/617/617 591/591/591 616/616/616
f 591/591/591 617/617/617 592/592/592
f 618/618/618 592/592/592 617/617/617
f 592/592/592 618/618/618 593/593/593
f 619/619/619 593/593/593 618/618/618
f 593/593/593 619/619/619 594/594/594
f 620/620/620 594/594/594 619/619/619
f 594/594/594 620/620/620 595/595/595
f 621/621/621 595/595/595 620/620/620
f 595/595/595 621/621/621 596/596/596
f 622/622/622 596/596/596 621/621/621
f 596/596/596 622/622/622 597/597/597
f 623/623/623 597/597/597 622/622/622
f 597/597/597 623/623/623 598/598/598
f 624/624/624 598/598/598 623/623/623
f 599/599/599 625/625/625 600/600/600
f 626/626/626 600/600/600 625/625/625
f 600/600/600 626/626/626 601/601/601
f 627/627/627 601/601/601 626/626/626
f 601/601/601 627/627/627 602/602/602
f 628/628/628 602/602/602 627/627/627
f 602/602/602 628/628/628 603/603/603
f 629/629/629 603/603/603 628/628/628
f 603/603/603 629/629/629 604/604/604
f 630/630/630 604/604/604 629/629/629
f 604/604/604 630/630/630 605/605/605
f 631/631/631 605/605/605 630/630/630
f 605/605/605 631/631/631 606/606/606
f 632/632/632 606/606/606 631/631/631
f 606/606/606 632/632/632 607/607/607
f 633/633/633 607/607/607 632/632/632
f 607/607/607 633/633/633 608/608/608
f 634/634/634 608/608/608 633/633/633
f 608/608/608 634/634/634 609/609/609
f 635/635/635 609/609/609 634/634/634
f 609/609/609 635/635/635 610/610/610
f 636/636/636 610/610/610 635/635/635
f 610/610/610 636/636/636 611/611/611
f 637/637/637 611/611/611 636/636/636
f 611/611/611 637/637/637 612/612/612
f 638/638/638 612/612/612 637/637/637
f 612/612/612 638/638/638 613/613/613
f 639/639/639 613/613/613 638/638/638
f 613/613/613 639/639/639 614/614/614
f 640/640/640 614/614/614 639/639/639
f 614/614/614 640/640/640 615/615/615
f 641/641/641 615/615/615 640/640/640
f 615/615/615 641/641/641 616/616/616
f 642/642/642 616/616/616 641/641/641
f 616/616/616 642/642/642 617/617/617
f 643/643/643 617/617/617 642/642/642
f 617/617/617 643/643/643 618/618/618
f 644/644/644 618/618/618 643/643/643
f 618/618/618 644/644/644 619/619/619
f 645/645/645 619/619/619 644/644/644
f 619/619/619 645/645/645 620/620/620
f 646/646/646 620/620/620 645/645/645
f 620/620/620 646/646/646 621/621/621
f 647/647/647 621/621/621 646/646/646
f 621/621/621 647/647/647 622/622/622
f 648/648/648 622/622/622 647/647/647
f 622/622/622 648/648/648 623/623/623
f 649/649/649 623/623/623 648/648/648
f 623/623/623 649/649/649 624/624/624
f 650/650/650 624/624/624 649/649/649
f 625/625/625 651/651/651 626/626/626
f 652/652/652 626/626/626 651/651/651
f 626/626/626 652/652/652 627/627/627
f 653/653/653 627/627/627 652/652/652
f 627/627/627 653/653/653 628/628/628
f 654/654/654 628/628/628 653/653/653
f 628/628/628 654/654/654 629/629/629
f 655/655/655 629/629/629 654/654/654
f 629/629/629 655/655/655 630/630/630
f 656/656/656 630/630/630 655/655/655
f 630/630/630 656/656/656 631/631/631
f 657/657/657 631/631/631 656/656/656
f 631/631/631 657/657/657 632/632/632
f 658/658/658 632/632/632 657/657/657
f 632/632/632 658/658/658 633/633/633
f 659/659/659 633/633/633 658/658/658
f 633/633/633 659/659/659 634/634/634
f 660/660/660 634/634/634 659/659/659
f 634/634/634 660/660/660 635/635/635
f 661/661/661 635/635/635 660/660/660
f 635/635/635 661/661/661 636/636/636
f 662/662/662 636/636/636 661/661/661
f 636/636/636 662/662/662 637/637/637
f 663/663/663 637/637/637 662/662/662
f 637/637/637 663/663/663 638/638/638
f 664/664/664 638/638/638 663/663/663
f 638/638/638 664/664/664 639/639/639
f 665/665/665 639/639/639 664/664/664
f 639/639/639 665/665/665 640/640/640
f 666/666/666 640/640/640 665/665/665
f 640/640/640 666/666/666 641/641/641
f 667/667/667 641/641/641 666/666/666
f 641/641/641 667/667/667 642/642/642
f 668/668/668 642/642/642 667/667/667
f 642/642/642 668/668/668 643/643/643
f 669/669/669 643/643/643 668/668/668
f 643/643/643 669/669/669 644/644/644
f 670/670/670 644/644/644 669/669/669
f 644/644/644 670/670/670 645/645/645
f 671/671/671 645/645/645 670/670/670
f 645/645/645 671/671/671 646/646/646
f 672/672/672 646/646/646 671/671/671
f 646/646/646 672/672/672 647/647/647
f 673/673/673 647/647/647 672/672/672
f 647/647/647 673/673/673 648/648/648
f 674/674/674 648/648/648 673/673/673
f 648/648/648 674/674/674 649/649/649
f 675/675/675 649/649/649 674/674/674
f 649/649/649 675/675/675 650/650/650
f 676/676/676 650/650/650 675/675/675
f 651/651/651 677/677/677 652/652/652
f 678/678/678 652/652/652 677/677/677
f 652/652/652 678/678/678 653/653/653
f 679/679/679 653/653/653 678/678/678
f 653/653/653 679/679/679 654/654/654
f 680/680/680 654/654/654 679/679/679
f 654/654/654 680/680/680 655/655/655
f 681/681/681 655/655/655 680/680/680
f 655/655/655 681/681/681 656/656/656
f 682/682/682 656/656/656 681/681/681
f 656/656/656 682/682/682 657/657/657
f 683/683/683 657/657/657 682/682/682
f 657/657/657 683/683/683 658/658/658
f 684/684/684 658/658/658 683/683/683
f 658/658/658 684/684/684 659/659/659
f 685/685/685 659/659/659 684/684/684
f 659/659/659 685/685/685 660/660/660
f 686/686/686 660/660/660 685/685/685
f 660/660/660 686/686/686 661/661/661
f 687/687/687 661/661/661 686/686/686
f 661/661/661 687/687/687 662/662/662
f 688/688/688 662/662/662 687/687/687
f 662/662/662 688/688/688 663/663/663
f 689/689/689 663/663/663 688/688/688
f 663/663/663 689/689/689 664/664/664
f 690/690/690 664/664/664 689/689/689
f 664/664/664 690/690/690 665/665/665
f 691/691/691 665/665/665 690/690/690
f 665/665/665 691/691/691 666/666/666
f 692/692/692 666/666/666 691/691/691
f 666/666/666 692/692/692 667/667/667
f 693/693/693 667/667/667 692/692/692
f 667/667/667 693/693/693 668/668/668
f 694/694/694 668/668/668 693/693/693
f 668/668/668 694/694/694 669/669/669
f 695/695/695 669/669/669 694/694/694
f 669/669/669 695/695/695 670/670/670
f 696/696/696 670/670/670 695/695/695
f 670/670/670 696/696/696 671/671/671
f 697/697/697 671/671/671 696/696/696
f 671/671/671 697/697/697 672/672/672
f 698/698/698 672/672/672 697/697/697
f 672/672/672 698/698/698 673/673/673
f 699/699/699 673/673/673 698/698/698
f 673/673/673 699/699/699 674/674/674
f 700/700/700 674/674/674 699/699/699
f 674/674/674 700/700/700 675/675/675
f 701/701/701 675/675/675 700/700/700
f 675/675/675 701/701/701 676/676/676
f 702/702/702 676/676/676 701/701/701
f 677/677/677 703/703/703 678/678/678
f 704/704/704 678/678/678 703/703/703
f 678/678/678 704/704/704 679/679/679
f 705/705/705 679/679/679 704/704/704
f 679/679/679 705/705/705 680/680/680
f 706/706/706 680/680/680 705/705/705
f 680/680/680 706/706/706 681/681/681
f 707/707/707 681/681/681 706/706/706
f 681/681/681 707/707/707 682/682/682
f 708/708/708 682/682/682 707/707/707
f 682/682/682 708/708/708 683/683/683
f 709/709/709 683/683/683 708/708/708
f 683/683/683 709/709/709 684/684/684
f 710/710/710 684/684/684 709/709/709
f 684/684/684 710/710/710 685/685/685
f 711/711/711 685/685/685 710/710/710
f 685/685/685 711/711/711 686/686/686
f 712/712/712 686/686/686 711/711/711
f 686/686/686 712/712/712 687/687/687
f 713/713/713 687/687/687 712/712/712
f 687/687/687 713/713/713 688/688/688
f 714/714/714 688/688/688 713/713/713
f 688/688/688 714/714/714 689/689/689
f 715/715/715 689/689/689 714/714/714
f 689/689/689 715/715/715 690/690/690
f 716/716/716 690/690/690 715/715/715
f 690/690/690 716/716/716 691/691/691
f 717/717/717 691/691/691 716/716/716
f 691/691/691 717/717/717 692/692/692
f 718/718/718 692/692/692 717/717/717
f 692/692/692 718/718/718 693/693/693
f 719/719/719 693/693/693 718/718/718
f 693/693/693 719/719/719 694/694/694
f 720/720/720 694/694/694 719/719/719
f 694/694/694 720/720/720 695/695/695
f 721/721/721 695/695/695 720/720/720
f 695/695/695 721/721/721 696/696/696
f 722/722/722 696/696/696 721/721/721
f 696/696/696 722/722/722 697/697/697
f 723/723/723 697/697/697 722/722/722
f 697/697/697 723/723/723 698/698/698
f 724/724/724 698/698/698 723/723/723
f 698/698/698 724/724/724 699/699/699
f 725/725/725 699/699/699 724/724/724
f 699/699/699 725/725/725 700/700/700
f 726/726/726 700/700/700 725/725/725
f 700/700/700 726/726/726 701/701/701
f 727/727/727 701/701/701 726/726/726
f 701/701/701 727/727/727 702/702/702
f 728/728/728 702/702/702 727/727/727
f 703/703/703 729/729/729 704/704/704
f 730/730/730 704/704/704 729/729/729
f 704/704/704 730/730/730 705/705/705
f 731/731/731 705/705/705 730/730/730
f 705/705/705 731/731/731 706/706/706
f 732/732/732 706/706/706 731/731/731
f 706/706/706 732/732/732 707/707/707
f 733/733/733 707/707/707 732/732/732
f 707/707/707 733/733/733 708/708/708
f 734/734/734 708/708/708 733/733/733
f 708/708/708 734/734/734 709/709/709
f 735/735/735 709/709/709 734/734/734
f 709/709/709 735/735/735 710/710/710
f 736/736/736 710/710/710 735/735/735
f 710/710/710 736/736/736 711/711/711
f 737/737/737 711/711/711 736/736/736
f 711/711/711 737/737/737 712/712/712
f 738/738/738 712/712/712 737/737/737
f 712/712/712 738/738/738 713/713/713
f 739/739/739 713/713/713 738/738/738
f 713/713/713 739/739/739 714/714/714
f 740/740/740 714/714/714 739/739/739
f 714/714/714 740/740/740 715/715/715
f 741/741/741 715/715/715 740/740/740
f 715/715/715 741/741/741 716/716/716
f 742/742/742 716/716/716 741/741/741
f 716/716/716 742/742/742 717/717/717
f 743/743/743 717/717/717 742/742/742
f 717/717/717 743/743/743 718/718/718
f 744/744/744 718/718/718 743/743/743
f 718/718/718 744/744/744 719/719/719
f 745/745/745 719/719/719 744/744/744
f 719/719/719 745/745/745 720/720/720
f 746/746/746 720/720/720 745/745/745
f 720/720/720 746/746/746 721/721/721
f 747/747/747 721/721/721 746/746/746
f 721/721/721 747/747/747 722/722/722
f 748/748/748 722/722/722 747/747/747
f 722/722/722 748/748/748 723/723/723
f 749/749/749 723/723/723 748/748/748
f 723/723/723 749/749/749 724/724/724
f 750/750/750 724/724/724 749/749/749
f 724/724/724 750/750/750 725/725/725
f 751/751/751 725/725/725 750/750/750
f 725/725/725 751/751/751 726/726/726
f 752/752/752 726/726/726 751/751/751
f 726/726/726 752/752/752 727/727/727
f 753/753/753 727/727/727 752/752/752
f 727/727/727 753/753/753 728/728/728
f 754/754/754 728/728/728 753/753/753
f 729/729/729 755/755/755 730/730/730
f 756/756/756 730/730/730 755/755/755
f 730/730/730 756/756/756 731/731/731
f 757/757/757 731/731/731 756/756/756
f 731/731/731 757/757/757 732/732/732
f 758/758/758 732/732/732 757/757/757
f 732/732/732 758/758/758 733/733/733
f 759/759/759 733/733/733 758/758/758
f 733/733/733 759/759/759 734/734/734
f 760/760/760 734/734/734 759/759/759
f 734/734/734 760/760/760 735/735/735
f 761/761/761 735/735/735 760/760/760
f 735/735/735 761/761/761 736/736/736
f 762/762/762 736/736/736 761/761/761
f 736/736/736 762/762/762 737/737/737
f 763/763/763 737/737/737 762/762/762
f 737/737/737 763/763/763 738/738/738
f 764/764/764 738/738/738 763/763/763
f 738/738/738 764/764/764 739/739/739
f 765/765/765 739/739/739 764/764/764
f 739/739/739 765/765/765 740/740/740
f 766/766/766 740/740/740 765/765/765
f 740/740/740 766/766/766 741/741/741
f 767/767/767 741/741/741 766/766/766
f 741/741/741 767/767/767 742/742/742
f 768/768/768 742/742/742 767/767/767
f 742/742/742 768/768/768 743/743/743
f 769/769/769 743/743/743 768/768/768
f 743/743/743 769/769/769 744/744/744
f 770/770/770 744/744/744 769/769/769
f 744/744/744 770/770/770 745/745/745
f 771/771/771 745/745/745 770/770/770
f 745/745/745 771/771/771 746/746/746
f 772/772/772 746/746/746 771/771/771
f 746/746/746 772/772/772 747/747/747
f 773/773/773 747/747/747 772/772/772
f 747/747/747 773/773/773 748/748/748
f 774/774/774 748/748/748 773/773/773
f 748/748/748 774/774/774 749/749/749
f 775/775/775 749/749/749 774/774/774
f 749/749/749 775/775/775 750/750/750
f 776/776/776 750/750/750 775/775/775
f 750/750/750 776/776/776 751/751/751
f 777/777/777 751/751/751 776/776/776
f 751/751/751 777/777/777 752/752/752
f 778/778/778 752/752/752 777/777/777
f 752/752/752 778/778/778 753/753/753
f 779/779/779 753/753/753 778/778/778
f 753/753/753 779/779/779 754/754/754
f 780/780/780 754/754/754 779/779/779
f 755/755/755 781/781/781 756/756/756
f 782/782/782 756/756/756 781/781/781
f 756/756/756 782/782/782 757/757/757
f 783/783/783 757/757/757 782/782/782
f 757/757/757 783/783/783 758/758/758
f 784/784/784 758/758/758 783/783/783
f 758/758/758 784/784/784 759/759/759
f 785/785/785 759/759/759 784/784/784
f 759/759/759 785/785/785 760/760/760
f 786/786/786 760/760/760 785/785/785
f 760/760/760 786/786/786 761/761/761
f 787/787/787 761/761/761 786/786/786
f 761/761/761 787/787/787 762/762/762
f 788/788/788 762/762/762 787/787/787
f 762/762/762 788/788/788 763/763/763
f 789/789/789 763/763/763 788/788/788
f 763/763/763 789/789/789 764/764/764
f 790/790/790 764/764/764 789/789/789
f 764/764/764 790/790/790 765/765/765
f 791/791/791 765/765/765 790/790/790
f 765/765/765 791/791/791 766/766/766
f 792/792/792 766/766/766 791/791/791
f 766/766/766 792/792/792 767/767/767
f 793/793/793 767/767/767 792/792/792
f 767/767/767 793/793/793 768/768/768
f 794/794/794 768/768/768 793/793/793
f 768/768/768 794/794/794 769/769/769
f 795/795/795 769/769/769 794/794/794
f 769/769/769 795/795/795 770/770/770
f 796/796/796 770/770/770 795/795/795
f 770/770/770 796/796/796 771/771/771
f 797/797/797 771/771/771 796/796/796
f 771/771/771 797/797/797 772/772/772
f 798/798/798 772/772/772 797/797/797
f 772/772/772 798/798/798 773/773/773
f 799/799/799 773/773/773 798/798/798
f 773/773/773 799/799/799 774/774/774
f 800/800/800 774/774/774 799/799/799
f 774/774/774 800/800/800 775/775/775
f 801/801/801 775/775/775 800/800/800
f 775/775/775 801/801/801 776/776/776
f 802/802/802 776/776/776 801/801/801
f 776/776/776 802/802/802 777/777/777
f 803/803/803 777/777/777 802/802/802
f 777/777/777 803/803/803 778/778/778
f 804/804/804 778/778/778 803/803/803
f 778/778/778 804/804/804 779/779/779
f 805/805/805 779/779/779 804/804/804
f 779/779/779 805/805/805 780/780/780
f 806/806/806 780/780/780 805/805/805
f 781/781/781 807/807/807 782/782/782
f 808/808/808 782/782/782 807/807/807
f 782/782/782 808/808/808 783/783/783
f 809/809/809 783/783/783 808/808/808
f 783/783/783 809/809/809 784/784/784
f 810/810/810 784/784/784 809/809/809
f 784/784/784 810/810/810 785/785/785
f 811/811/811 785/785/785 810/810/810
f 785/785/785 811/811/811 786/786/786
f 812/812/812 786/786/786 811/811/811
f 786/786/786 812/812/812 787/787/787
f 813/813/813 787/787/787 812/812/812
f 787/787/787 813/813/813 788/788/788
f 814/814/814 788/788/788 813/813/813
f 788/788/788 814/814/814 789/789/789
f 815/815/815 789/789/789 814/814/814
f 789/789/789 815/815/815 790/790/790
f 816/816/816 790/790/790 815/815/815
f 790/790/790 816/816/816 791/791/791
f 817/817/817 791/791/791 816/816/816
f 791/791/791 817/817/817 792/792/792
f 818/818/818 792/792/792 817/817/817
f 792/792/792 818/818/818 793/793/793
f 819/819/819 793/793/793 818/818/818
f 793/793/793 819/819/819 794/794/794
f 820/820/820 794/794/794 819/819/819
f 794/794/794 820/820/820 795/795/795
f 821/821/821 795/795/795 820/820/820
f 795/795/795 821/821/821 796/796/796
f 822/822/822 796/796/796 821/821/821
f 796/796/796 822/822/822 797/797/797
f 823/823/823 797/797/797 822/822/822
f 797/797/797 823/823/823 798/798/798
f 824/824/824 798/798/798 823/823/823
f 798/798/798 824/824/824 799/799/799
f 825/825/825 799/799/799 824/824/824
f 799/799/799 825/825/825 800/800/800
f 826/826/826 800/800/800 825/825/825
f 800/800/800 826/826/826 801/801/801
f 827/827/827 801/801/801 826/826/826
f 801/801/801 827/827/827 802/802/802
f 828/828/828 802/802/802 827/827/827
f 802/802/802 828/828/828 803/803/803
f 829/829/829 803/803/803 828/828/828
f 803/803/803 829/829/829 804/804/804
f 830/830/830 804/804/804 829/829/829
f 804/804/804 830/830/830 805/805/805
f 831/831/831 805/805/805 830/830/830
f 805/805/805 831/831/831 806/806/806
f 832/832/832 806/806/806 831/831/831
f 807/807/807 833/833/833 808/808/808
f 834/834/834 808/808/808 833/833/833
f 808/808/808 834/834/834 809/809/809
f 835/835/835 809/809/809 834/834/834
f 809/809/809 835/835/835 810/810/810
f 836/836/836 810/810/810 835/835/835
f 810/810/810 836/836/836 811/811/811
f 837/837/837 811/811/811 836/836/836
f 811/811/811 837/837/837 812/812/812
f 838/838/838 812/812/812 837/837/837
f 812/812/812 838/838/838 813/813/813
f 839/839/839 813/813/813 838/838/838
f 813/813/813 839/839/839 814/814/814
f 840/840/840 814/814/814 839/839/839
f 814/814/814 840/840/840 815/815/815
f 841/841/841 815/815/815 840/840/840
f 815/815/815 841/841/841 816/816/816
f 842/842/842 816/816/816 841/841/841
f 816/816/816 842/842/842 817/817/817
f 843/843/843 817/817/817 842/842/842
f 817/817/817 843/843/843 818/818/818
f 844/844/844 818/818/818 843/843/843
f 818/818/818 844/844/844 819/819/819
f 845/845/845 819/819/819 844/844/844
f 819/819/819 845/845/845 820/820/820
f 846/846/846 820/820/820 845/845/845
f 820/820/820 846/846/846 821/821/821
f 847/847/847 821/821/821 846/846/846
f 821/821/821 847/847/847 822/822/822
f 848/848/848 822/822/822 847/847/847
f 822/822/822 848/848/848 823/823/823
f 849/849/849 823/823/823 848/848/848
f 823/823/823 849/849/849 824/824/824
f 850/850/850 824/824/824 849/849/849
f 824/824/824 850/850/850 825/825/825
f 851/851/851 825/825/825 850/850/850
f 825/825/825 851/851/851 826/826/826
f 852/852/852 826/826/826 851/851/851
f 826/826/826 852/852/852 827/827/827
f 853/853/853 827/827/827 852/852/852
f 827/827/827 853/853/853 828/828/828
f 854/854/854 828/828/828 853/853/853
f 828/828/828 854/854/854 829/829/829
f 855/855/855 829/829/829 854/854/854
f 829/829/829 855/855/855 830/830/830
f 856/856/856 830/830/830 855/855/855
f 830/830/830 856/856/856 831/831/831
f 857/857/857 831/831/831 856/856/856
f 831/831/831 857/857/857 832/832/832
f 858/858/858 832/832/832 857/857/857
o core
v 0 0.02500000037252903 0.12999999523162842
v 0.04017220810055733 0.02500000037252903 0.12363734841346741
v 0.07641208171844482 0.02500000037252903 0.10517220944166183
v 0.10517220944166183 0.02500000037252903 0.07641208171844482
v 0.12363734841346741 0.02500000037252903 0.04017220810055733
v 0.12999999523162842 0.02500000037252903 7.960203880059101e-18
v 0.12363734841346741 0.02500000037252903 -0.04017220810055733
v 0.10517220944166183 0.02500000037252903 -0.07641208171844482
v 0.07641208171844482 0.02500000037252903 -0.10517220944166183
v 0.04017220810055733 0.02500000037252903 -0.12363734841346741
v 1.5920407760118202e-17 0.02500000037252903 -0.12999999523162842
v -0.04017220810055733 0.02500000037252903 -0.12363734841346741
v -0.07641208171844482 0.02500000037252903 -0.10517220944166183
v -0.10517220944166183 0.02500000037252903 -0.07641208171844482
v -0.12363734841346741 0.02500000037252903 -0.04017220810055733
v -0.12999999523162842 0.02500000037252903 -2.3880613294538528e-17
v -0.12363734841346741 0.02500000037252903 0.04017220810055733
v -0.10517220944166183 0.02500000037252903 0.07641208171844482
v -0.07641208171844482 0.02500000037252903 0.10517220944166183
v -0.04017220810055733 0.02500000037252903 0.12363734841346741
v -3.1840815520236404e-17 0.02500000037252903 0.12999999523162842
v 0 -0.02500000037252903 0.12999999523162842
v 0.04017220810055733 -0.02500000037252903 0.12363734841346741
v 0.07641208171844482 -0.02500000037252903 0.10517220944166183
v 0.10517220944166183 -0.02500000037252903 0.07641208171844482
v 0.12363734841346741 -0.02500000037252903 0.04017220810055733
v 0.12999999523162842 -0.02500000037252903 7.960203880059101e-18
v 0.12363734841346741 -0.02500000037252903 -0.04017220810055733
v 0.10517220944166183 -0.02500000037252903 -0.07641208171844482
v 0.07641208171844482 -0.02500000037252903 -0.10517220944166183
v 0.04017220810055733 -0.02500000037252903 -0.12363734841346741
v 1.5920407760118202e-17 -0.02500000037252903 -0.12999999523162842
v -0.04017220810055733 -0.02500000037252903 -0.12363734841346741
v -0.07641208171844482 -0.02500000037252903 -0.10517220944166183
v -0.10517220944166183 -0.02500000037252903 -0.07641208171844482
v -0.12363734841346741 -0.02500000037252903 -0.04017220810055733
v -0.12999999523162842 -0.02500000037252903 -2.3880613294538528e-17
v -0.12363734841346741 -0.02500000037252903 0.04017220810055733
v -0.10517220944166183 -0.02500000037252903 0.07641208171844482
v -0.07641208171844482 -0.02500000037252903 0.10517220944166183
v -0.04017220810055733 -0.02500000037252903 0.12363734841346741
v -3.1840815520236404e-17 -0.02500000037252903 0.12999999523162842
v 0 0.02500000037252903 0
v 0 0.02500000037252903 0
v 0 0.02500000037252903 0
v 0 0.02500000037252903 0
v 0 0.02500000037252903 0
v 0 0.02500000037252903 0
v 0 0.02500000037252903 0
v 0 0.02500000037252903 0
v 0 0.02500000037252903 0
v 0 0.02500000037252903 0
v 0 0.02500000037252903 0
v 0 0.02500000037252903 0
v 0 0.02500000037252903 0
v 0 0.02500000037252903 0
v 0 0.02500000037252903 0
v 0 0.02500000037252903 0
v 0 0.02500000037252903 0
v 0 0.02500000037252903 0
v 0 0.02500000037252903 0
v 0 0.02500000037252903 0
v 0 0.02500000037252903 0.12999999523162842
v 0.04017220810055733 0.02500000037252903 0.12363734841346741
v 0.07641208171844482 0.02500000037252903 0.10517220944166183
v 0.10517220944166183 0.02500000037252903 0.07641208171844482
v 0.12363734841346741 0.02500000037252903 0.04017220810055733
v 0.12999999523162842 0.02500000037252903 7.960203880059101e-18
v 0.12363734841346741 0.02500000037252903 -0.04017220810055733
v 0.10517220944166183 0.02500000037252903 -0.07641208171844482
v 0.07641208171844482 0.02500000037252903 -0.10517220944166183
v 0.04017220810055733 0.02500000037252903 -0.12363734841346741
v 1.5920407760118202e-17 0.02500000037252903 -0.12999999523162842
v -0.04017220810055733 0.02500000037252903 -0.12363734841346741
v -0.07641208171844482 0.02500000037252903 -0.10517220944166183
v -0.10517220944166183 0.02500000037252903 -0.07641208171844482
v -0.12363734841346741 0.02500000037252903 -0.04017220810055733
v -0.12999999523162842 0.02500000037252903 -2.3880613294538528e-17
v -0.12363734841346741 0.02500000037252903 0.04017220810055733
v -0.10517220944166183 0.02500000037252903 0.07641208171844482
v -0.07641208171844482 0.02500000037252903 0.10517220944166183
v -0.04017220810055733 0.02500000037252903 0.12363734841346741
v -3.1840815520236404e-17 0.02500000037252903 0.12999999523162842
v 0 -0.02500000037252903 0
v 0 -0.02500000037252903 0
v 0 -0.02500000037252903 0
v 0 -0.02500000037252903 0
v 0 -0.02500000037252903 0
v 0 -0.02500000037252903 0
v 0 -0.02500000037252903 0
v 0 -0.02500000037252903 0
v 0 -0.02500000037252903 0
v 0 -0.02500000037252903 0
v 0 -0.02500000037252903 0
v 0 -0.02500000037252903 0
v 0 -0.02500000037252903 0
v 0 -0.02500000037252903 0
v 0 -0.02500000037252903 0
v 0 -0.02500000037252903 0
v 0 -0.02500000037252903 0
v 0 -0.02500000037252903 0
v 0 -0.02500000037252903 0
v 0 -0.02500000037252903 0
v 0 -0.02500000037252903 0.12999999523162842
v 0.04017220810055733 -0.02500000037252903 0.12363734841346741
v 0.07641208171844482 -0.02500000037252903 0.10517220944166183
v 0.10517220944166183 -0.02500000037252903 0.07641208171844482
v 0.12363734841346741 -0.02500000037252903 0.04017220810055733
v 0.12999999523162842 -0.02500000037252903 7.960203880059101e-18
v 0.12363734841346741 -0.02500000037252903 -0.04017220810055733
v 0.10517220944166183 -0.02500000037252903 -0.07641208171844482
v 0.07641208171844482 -0.02500000037252903 -0.10517220944166183
v 0.04017220810055733 -0.02500000037252903 -0.12363734841346741
v 1.5920407760118202e-17 -0.02500000037252903 -0.12999999523162842
v -0.04017220810055733 -0.02500000037252903 -0.12363734841346741
v -0.07641208171844482 -0.02500000037252903 -0.10517220944166183
v -0.10517220944166183 -0.02500000037252903 -0.07641208171844482
v -0.12363734841346741 -0.02500000037252903 -0.04017220810055733
v -0.12999999523162842 -0.02500000037252903 -2.3880613294538528e-17
v -0.12363734841346741 -0.02500000037252903 0.04017220810055733
v -0.10517220944166183 -0.02500000037252903 0.07641208171844482
v -0.07641208171844482 -0.02500000037252903 0.10517220944166183
v -0.04017220810055733 -0.02500000037252903 0.12363734841346741
v -3.1840815520236404e-17 -0.02500000037252903 0.12999999523162842
vt 0 1
vt 0.05000000074505806 1
vt 0.10000000149011612 1
vt 0.15000000596046448 1
vt 0.20000000298023224 1
vt 0.25 1
vt 0.30000001192092896 1
vt 0.3499999940395355 1
vt 0.4000000059604645 1
vt 0.44999998807907104 1
vt 0.5 1
vt 0.550000011920929 1
vt 0.6000000238418579 1
vt 0.6499999761581421 1
vt 0.699999988079071 1
vt 0.75 1
vt 0.800000011920929 1
vt 0.8500000238418579 1
vt 0.8999999761581421 1
vt 0.949999988079071 1
vt 1 1
vt 0 0
vt 0.05000000074505806 0
vt 0.10000000149011612 0
vt 0.15000000596046448 0
vt 0.20000000298023224 0
vt 0.25 0
vt 0.30000001192092896 0
vt 0.3499999940395355 0
vt 0.4000000059604645 0
vt 0.44999998807907104 0
vt 0.5 0
vt 0.550000011920929 0
vt 0.6000000238418579 0
vt 0.6499999761581421 0
vt 0.699999988079071 0
vt 0.75 0
vt 0.800000011920929 0
vt 0.8500000238418579 0
vt 0.8999999761581421 0
vt 0.949999988079071 0
vt 1 0
vt 0.5 0.5
vt 0.5 0.5
vt 0.5 0.5
vt 0.5 0.5
vt 0.5 0.5
vt 0.5 0.5
vt 0.5 0.5
vt 0.5 0.5
vt 0.5 0.5
vt 0.5 0.5
vt 0.5 0.5
vt 0.5 0.5
vt 0.5 0.5
vt 0.5 0.5
vt 0.5 0.5
vt 0.5 0.5
vt 0.5 0.5
vt 0.5 0.5
vt 0.5 0.5
vt 0.5 0.5
vt 1 0.5
vt 0.9755282402038574 0.6545084714889526
vt 0.9045084714889526 0.7938926219940186
vt 0.7938926219940186 0.9045084714889526
vt 0.6545084714889526 0.9755282402038574
vt 0.5 1
vt 0.345491498708725 0.9755282402038574
vt 0.20610737800598145 0.9045084714889526
vt 0.09549150615930557 0.7938926219940186
vt 0.024471741169691086 0.6545084714889526
vt 0 0.5
vt 0.024471741169691086 0.345491498708725
vt 0.09549150615930557 0.20610737800598145
vt 0.20610737800598145 0.09549150615930557
vt 0.345491498708725 0.024471741169691086
vt 0.5 0
vt 0.6545084714889526 0.024471741169691086
vt 0.7938926219940186 0.09549150615930557
vt 0.9045084714889526 0.20610737800598145
vt 0.9755282402038574 0.345491498708725
vt 1 0.5
vt 0.5 0.5
vt 0.5 0.5
vt 0.5 0.5
vt 0.5 0.5
vt 0.5 0.5
vt 0.5 0.5
vt 0.5 0.5
vt 0.5 0.5
vt 0.5 0.5
vt 0.5 0.5
vt 0.5 0.5
vt 0.5 0.5
vt 0.5 0.5
vt 0.5 0.5
vt 0.5 0.5
vt 0.5 0.5
vt 0.5 0.5
vt 0.5 0.5
vt 0.5 0.5
vt 0.5 0.5
vt 1 0.5
vt 0.9755282402038574 0.345491498708725
vt 0.9045084714889526 0.20610737800598145
vt 0.7938926219940186 0.09549150615930557
vt 0.6545084714889526 0.024471741169691086
vt 0.5 0
vt 0.345491498708725 0.024471741169691086
vt 0.20610737800598145 0.09549150615930557
vt 0.09549150615930557 0.20610737800598145
vt 0.024471741169691086 0.345491498708725
vt 0 0.5
vt 0.024471741169691086 0.6545084714889526
vt 0.09549150615930557 0.7938926219940186
vt 0.20610737800598145 0.9045084714889526
vt 0.345491498708725 0.9755282402038574
vt 0.5 1
vt 0.6545084714889526 0.9755282402038574
vt 0.7938926219940186 0.9045084714889526
vt 0.9045084714889526 0.7938926219940186
vt 0.9755282402038574 0.6545084714889526
vt 1 0.5
vn 0 0 1
vn 0.3090169948284817 0 0.9510565161477913
vn 0.5877852429542022 0 0.8090170011595983
vn 0.8090170011595983 0 0.5877852429542022
vn 0.9510565161477913 0 0.3090169948284817
vn 1 0 6.123234262925839e-17
vn 0.9510565161477913 0 -0.3090169948284817
vn 0.8090170011595983 0 -0.5877852429542022
vn 0.5877852429542022 0 -0.8090170011595983
vn 0.3090169948284817 0 -0.9510565161477913
vn 1.2246468525851679e-16 0 -1
vn -0.3090169948284817 0 -0.9510565161477913
vn -0.5877852429542022 0 -0.8090170011595983
vn -0.8090170011595983 0 -0.5877852429542022
vn -0.9510565161477913 0 -0.3090169948284817
vn -1 0 -1.8369701465288538e-16
vn -0.9510565161477913 0 0.3090169948284817
vn -0.8090170011595983 0 0.5877852429542022
vn -0.5877852429542022 0 0.8090170011595983
vn -0.3090169948284817 0 0.9510565161477913
vn -2.4492937051703357e-16 0 1
vn 0 0 1
vn 0.3090169948284817 0 0.9510565161477913
vn 0.5877852429542022 0 0.8090170011595983
vn 0.8090170011595983 0 0.5877852429542022
vn 0.9510565161477913 0 0.3090169948284817
vn 1 0 6.123234262925839e-17
vn 0.9510565161477913 0 -0.3090169948284817
vn 0.8090170011595983 0 -0.5877852429542022
vn 0.5877852429542022 0 -0.8090170011595983
vn 0.3090169948284817 0 -0.9510565161477913
vn 1.2246468525851679e-16 0 -1
vn -0.3090169948284817 0 -0.9510565161477913
vn -0.5877852429542022 0 -0.8090170011595983
vn -0.8090170011595983 0 -0.5877852429542022
vn -0.9510565161477913 0 -0.3090169948284817
vn -1 0 -1.8369701465288538e-16
vn -0.9510565161477913 0 0.3090169948284817
vn -0.8090170011595983 0 0.5877852429542022
vn -0.5877852429542022 0 0.8090170011595983
vn -0.3090169948284817 0 0.9510565161477913
vn -2.4492937051703357e-16 0 1
vn 0 1 0
vn 0 1 0
vn 0 1 0
vn 0 1 0
vn 0 1 0
vn 0 1 0
vn 0 1 0
vn 0 1 0
vn 0 1 0
vn 0 1 0
vn 0 1 0
vn 0 1 0
vn 0 1 0
vn 0 1 0
vn 0 1 0
vn 0 1 0
vn 0 1 0
vn 0 1 0
vn 0 1 0
vn 0 1 0
vn 0 1 0
vn 0 1 0
vn 0 1 0
vn 0 1 0
vn 0 1 0
vn 0 1 0
vn 0 1 0
vn 0 1 0
vn 0 1 0
vn 0 1 0
vn 0 1 0
vn 0 1 0
vn 0 1 0
vn 0 1 0
vn 0 1 0
vn 0 1 0
vn 0 1 0
vn 0 1 0
vn 0 1 0
vn 0 1 0
vn 0 1 0
vn 0 -1 0
vn 0 -1 0
vn 0 -1 0
vn 0 -1 0
vn 0 -1 0
vn 0 -1 0
vn 0 -1 0
vn 0 -1 0
vn 0 -1 0
vn 0 -1 0
vn 0 -1 0
vn 0 -1 0
vn 0 -1 0
vn 0 -1 0
vn 0 -1 0
vn 0 -1 0
vn 0 -1 0
vn 0 -1 0
vn 0 -1 0
vn 0 -1 0
vn 0 -1 0
vn 0 -1 0
vn 0 -1 0
vn 0 -1 0
vn 0 -1 0
vn 0 -1 0
vn 0 -1 0
vn 0 -1 0
vn 0 -1 0
vn 0 -1 0
vn 0 -1 0
vn 0 -1 0
vn 0 -1 0
vn 0 -1 0
vn 0 -1 0
vn 0 -1 0
vn 0 -1 0
vn 0 -1 0
vn 0 -1 0
vn 0 -1 0
vn 0 -1 0
f 859/859/859 880/880/880 860/860/860
f 880/880/880 881/881/881 860/860/860
f 860/860/860 881/881/881 861/861/861
f 881/881/881 882/882/882 861/861/861
f 861/861/861 882/882/882 862/862/862
f 882/882/882 883/883/883 862/862/862
f 862/862/862 883/883/883 863/863/863
f 883/883/883 884/884/884 863/863/863
f 863/863/863 884/884/884 864/864/864
f 884/884/884 885/885/885 864/864/864
f 864/864/864 885/885/885 865/865/865
f 885/885/885 886/886/886 865/865/865
f 865/865/865 886/886/886 866/866/866
f 886/886/886 887/887/887 866/866/866
f 866/866/866 887/887/887 867/867/867
f 887/887/887 888/888/888 867/867/867
f 867/867/867 888/888/888 868/868/868
f 888/888/888 889/889/889 868/868/868
f 868/868/868 889/889/889 869/869/869
f 889/889/889 890/890/890 869/869/869
f 869/869/869 890/890/890 870/870/870
f 890/890/890 891/891/891 870/870/870
f 870/870/870 891/891/891 871/871/871
f 891/891/891 892/892/892 871/871/871
f 871/871/871 892/892/892 872/872/872
f 892/892/892 893/893/893 872/872/872
f 872/872/872 893/893/893 873/873/873
f 893/893/893 894/894/894 873/873/873
f 873/873/873 894/894/894 874/874/874
f 894/894/894 895/895/895 874/874/874
f 874/874/874 895/895/895 875/875/875
f 895/895/895 896/896/896 875/875/875
f 875/875/875 896/896/896 876/876/876
f 896/896/896 897/897/897 876/876/876
f 876/876/876 897/897/897 877/877/877
f 897/897/897 898/898/898 877/877/877
f 877/877/877 898/898/898 878/878/878
f 898/898/898 899/899/899 878/878/878
f 878/878/878 899/899/899 879/879/879
f 899/899/899 900/900/900 879/879/879
f 921/921/921 922/922/922 901/901/901
f 922/922/922 923/923/923 902/902/902
f 923/923/923 924/924/924 903/903/903
f 924/924/924 925/925/925 904/904/904
f 925/925/925 926/926/926 905/905/905
f 926/926/926 927/927/927 906/906/906
f 927/927/927 928/928/928 907/907/907
f 928/928/928 929/929/929 908/908/908
f 929/929/929 930/930/930 909/909/909
f 930/930/930 931/931/931 910/910/910
f 931/931/931 932/932/932 911/911/911
f 932/932/932 933/933/933 912/912/912
f 933/933/933 934/934/934 913/913/913
f 934/934/934 935/935/935 914/914/914
f 935/935/935 936/936/936 915/915/915
f 936/936/936 937/937/937 916/916/916
f 937/937/937 938/938/938 917/917/917
f 938/938/938 939/939/939 918/918/918
f 939/939/939 940/940/940 919/919/919
f 940/940/940 941/941/941 920/920/920
f 963/963/963 962/962/962 942/942/942
f 964/964/964 963/963/963 943/943/943
f 965/965/965 964/964/964 944/944/944
f 966/966/966 965/965/965 945/945/945
f 967/967/967 966/966/966 946/946/946
f 968/968/968 967/967/967 947/947/947
f 969/969/969 968/968/968 948/948/948
f 970/970/970 969/969/969 949/949/949
f 971/971/971 970/970/970 950/950/950
f 972/972/972 971/971/971 951/951/951
f 973/973/973 972/972/972 952/952/952
f 974/974/974 973/973/973 953/953/953
f 975/975/975 974/974/974 954/954/954
f 976/976/976 975/975/975 955/955/955
f 977/977/977 976/976/976 956/956/956
f 978/978/978 977/977/977 957/957/957
f 979/979/979 978/978/978 958/958/958
f 980/980/980 979/979/979 959/959/959
f 981/981/981 980/980/980 960/960/960
f 982/982/982 981/981/981 961/961/961
o armL
v 0 -0.3199999928474426 -2.020667240591078e-17
v 0 -0.3178863823413849 0.02145993523299694
v 0 -0.31162676215171814 0.04209517687559128
v 0 -0.30146166682243347 0.061112724244594574
v 0 -0.2877817451953888 0.07778174430131912
v 0 -0.27111274003982544 0.0914616584777832
v 0 -0.25209516286849976 0.10162674635648727
v 0 -0.23145993053913116 0.10788638144731522
v 0 -0.20999999344348907 0.10999999940395355
v 0 0.20999999344348907 0.10999999940395355
v 0 0.23145993053913116 0.10788638144731522
v 0 0.25209516286849976 0.10162674635648727
v 0 0.27111274003982544 0.0914616584777832
v 0 0.2877817451953888 0.07778174430131912
v 0 0.30146166682243347 0.061112724244594574
v 0 0.31162676215171814 0.04209517687559128
v 0 0.3178863823413849 0.02145993523299694
v 0 0.3199999928474426 6.735557192910056e-18
v -1.187718366754473e-17 -0.3199999928474426 -1.6347540667383434e-17
v 0.012613833881914616 -0.3178863823413849 0.01736145280301571
v 0.02474292367696762 -0.31162676215171814 0.034055713564157486
v 0.035921160131692886 -0.30146166682243347 0.04944123327732086
v 0.045718964189291 -0.2877817451953888 0.0629267543554306
v 0.05375981330871582 -0.27111274003982544 0.07399403303861618
v 0.059734705835580826 -0.25209516286849976 0.08221776783466339
v 0.06341402232646942 -0.23145993053913116 0.08728191256523132
v 0.06465637683868408 -0.20999999344348907 0.08899187296628952
v 0.06465637683868408 0.20999999344348907 0.08899187296628952
v 0.06341402232646942 0.23145993053913116 0.08728191256523132
v 0.059734705835580826 0.25209516286849976 0.08221776783466339
v 0.05375981330871582 0.27111274003982544 0.07399403303861618
v 0.045718964189291 0.2877817451953888 0.0629267543554306
v 0.035921160131692886 0.30146166682243347 0.04944123327732086
v 0.02474292367696762 0.31162676215171814 0.034055713564157486
v 0.012613833881914616 0.3178863823413849 0.01736145280301571
v 3.9590613603783454e-18 0.3199999928474426 5.4491804981880155e-18
v -1.9217686993736254e-17 -0.3199999928474426 -6.244205291608657e-18
v 0.020409611985087395 -0.3178863823413849 0.006631484720855951
v 0.04003489390015602 -0.31162676215171814 0.013008125126361847
v 0.05812165513634682 -0.30146166682243347 0.018884871155023575
v 0.07397483289241791 -0.2877817451953888 0.024035882204771042
v 0.08698520809412003 -0.27111274003982544 0.028263205662369728
v 0.09665278345346451 -0.25209516286849976 0.031404390931129456
v 0.10260604321956635 -0.23145993053913116 0.033338725566864014
v 0.10461621731519699 -0.20999999344348907 0.033991869539022446
v 0.10461621731519699 0.20999999344348907 0.033991869539022446
v 0.10260604321956635 0.23145993053913116 0.033338725566864014
v 0.09665278345346451 0.25209516286849976 0.031404390931129456
v 0.08698520809412003 0.27111274003982544 0.028263205662369728
v 0.07397483289241791 0.2877817451953888 0.024035882204771042
v 0.05812165513634682 0.30146166682243347 0.018884871155023575
v 0.04003489390015602 0.31162676215171814 0.013008125126361847
v 0.020409611985087395 0.3178863823413849 0.006631484720855951
v 6.405895940305622e-18 0.3199999928474426 2.0814016949378346e-18
v -1.9217686993736254e-17 -0.3199999928474426 6.244205291608657e-18
v 0.020409611985087395 -0.3178863823413849 -0.006631484720855951
v 0.04003489390015602 -0.31162676215171814 -0.013008125126361847
v 0.05812165513634682 -0.30146166682243347 -0.018884871155023575
v 0.07397483289241791 -0.2877817451953888 -0.024035882204771042
v 0.08698520809412003 -0.27111274003982544 -0.028263205662369728
v 0.09665278345346451 -0.25209516286849976 -0.031404390931129456
v 0.10260604321956635 -0.23145993053913116 -0.033338725566864014
v 0.10461621731519699 -0.20999999344348907 -0.033991869539022446
v 0.10461621731519699 0.20999999344348907 -0.033991869539022446
v 0.10260604321956635 0.23145993053913116 -0.033338725566864014
v 0.09665278345346451 0.25209516286849976 -0.031404390931129456
v 0.08698520809412003 0.27111274003982544 -0.028263205662369728
v 0.07397483289241791 0.2877817451953888 -0.024035882204771042
v 0.05812165513634682 0.30146166682243347 -0.018884871155023575
v 0.04003489390015602 0.31162676215171814 -0.013008125126361847
v 0.020409611985087395 0.3178863823413849 -0.006631484720855951
v 6.405895940305622e-18 0.3199999928474426 -2.0814016949378346e-18
v -1.187718366754473e-17 -0.3199999928474426 1.6347540667383434e-17
v 0.012613833881914616 -0.3178863823413849 -0.01736145280301571
v 0.02474292367696762 -0.31162676215171814 -0.034055713564157486
v 0.035921160131692886 -0.30146166682243347 -0.04944123327732086
v 0.045718964189291 -0.2877817451953888 -0.0629267543554306
v 0.05375981330871582 -0.27111274003982544 -0.07399403303861618
v 0.059734705835580826 -0.25209516286849976 -0.08221776783466339
v 0.06341402232646942 -0.23145993053913116 -0.08728191256523132
v 0.06465637683868408 -0.20999999344348907 -0.08899187296628952
v 0.06465637683868408 0.20999999344348907 -0.08899187296628952
v 0.06341402232646942 0.23145993053913116 -0.08728191256523132
v 0.059734705835580826 0.25209516286849976 -0.08221776783466339
v 0.05375981330871582 0.27111274003982544 -0.07399403303861618
v 0.045718964189291 0.2877817451953888 -0.0629267543554306
v 0.035921160131692886 0.30146166682243347 -0.04944123327732086
v 0.02474292367696762 0.31162676215171814 -0.034055713564157486
v 0.012613833881914616 0.3178863823413849 -0.01736145280301571
v 3.9590613603783454e-18 0.3199999928474426 -5.4491804981880155e-18
v -2.4746036875770468e-33 -0.3199999928474426 2.020667240591078e-17
v 2.6280841210032117e-18 -0.3178863823413849 -0.02145993523299694
v 5.155172384345843e-18 -0.31162676215171814 -0.04209517687559128
v 7.48415068418687e-18 -0.30146166682243347 -0.061112724244594574
v 9.525516630681985e-18 -0.2877817451953888 -0.07778174430131912
v 1.1200822896078496e-17 -0.27111274003982544 -0.0914616584777832
v 1.2445687531759562e-17 -0.25209516286849976 -0.10162674635648727
v 1.3212271374178793e-17 -0.23145993053913116 -0.10788638144731522
v 1.3471114385820111e-17 -0.20999999344348907 -0.10999999940395355
v 1.3471114385820111e-17 0.20999999344348907 -0.10999999940395355
v 1.3212271374178793e-17 0.23145993053913116 -0.10788638144731522
v 1.2445687531759562e-17 0.25209516286849976 -0.10162674635648727
v 1.1200822896078496e-17 0.27111274003982544 -0.0914616584777832
v 9.525516630681985e-18 0.2877817451953888 -0.07778174430131912
v 7.48415068418687e-18 0.30146166682243347 -0.061112724244594574
v 5.155172384345843e-18 0.31162676215171814 -0.04209517687559128
v 2.6280841210032117e-18 0.3178863823413849 -0.02145993523299694
v 8.248678958590156e-34 0.3199999928474426 -6.735557192910056e-18
v 1.187718366754473e-17 -0.3199999928474426 1.6347540667383434e-17
v -0.012613833881914616 -0.3178863823413849 -0.01736145280301571
v -0.02474292367696762 -0.31162676215171814 -0.034055713564157486
v -0.035921160131692886 -0.30146166682243347 -0.04944123327732086
v -0.045718964189291 -0.2877817451953888 -0.0629267543554306
v -0.05375981330871582 -0.27111274003982544 -0.07399403303861618
v -0.059734705835580826 -0.25209516286849976 -0.08221776783466339
v -0.06341402232646942 -0.23145993053913116 -0.08728191256523132
v -0.06465637683868408 -0.20999999344348907 -0.08899187296628952
v -0.06465637683868408 0.20999999344348907 -0.08899187296628952
v -0.06341402232646942 0.23145993053913116 -0.08728191256523132
v -0.059734705835580826 0.25209516286849976 -0.08221776783466339
v -0.05375981330871582 0.27111274003982544 -0.07399403303861618
v -0.045718964189291 0.2877817451953888 -0.0629267543554306
v -0.035921160131692886 0.30146166682243347 -0.04944123327732086
v -0.02474292367696762 0.31162676215171814 -0.034055713564157486
v -0.012613833881914616 0.3178863823413849 -0.01736145280301571
v -3.9590613603783454e-18 0.3199999928474426 -5.4491804981880155e-18
v 1.9217686993736254e-17 -0.3199999928474426 6.244205291608657e-18
v -0.020409611985087395 -0.3178863823413849 -0.006631484720855951
v -0.04003489390015602 -0.31162676215171814 -0.013008125126361847
v -0.05812165513634682 -0.30146166682243347 -0.018884871155023575
v -0.07397483289241791 -0.2877817451953888 -0.024035882204771042
v -0.08698520809412003 -0.27111274003982544 -0.028263205662369728
v -0.09665278345346451 -0.25209516286849976 -0.031404390931129456
v -0.10260604321956635 -0.23145993053913116 -0.033338725566864014
v -0.10461621731519699 -0.20999999344348907 -0.033991869539022446
v -0.10461621731519699 0.20999999344348907 -0.033991869539022446
v -0.10260604321956635 0.23145993053913116 -0.033338725566864014
v -0.09665278345346451 0.25209516286849976 -0.031404390931129456
v -0.08698520809412003 0.27111274003982544 -0.028263205662369728
v -0.07397483289241791 0.2877817451953888 -0.024035882204771042
v -0.05812165513634682 0.30146166682243347 -0.018884871155023575
v -0.04003489390015602 0.31162676215171814 -0.013008125126361847
v -0.020409611985087395 0.3178863823413849 -0.006631484720855951
v -6.405895940305622e-18 0.3199999928474426 -2.0814016949378346e-18
v 1.9217686993736254e-17 -0.3199999928474426 -6.244205291608657e-18
v -0.020409611985087395 -0.3178863823413849 0.006631484720855951
v -0.04003489390015602 -0.31162676215171814 0.013008125126361847
v -0.05812165513634682 -0.30146166682243347 0.018884871155023575
v -0.07397483289241791 -0.2877817451953888 0.024035882204771042
v -0.08698520809412003 -0.27111274003982544 0.028263205662369728
v -0.09665278345346451 -0.25209516286849976 0.031404390931129456
v -0.10260604321956635 -0.23145993053913116 0.033338725566864014
v -0.10461621731519699 -0.20999999344348907 0.033991869539022446
v -0.10461621731519699 0.20999999344348907 0.033991869539022446
v -0.10260604321956635 0.23145993053913116 0.033338725566864014
v -0.09665278345346451 0.25209516286849976 0.031404390931129456
v -0.08698520809412003 0.27111274003982544 0.028263205662369728
v -0.07397483289241791 0.2877817451953888 0.024035882204771042
v -0.05812165513634682 0.30146166682243347 0.018884871155023575
v -0.04003489390015602 0.31162676215171814 0.013008125126361847
v -0.020409611985087395 0.3178863823413849 0.006631484720855951
v -6.405895940305622e-18 0.3199999928474426 2.0814016949378346e-18
v 1.187718366754473e-17 -0.3199999928474426 -1.6347540667383434e-17
v -0.012613833881914616 -0.3178863823413849 0.01736145280301571
v -0.02474292367696762 -0.31162676215171814 0.034055713564157486
v -0.035921160131692886 -0.30146166682243347 0.04944123327732086
v -0.045718964189291 -0.2877817451953888 0.0629267543554306
v -0.05375981330871582 -0.27111274003982544 0.07399403303861618
v -0.059734705835580826 -0.25209516286849976 0.08221776783466339
v -0.06341402232646942 -0.23145993053913116 0.08728191256523132
v -0.06465637683868408 -0.20999999344348907 0.08899187296628952
v -0.06465637683868408 0.20999999344348907 0.08899187296628952
v -0.06341402232646942 0.23145993053913116 0.08728191256523132
v -0.059734705835580826 0.25209516286849976 0.08221776783466339
v -0.05375981330871582 0.27111274003982544 0.07399403303861618
v -0.045718964189291 0.2877817451953888 0.0629267543554306
v -0.035921160131692886 0.30146166682243347 0.04944123327732086
v -0.02474292367696762 0.31162676215171814 0.034055713564157486
v -0.012613833881914616 0.3178863823413849 0.01736145280301571
v -3.9590613603783454e-18 0.3199999928474426 5.4491804981880155e-18
v 4.9492073751540935e-33 -0.3199999928474426 -2.020667240591078e-17
v -5.2561682420064234e-18 -0.3178863823413849 0.02145993523299694
v -1.0310344768691685e-17 -0.31162676215171814 0.04209517687559128
v -1.496830136837374e-17 -0.30146166682243347 0.061112724244594574
v -1.905103326136397e-17 -0.2877817451953888 0.07778174430131912
v -2.2401645792156992e-17 -0.27111274003982544 0.0914616584777832
v -2.4891375063519125e-17 -0.25209516286849976 0.10162674635648727
v -2.6424542748357586e-17 -0.23145993053913116 0.10788638144731522
v -2.6942228771640223e-17 -0.20999999344348907 0.10999999940395355
v -2.6942228771640223e-17 0.20999999344348907 0.10999999940395355
v -2.6424542748357586e-17 0.23145993053913116 0.10788638144731522
v -2.4891375063519125e-17 0.25209516286849976 0.10162674635648727
v -2.2401645792156992e-17 0.27111274003982544 0.0914616584777832
v -1.905103326136397e-17 0.2877817451953888 0.07778174430131912
v -1.496830136837374e-17 0.30146166682243347 0.061112724244594574
v -1.0310344768691685e-17 0.31162676215171814 0.04209517687559128
v -5.2561682420064234e-18 0.3178863823413849 0.02145993523299694
v -1.6497357917180312e-33 0.3199999928474426 6.735557192910056e-18
vt 0 0
vt 0 0.05882352963089943
vt 0 0.11764705926179886
vt 0 0.1764705926179886
vt 0 0.23529411852359772
vt 0 0.29411765933036804
vt 0 0.3529411852359772
vt 0 0.4117647111415863
vt 0 0.47058823704719543
vt 0 0.529411792755127
vt 0 0.5882353186607361
vt 0 0.6470588445663452
vt 0 0.7058823704719543
vt 0 0.7647058963775635
vt 0 0.8235294222831726
vt 0 0.8823529481887817
vt 0 0.9411764740943909
vt 0 1
vt 0.10000000149011612 0
vt 0.10000000149011612 0.05882352963089943
vt 0.10000000149011612 0.11764705926179886
vt 0.10000000149011612 0.1764705926179886
vt 0.10000000149011612 0.23529411852359772
vt 0.10000000149011612 0.29411765933036804
vt 0.10000000149011612 0.3529411852359772
vt 0.10000000149011612 0.4117647111415863
vt 0.10000000149011612 0.47058823704719543
vt 0.10000000149011612 0.529411792755127
vt 0.10000000149011612 0.5882353186607361
vt 0.10000000149011612 0.6470588445663452
vt 0.10000000149011612 0.7058823704719543
vt 0.10000000149011612 0.7647058963775635
vt 0.10000000149011612 0.8235294222831726
vt 0.10000000149011612 0.8823529481887817
vt 0.10000000149011612 0.9411764740943909
vt 0.10000000149011612 1
vt 0.20000000298023224 0
vt 0.20000000298023224 0.05882352963089943
vt 0.20000000298023224 0.11764705926179886
vt 0.20000000298023224 0.1764705926179886
vt 0.20000000298023224 0.23529411852359772
vt 0.20000000298023224 0.29411765933036804
vt 0.20000000298023224 0.3529411852359772
vt 0.20000000298023224 0.4117647111415863
vt 0.20000000298023224 0.47058823704719543
vt 0.20000000298023224 0.529411792755127
vt 0.20000000298023224 0.5882353186607361
vt 0.20000000298023224 0.6470588445663452
vt 0.20000000298023224 0.7058823704719543
vt 0.20000000298023224 0.7647058963775635
vt 0.20000000298023224 0.8235294222831726
vt 0.20000000298023224 0.8823529481887817
vt 0.20000000298023224 0.9411764740943909
vt 0.20000000298023224 1
vt 0.30000001192092896 0
vt 0.30000001192092896 0.05882352963089943
vt 0.30000001192092896 0.11764705926179886
vt 0.30000001192092896 0.1764705926179886
vt 0.30000001192092896 0.23529411852359772
vt 0.30000001192092896 0.29411765933036804
vt 0.30000001192092896 0.3529411852359772
vt 0.30000001192092896 0.4117647111415863
vt 0.30000001192092896 0.47058823704719543
vt 0.30000001192092896 0.529411792755127
vt 0.30000001192092896 0.5882353186607361
vt 0.30000001192092896 0.6470588445663452
vt 0.30000001192092896 0.7058823704719543
vt 0.30000001192092896 0.7647058963775635
vt 0.30000001192092896 0.8235294222831726
vt 0.30000001192092896 0.8823529481887817
vt 0.30000001192092896 0.9411764740943909
vt 0.30000001192092896 1
vt 0.4000000059604645 0
vt 0.4000000059604645 0.05882352963089943
vt 0.4000000059604645 0.11764705926179886
vt 0.4000000059604645 0.1764705926179886
vt 0.4000000059604645 0.23529411852359772
vt 0.4000000059604645 0.29411765933036804
vt 0.4000000059604645 0.3529411852359772
vt 0.4000000059604645 0.4117647111415863
vt 0.4000000059604645 0.47058823704719543
vt 0.4000000059604645 0.529411792755127
vt 0.4000000059604645 0.5882353186607361
vt 0.4000000059604645 0.6470588445663452
vt 0.4000000059604645 0.7058823704719543
vt 0.4000000059604645 0.7647058963775635
vt 0.4000000059604645 0.8235294222831726
vt 0.4000000059604645 0.8823529481887817
vt 0.4000000059604645 0.9411764740943909
vt 0.4000000059604645 1
vt 0.5 0
vt 0.5 0.05882352963089943
vt 0.5 0.11764705926179886
vt 0.5 0.1764705926179886
vt 0.5 0.23529411852359772
vt 0.5 0.29411765933036804
vt 0.5 0.3529411852359772
vt 0.5 0.4117647111415863
vt 0.5 0.47058823704719543
vt 0.5 0.529411792755127
vt 0.5 0.5882353186607361
vt 0.5 0.6470588445663452
vt 0.5 0.7058823704719543
vt 0.5 0.7647058963775635
vt 0.5 0.8235294222831726
vt 0.5 0.8823529481887817
vt 0.5 0.9411764740943909
vt 0.5 1
vt 0.6000000238418579 0
vt 0.6000000238418579 0.05882352963089943
vt 0.6000000238418579 0.11764705926179886
vt 0.6000000238418579 0.1764705926179886
vt 0.6000000238418579 0.23529411852359772
vt 0.6000000238418579 0.29411765933036804
vt 0.6000000238418579 0.3529411852359772
vt 0.6000000238418579 0.4117647111415863
vt 0.6000000238418579 0.47058823704719543
vt 0.6000000238418579 0.529411792755127
vt 0.6000000238418579 0.5882353186607361
vt 0.6000000238418579 0.6470588445663452
vt 0.6000000238418579 0.7058823704719543
vt 0.6000000238418579 0.7647058963775635
vt 0.6000000238418579 0.8235294222831726
vt 0.6000000238418579 0.8823529481887817
vt 0.6000000238418579 0.9411764740943909
vt 0.6000000238418579 1
vt 0.699999988079071 0
vt 0.699999988079071 0.05882352963089943
vt 0.699999988079071 0.11764705926179886
vt 0.699999988079071 0.1764705926179886
vt 0.699999988079071 0.23529411852359772
vt 0.699999988079071 0.29411765933036804
vt 0.699999988079071 0.3529411852359772
vt 0.699999988079071 0.4117647111415863
vt 0.699999988079071 0.47058823704719543
vt 0.699999988079071 0.529411792755127
vt 0.699999988079071 0.5882353186607361
vt 0.699999988079071 0.6470588445663452
vt 0.699999988079071 0.7058823704719543
vt 0.699999988079071 0.7647058963775635
vt 0.699999988079071 0.8235294222831726
vt 0.699999988079071 0.8823529481887817
vt 0.699999988079071 0.9411764740943909
vt 0.699999988079071 1
vt 0.800000011920929 0
vt 0.800000011920929 0.05882352963089943
vt 0.800000011920929 0.11764705926179886
vt 0.800000011920929 0.1764705926179886
vt 0.800000011920929 0.23529411852359772
vt 0.800000011920929 0.29411765933036804
vt 0.800000011920929 0.3529411852359772
vt 0.800000011920929 0.4117647111415863
vt 0.800000011920929 0.47058823704719543
vt 0.800000011920929 0.529411792755127
vt 0.800000011920929 0.5882353186607361
vt 0.800000011920929 0.6470588445663452
vt 0.800000011920929 0.7058823704719543
vt 0.800000011920929 0.7647058963775635
vt 0.800000011920929 0.8235294222831726
vt 0.800000011920929 0.8823529481887817
vt 0.800000011920929 0.9411764740943909
vt 0.800000011920929 1
vt 0.8999999761581421 0
vt 0.8999999761581421 0.05882352963089943
vt 0.8999999761581421 0.11764705926179886
vt 0.8999999761581421 0.1764705926179886
vt 0.8999999761581421 0.23529411852359772
vt 0.8999999761581421 0.29411765933036804
vt 0.8999999761581421 0.3529411852359772
vt 0.8999999761581421 0.4117647111415863
vt 0.8999999761581421 0.47058823704719543
vt 0.8999999761581421 0.529411792755127
vt 0.8999999761581421 0.5882353186607361
vt 0.8999999761581421 0.6470588445663452
vt 0.8999999761581421 0.7058823704719543
vt 0.8999999761581421 0.7647058963775635
vt 0.8999999761581421 0.8235294222831726
vt 0.8999999761581421 0.8823529481887817
vt 0.8999999761581421 0.9411764740943909
vt 0.8999999761581421 1
vt 1 0
vt 1 0.05882352963089943
vt 1 0.11764705926179886
vt 1 0.1764705926179886
vt 1 0.23529411852359772
vt 1 0.29411765933036804
vt 1 0.3529411852359772
vt 1 0.4117647111415863
vt 1 0.47058823704719543
vt 1 0.529411792755127
vt 1 0.5882353186607361
vt 1 0.6470588445663452
vt 1 0.7058823704719543
vt 1 0.7647058963775635
vt 1 0.8235294222831726
vt 1 0.8823529481887817
vt 1 0.9411764740943909
vt 1 1
vn 0 -0.9951847265167456 0.09801714190788421
vn 0 -0.9807852789517083 0.19509032931342324
vn 0 -0.9238795305660377 0.3826834370613369
vn 0 -0.8314696016585884 0.555570248949409
vn 0 -0.7071067811865476 0.7071067811865476
vn 0 -0.555570248949409 0.8314696016585884
vn 0 -0.3826834370613369 0.9238795305660377
vn 0 -0.19509032931342324 0.9807852789517083
vn 0 -0.004787738818303735 0.9999885387128233
vn 0 0.004787738818303735 0.9999885387128233
vn 0 0.19509032931342324 0.9807852789517083
vn 0 0.3826834370613369 0.9238795305660377
vn 0 0.555570248949409 0.8314696016585884
vn 0 0.7071067811865476 0.7071067811865476
vn 0 0.8314696016585884 0.555570248949409
vn 0 0.9238795305660377 0.3826834370613369
vn 0 0.9807852789517083 0.19509032931342324
vn 0 0.9951847267457509 0.09801713958275474
vn 0.05761303046890084 -0.9951847263488794 0.07929753566218546
vn 0.11467121874698477 -0.9807852791622833 0.15783139031777935
vn 0.22493568619107826 -0.9238795270537845 0.30959741046821454
vn 0.3265560021464657 -0.8314696081968067 0.4494657585480415
vn 0.41562694178321036 -0.7071067668252459 0.5720614176588762
vn 0.48872557037233416 -0.5555702420015914 0.672673043213811
vn 0.5430427694235064 -0.38268341941514195 0.7474342453230138
vn 0.5764911317597378 -0.19509032851987904 0.7934719520691215
vn 0.5877785194668899 -0.004787738988633104 0.8090077191279993
vn 0.5877785194668899 0.004787738988633104 0.8090077191279993
vn 0.5764911317597378 0.19509032851987904 0.7934719520691215
vn 0.5430427694235064 0.38268341941514195 0.7474342453230138
vn 0.48872557037233416 0.5555702420015914 0.672673043213811
vn 0.41562694178321036 0.7071067668252459 0.5720614176588762
vn 0.3265560021464657 0.8314696081968067 0.4494657585480415
vn 0.22493568619107826 0.9238795270537845 0.30959741046821454
vn 0.11467121874698477 0.9807852791622833 0.15783139031777935
vn 0.057613029807747615 0.9951847267904556 0.07929753060075688
vn 0.09321983970303374 -0.9951847266786052 0.030288962863900263
vn 0.18554193303865749 -0.9807852782790393 0.060286225585834116
vn 0.36395357170073417 -0.9238795324059993 0.11825568589945505
vn 0.5283786797648593 -0.8314696179628451 0.17168064880662698
vn 0.6724985254555338 -0.7071067704166476 0.21850800555373517
vn 0.790774582614927 -0.5555702439449209 0.256938248482333
vn 0.878661647790497 -0.38268343278472655 0.28549448151266615
vn 0.932782235312015 -0.19509032422006142 0.3030793079080657
vn 0.9510456165112874 -0.004787738820834418 0.3090134509558584
vn 0.9510456165112874 0.004787738820834418 0.3090134509558584
vn 0.932782235312015 0.19509032422006142 0.3030793079080657
vn 0.878661647790497 0.38268343278472655 0.28549448151266615
vn 0.790774582614927 0.5555702439449209 0.256938248482333
vn 0.6724985254555338 0.7071067704166476 0.21850800555373517
vn 0.5283786797648593 0.8314696179628451 0.17168064880662698
vn 0.36395357170073417 0.9238795324059993 0.11825568589945505
vn 0.18554193303865749 0.9807852782790393 0.060286225585834116
vn 0.09321984224026206 0.9951847264217242 0.03028896349528212
vn 0.09321983970303374 -0.9951847266786052 -0.030288962863900263
vn 0.18554193303865749 -0.9807852782790393 -0.060286225585834116
vn 0.36395357170073417 -0.9238795324059993 -0.11825568589945505
vn 0.5283786797648593 -0.8314696179628451 -0.17168064880662698
vn 0.6724985254555338 -0.7071067704166476 -0.21850800555373517
vn 0.790774582614927 -0.5555702439449209 -0.256938248482333
vn 0.878661647790497 -0.38268343278472655 -0.28549448151266615
vn 0.932782235312015 -0.19509032422006142 -0.3030793079080657
vn 0.9510456165112874 -0.004787738820834418 -0.3090134509558584
vn 0.9510456165112874 0.004787738820834418 -0.3090134509558584
vn 0.932782235312015 0.19509032422006142 -0.3030793079080657
vn 0.878661647790497 0.38268343278472655 -0.28549448151266615
vn 0.790774582614927 0.5555702439449209 -0.256938248482333
vn 0.6724985254555338 0.7071067704166476 -0.21850800555373517
vn 0.5283786797648593 0.8314696179628451 -0.17168064880662698
vn 0.36395357170073417 0.9238795324059993 -0.11825568589945505
vn 0.18554193303865749 0.9807852782790393 -0.060286225585834116
vn 0.09321984224026206 0.9951847264217242 -0.03028896349528212
vn 0.05761303046890084 -0.9951847263488794 -0.07929753566218546
vn 0.11467121874698477 -0.9807852791622833 -0.15783139031777935
vn 0.22493568619107826 -0.9238795270537845 -0.30959741046821454
vn 0.3265560021464657 -0.8314696081968067 -0.4494657585480415
vn 0.41562694178321036 -0.7071067668252459 -0.5720614176588762
vn 0.48872557037233416 -0.5555702420015914 -0.672673043213811
vn 0.5430427694235064 -0.38268341941514195 -0.7474342453230138
vn 0.5764911317597378 -0.19509032851987904 -0.7934719520691215
vn 0.5877785194668899 -0.004787738988633104 -0.8090077191279993
vn 0.5877785194668899 0.004787738988633104 -0.8090077191279993
vn 0.5764911317597378 0.19509032851987904 -0.7934719520691215
vn 0.5430427694235064 0.38268341941514195 -0.7474342453230138
vn 0.48872557037233416 0.5555702420015914 -0.672673043213811
vn 0.41562694178321036 0.7071067668252459 -0.5720614176588762
vn 0.3265560021464657 0.8314696081968067 -0.4494657585480415
vn 0.22493568619107826 0.9238795270537845 -0.30959741046821454
vn 0.11467121874698477 0.9807852791622833 -0.15783139031777935
vn 0.057613029807747615 0.9951847267904556 -0.07929753060075688
vn 1.2003638160387948e-17 -0.9951847265167456 -0.09801714190788421
vn 2.3891675042776736e-17 -0.9807852789517083 -0.19509032931342324
vn 4.686520603449003e-17 -0.9238795305660377 -0.3826834370613369
vn 6.803773009178756e-17 -0.8314696016585884 -0.555570248949409
vn 8.659560751628624e-17 -0.7071067811865476 -0.7071067811865476
vn 1.018256628525395e-16 -0.555570248949409 -0.8314696016585884
vn 1.131426144463939e-16 -0.3826834370613369 -0.9238795305660377
vn 1.2011156502087048e-16 -0.19509032931342324 -0.9807852789517083
vn 1.2246328025437113e-16 -0.004787738818303735 -0.9999885387128233
vn 1.2246328025437113e-16 0.004787738818303735 -0.9999885387128233
vn 1.2011156502087048e-16 0.19509032931342324 -0.9807852789517083
vn 1.131426144463939e-16 0.3826834370613369 -0.9238795305660377
vn 1.018256628525395e-16 0.555570248949409 -0.8314696016585884
vn 8.659560751628624e-17 0.7071067811865476 -0.7071067811865476
vn 6.803773009178756e-17 0.8314696016585884 -0.555570248949409
vn 4.686520603449003e-17 0.9238795305660377 -0.3826834370613369
vn 2.3891675042776736e-17 0.9807852789517083 -0.19509032931342324
vn 1.200363737641705e-17 0.9951847267457509 -0.09801713958275474
vn -0.05761303046890084 -0.9951847263488794 -0.07929753566218546
vn -0.11467121874698477 -0.9807852791622833 -0.15783139031777935
vn -0.22493568619107826 -0.9238795270537845 -0.30959741046821454
vn -0.3265560021464657 -0.8314696081968067 -0.4494657585480415
vn -0.41562694178321036 -0.7071067668252459 -0.5720614176588762
vn -0.48872557037233416 -0.5555702420015914 -0.672673043213811
vn -0.5430427694235064 -0.38268341941514195 -0.7474342453230138
vn -0.5764911317597378 -0.19509032851987904 -0.7934719520691215
vn -0.5877785194668899 -0.004787738988633104 -0.8090077191279993
vn -0.5877785194668899 0.004787738988633104 -0.8090077191279993
vn -0.5764911317597378 0.19509032851987904 -0.7934719520691215
vn -0.5430427694235064 0.38268341941514195 -0.7474342453230138
vn -0.48872557037233416 0.5555702420015914 -0.672673043213811
vn -0.41562694178321036 0.7071067668252459 -0.5720614176588762
vn -0.3265560021464657 0.8314696081968067 -0.4494657585480415
vn -0.22493568619107826 0.9238795270537845 -0.30959741046821454
vn -0.11467121874698477 0.9807852791622833 -0.15783139031777935
vn -0.057613029807747615 0.9951847267904556 -0.07929753060075688
vn -0.09321983970303374 -0.9951847266786052 -0.030288962863900263
vn -0.18554193303865749 -0.9807852782790393 -0.060286225585834116
vn -0.36395357170073417 -0.9238795324059993 -0.11825568589945505
vn -0.5283786797648593 -0.8314696179628451 -0.17168064880662698
vn -0.6724985254555338 -0.7071067704166476 -0.21850800555373517
vn -0.790774582614927 -0.5555702439449209 -0.256938248482333
vn -0.878661647790497 -0.38268343278472655 -0.28549448151266615
vn -0.932782235312015 -0.19509032422006142 -0.3030793079080657
vn -0.9510456165112874 -0.004787738820834418 -0.3090134509558584
vn -0.9510456165112874 0.004787738820834418 -0.3090134509558584
vn -0.932782235312015 0.19509032422006142 -0.3030793079080657
vn -0.878661647790497 0.38268343278472655 -0.28549448151266615
vn -0.790774582614927 0.5555702439449209 -0.256938248482333
vn -0.6724985254555338 0.7071067704166476 -0.21850800555373517
vn -0.5283786797648593 0.8314696179628451 -0.17168064880662698
vn -0.36395357170073417 0.9238795324059993 -0.11825568589945505
vn -0.18554193303865749 0.9807852782790393 -0.060286225585834116
vn -0.09321984224026206 0.9951847264217242 -0.03028896349528212
vn -0.09321983970303374 -0.9951847266786052 0.030288962863900263
vn -0.18554193303865749 -0.9807852782790393 0.060286225585834116
vn -0.36395357170073417 -0.9238795324059993 0.11825568589945505
vn -0.5283786797648593 -0.8314696179628451 0.17168064880662698
vn -0.6724985254555338 -0.7071067704166476 0.21850800555373517
vn -0.790774582614927 -0.5555702439449209 0.256938248482333
vn -0.878661647790497 -0.38268343278472655 0.28549448151266615
vn -0.932782235312015 -0.19509032422006142 0.3030793079080657
vn -0.9510456165112874 -0.004787738820834418 0.3090134509558584
vn -0.9510456165112874 0.004787738820834418 0.3090134509558584
vn -0.932782235312015 0.19509032422006142 0.3030793079080657
vn -0.878661647790497 0.38268343278472655 0.28549448151266615
vn -0.790774582614927 0.5555702439449209 0.256938248482333
vn -0.6724985254555338 0.7071067704166476 0.21850800555373517
vn -0.5283786797648593 0.8314696179628451 0.17168064880662698
vn -0.36395357170073417 0.9238795324059993 0.11825568589945505
vn -0.18554193303865749 0.9807852782790393 0.060286225585834116
vn -0.09321984224026206 0.9951847264217242 0.03028896349528212
vn -0.05761303046890084 -0.9951847263488794 0.07929753566218546
vn -0.11467121874698477 -0.9807852791622833 0.15783139031777935
vn -0.22493568619107826 -0.9238795270537845 0.30959741046821454
vn -0.3265560021464657 -0.8314696081968067 0.4494657585480415
vn -0.41562694178321036 -0.7071067668252459 0.5720614176588762
vn -0.48872557037233416 -0.5555702420015914 0.672673043213811
vn -0.5430427694235064 -0.38268341941514195 0.7474342453230138
vn -0.5764911317597378 -0.19509032851987904 0.7934719520691215
vn -0.5877785194668899 -0.004787738988633104 0.8090077191279993
vn -0.5877785194668899 0.004787738988633104 0.8090077191279993
vn -0.5764911317597378 0.19509032851987904 0.7934719520691215
vn -0.5430427694235064 0.38268341941514195 0.7474342453230138
vn -0.48872557037233416 0.5555702420015914 0.672673043213811
vn -0.41562694178321036 0.7071067668252459 0.5720614176588762
vn -0.3265560021464657 0.8314696081968067 0.4494657585480415
vn -0.22493568619107826 0.9238795270537845 0.30959741046821454
vn -0.11467121874698477 0.9807852791622833 0.15783139031777935
vn -0.057613029807747615 0.9951847267904556 0.07929753060075688
vn -2.4007276320775896e-17 -0.9951847265167456 0.09801714190788421
vn -4.778335008555347e-17 -0.9807852789517083 0.19509032931342324
vn -9.373041206898005e-17 -0.9238795305660377 0.3826834370613369
vn -1.3607546018357512e-16 -0.8314696016585884 0.555570248949409
vn -1.7319121503257247e-16 -0.7071067811865476 0.7071067811865476
vn -2.03651325705079e-16 -0.555570248949409 0.8314696016585884
vn -2.262852288927878e-16 -0.3826834370613369 0.9238795305660377
vn -2.4022313004174096e-16 -0.19509032931342324 0.9807852789517083
vn -2.4492656050874226e-16 -0.004787738818303735 0.9999885387128233
vn -2.4492656050874226e-16 0.004787738818303735 0.9999885387128233
vn -2.4022313004174096e-16 0.19509032931342324 0.9807852789517083
vn -2.262852288927878e-16 0.3826834370613369 0.9238795305660377
vn -2.03651325705079e-16 0.555570248949409 0.8314696016585884
vn -1.7319121503257247e-16 0.7071067811865476 0.7071067811865476
vn -1.3607546018357512e-16 0.8314696016585884 0.555570248949409
vn -9.373041206898005e-17 0.9238795305660377 0.3826834370613369
vn -4.778335008555347e-17 0.9807852789517083 0.19509032931342324
vn -2.40072747528341e-17 0.9951847267457509 0.09801713958275474
f 983/983/983 1001/1001/1001 984/984/984
f 1002/1002/1002 984/984/984 1001/1001/1001
f 984/984/984 1002/1002/1002 985/985/985
f 1003/1003/1003 985/985/985 1002/1002/1002
f 985/985/985 1003/1003/1003 986/986/986
f 1004/1004/1004 986/986/986 1003/1003/1003
f 986/986/986 1004/1004/1004 987/987/987
f 1005/1005/1005 987/987/987 1004/1004/1004
f 987/987/987 1005/1005/1005 988/988/988
f 1006/1006/1006 988/988/988 1005/1005/1005
f 988/988/988 1006/1006/1006 989/989/989
f 1007/1007/1007 989/989/989 1006/1006/1006
f 989/989/989 1007/1007/1007 990/990/990
f 1008/1008/1008 990/990/990 1007/1007/1007
f 990/990/990 1008/1008/1008 991/991/991
f 1009/1009/1009 991/991/991 1008/1008/1008
f 991/991/991 1009/1009/1009 992/992/992
f 1010/1010/1010 992/992/992 1009/1009/1009
f 992/992/992 1010/1010/1010 993/993/993
f 1011/1011/1011 993/993/993 1010/1010/1010
f 993/993/993 1011/1011/1011 994/994/994
f 1012/1012/1012 994/994/994 1011/1011/1011
f 994/994/994 1012/1012/1012 995/995/995
f 1013/1013/1013 995/995/995 1012/1012/1012
f 995/995/995 1013/1013/1013 996/996/996
f 1014/1014/1014 996/996/996 1013/1013/1013
f 996/996/996 1014/1014/1014 997/997/997
f 1015/1015/1015 997/997/997 1014/1014/1014
f 997/997/997 1015/1015/1015 998/998/998
f 1016/1016/1016 998/998/998 1015/1015/1015
f 998/998/998 1016/1016/1016 999/999/999
f 1017/1017/1017 999/999/999 1016/1016/1016
f 999/999/999 1017/1017/1017 1000/1000/1000
f 1018/1018/1018 1000/1000/1000 1017/1017/1017
f 1001/1001/1001 1019/1019/1019 1002/1002/1002
f 1020/1020/1020 1002/1002/1002 1019/1019/1019
f 1002/1002/1002 1020/1020/1020 1003/1003/1003
f 1021/1021/1021 1003/1003/1003 1020/1020/1020
f 1003/1003/1003 1021/1021/1021 1004/1004/1004
f 1022/1022/1022 1004/1004/1004 1021/1021/1021
f 1004/1004/1004 1022/1022/1022 1005/1005/1005
f 1023/1023/1023 1005/1005/1005 1022/1022/1022
f 1005/1005/1005 1023/1023/1023 1006/1006/1006
f 1024/1024/1024 1006/1006/1006 1023/1023/1023
f 1006/1006/1006 1024/1024/1024 1007/1007/1007
f 1025/1025/1025 1007/1007/1007 1024/1024/1024
f 1007/1007/1007 1025/1025/1025 1008/1008/1008
f 1026/1026/1026 1008/1008/1008 1025/1025/1025
f 1008/1008/1008 1026/1026/1026 1009/1009/1009
f 1027/1027/1027 1009/1009/1009 1026/1026/1026
f 1009/1009/1009 1027/1027/1027 1010/1010/1010
f 1028/1028/1028 1010/1010/1010 1027/1027/1027
f 1010/1010/1010 1028/1028/1028 1011/1011/1011
f 1029/1029/1029 1011/1011/1011 1028/1028/1028
f 1011/1011/1011 1029/1029/1029 1012/1012/1012
f 1030/1030/1030 1012/1012/1012 1029/1029/1029
f 1012/1012/1012 1030/1030/1030 1013/1013/1013
f 1031/1031/1031 1013/1013/1013 1030/1030/1030
f 1013/1013/1013 1031/1031/1031 1014/1014/1014
f 1032/1032/1032 1014/1014/1014 1031/1031/1031
f 1014/1014/1014 1032/1032/1032 1015/1015/1015
f 1033/1033/1033 1015/1015/1015 1032/1032/1032
f 1015/1015/1015 1033/1033/1033 1016/1016/1016
f 1034/1034/1034 1016/1016/1016 1033/1033/1033
f 1016/1016/1016 1034/1034/1034 1017/1017/1017
f 1035/1035/1035 1017/1017/1017 1034/1034/1034
f 1017/1017/1017 1035/1035/1035 1018/1018/1018
f 1036/1036/1036 1018/1018/1018 1035/1035/1035
f 1019/1019/1019 1037/1037/1037 1020/1020/1020
f 1038/1038/1038 1020/1020/1020 1037/1037/1037
f 1020/1020/1020 1038/1038/1038 1021/1021/1021
f 1039/1039/1039 1021/1021/1021 1038/1038/1038
f 1021/1021/1021 1039/1039/1039 1022/1022/1022
f 1040/1040/1040 1022/1022/1022 1039/1039/1039
f 1022/1022/1022 1040/1040/1040 1023/1023/1023
f 1041/1041/1041 1023/1023/1023 1040/1040/1040
f 1023/1023/1023 1041/1041/1041 1024/1024/1024
f 1042/1042/1042 1024/1024/1024 1041/1041/1041
f 1024/1024/1024 1042/1042/1042 1025/1025/1025
f 1043/1043/1043 1025/1025/1025 1042/1042/1042
f 1025/1025/1025 1043/1043/1043 1026/1026/1026
f 1044/1044/1044 1026/1026/1026 1043/1043/1043
f 1026/1026/1026 1044/1044/1044 1027/1027/1027
f 1045/1045/1045 1027/1027/1027 1044/1044/1044
f 1027/1027/1027 1045/1045/1045 1028/1028/1028
f 1046/1046/1046 1028/1028/1028 1045/1045/1045
f 1028/1028/1028 1046/1046/1046 1029/1029/1029
f 1047/1047/1047 1029/1029/1029 1046/1046/1046
f 1029/1029/1029 1047/1047/1047 1030/1030/1030
f 1048/1048/1048 1030/1030/1030 1047/1047/1047
f 1030/1030/1030 1048/1048/1048 1031/1031/1031
f 1049/1049/1049 1031/1031/1031 1048/1048/1048
f 1031/1031/1031 1049/1049/1049 1032/1032/1032
f 1050/1050/1050 1032/1032/1032 1049/1049/1049
f 1032/1032/1032 1050/1050/1050 1033/1033/1033
f 1051/1051/1051 1033/1033/1033 1050/1050/1050
f 1033/1033/1033 1051/1051/1051 1034/1034/1034
f 1052/1052/1052 1034/1034/1034 1051/1051/1051
f 1034/1034/1034 1052/1052/1052 1035/1035/1035
f 1053/1053/1053 1035/1035/1035 1052/1052/1052
f 1035/1035/1035 1053/1053/1053 1036/1036/1036
f 1054/1054/1054 1036/1036/1036 1053/1053/1053
f 1037/1037/1037 1055/1055/1055 1038/1038/1038
f 1056/1056/1056 1038/1038/1038 1055/1055/1055
f 1038/1038/1038 1056/1056/1056 1039/1039/1039
f 1057/1057/1057 1039/1039/1039 1056/1056/1056
f 1039/1039/1039 1057/1057/1057 1040/1040/1040
f 1058/1058/1058 1040/1040/1040 1057/1057/1057
f 1040/1040/1040 1058/1058/1058 1041/1041/1041
f 1059/1059/1059 1041/1041/1041 1058/1058/1058
f 1041/1041/1041 1059/1059/1059 1042/1042/1042
f 1060/1060/1060 1042/1042/1042 1059/1059/1059
f 1042/1042/1042 1060/1060/1060 1043/1043/1043
f 1061/1061/1061 1043/1043/1043 1060/1060/1060
f 1043/1043/1043 1061/1061/1061 1044/1044/1044
f 1062/1062/1062 1044/1044/1044 1061/1061/1061
f 1044/1044/1044 1062/1062/1062 1045/1045/1045
f 1063/1063/1063 1045/1045/1045 1062/1062/1062
f 1045/1045/1045 1063/1063/1063 1046/1046/1046
f 1064/1064/1064 1046/1046/1046 1063/1063/1063
f 1046/1046/1046 1064/1064/1064 1047/1047/1047
f 1065/1065/1065 1047/1047/1047 1064/1064/1064
f 1047/1047/1047 1065/1065/1065 1048/1048/1048
f 1066/1066/1066 1048/1048/1048 1065/1065/1065
f 1048/1048/1048 1066/1066/1066 1049/1049/1049
f 1067/1067/1067 1049/1049/1049 1066/1066/1066
f 1049/1049/1049 1067/1067/1067 1050/1050/1050
f 1068/1068/1068 1050/1050/1050 1067/1067/1067
f 1050/1050/1050 1068/1068/1068 1051/1051/1051
f 1069/1069/1069 1051/1051/1051 1068/1068/1068
f 1051/1051/1051 1069/1069/1069 1052/1052/1052
f 1070/1070/1070 1052/1052/1052 1069/1069/1069
f 1052/1052/1052 1070/1070/1070 1053/1053/1053
f 1071/1071/1071 1053/1053/1053 1070/1070/1070
f 1053/1053/1053 1071/1071/1071 1054/1054/1054
f 1072/1072/1072 1054/1054/1054 1071/1071/1071
f 1055/1055/1055 1073/1073/1073 1056/1056/1056
f 1074/1074/1074 1056/1056/1056 1073/1073/1073
f 1056/1056/1056 1074/1074/1074 1057/1057/1057
f 1075/1075/1075 1057/1057/1057 1074/1074/1074
f 1057/1057/1057 1075/1075/1075 1058/1058/1058
f 1076/1076/1076 1058/1058/1058 1075/1075/1075
f 1058/1058/1058 1076/1076/1076 1059/1059/1059
f 1077/1077/1077 1059/1059/1059 1076/1076/1076
f 1059/1059/1059 1077/1077/1077 1060/1060/1060
f 1078/1078/1078 1060/1060/1060 1077/1077/1077
f 1060/1060/1060 1078/1078/1078 1061/1061/1061
f 1079/1079/1079 1061/1061/1061 1078/1078/1078
f 1061/1061/1061 1079/1079/1079 1062/1062/1062
f 1080/1080/1080 1062/1062/1062 1079/1079/1079
f 1062/1062/1062 1080/1080/1080 1063/1063/1063
f 1081/1081/1081 1063/1063/1063 1080/1080/1080
f 1063/1063/1063 1081/1081/1081 1064/1064/1064
f 1082/1082/1082 1064/1064/1064 1081/1081/1081
f 1064/1064/1064 1082/1082/1082 1065/1065/1065
f 1083/1083/1083 1065/1065/1065 1082/1082/1082
f 1065/1065/1065 1083/1083/1083 1066/1066/1066
f 1084/1084/1084 1066/1066/1066 1083/1083/1083
f 1066/1066/1066 1084/1084/1084 1067/1067/1067
f 1085/1085/1085 1067/1067/1067 1084/1084/1084
f 1067/1067/1067 1085/1085/1085 1068/1068/1068
f 1086/1086/1086 1068/1068/1068 1085/1085/1085
f 1068/1068/1068 1086/1086/1086 1069/1069/1069
f 1087/1087/1087 1069/1069/1069 1086/1086/1086
f 1069/1069/1069 1087/1087/1087 1070/1070/1070
f 1088/1088/1088 1070/1070/1070 1087/1087/1087
f 1070/1070/1070 1088/1088/1088 1071/1071/1071
f 1089/1089/1089 1071/1071/1071 1088/1088/1088
f 1071/1071/1071 1089/1089/1089 1072/1072/1072
f 1090/1090/1090 1072/1072/1072 1089/1089/1089
f 1073/1073/1073 1091/1091/1091 1074/1074/1074
f 1092/1092/1092 1074/1074/1074 1091/1091/1091
f 1074/1074/1074 1092/1092/1092 1075/1075/1075
f 1093/1093/1093 1075/1075/1075 1092/1092/1092
f 1075/1075/1075 1093/1093/1093 1076/1076/1076
f 1094/1094/1094 1076/1076/1076 1093/1093/1093
f 1076/1076/1076 1094/1094/1094 1077/1077/1077
f 1095/1095/1095 1077/1077/1077 1094/1094/1094
f 1077/1077/1077 1095/1095/1095 1078/1078/1078
f 1096/1096/1096 1078/1078/1078 1095/1095/1095
f 1078/1078/1078 1096/1096/1096 1079/1079/1079
f 1097/1097/1097 1079/1079/1079 1096/1096/1096
f 1079/1079/1079 1097/1097/1097 1080/1080/1080
f 1098/1098/1098 1080/1080/1080 1097/1097/1097
f 1080/1080/1080 1098/1098/1098 1081/1081/1081
f 1099/1099/1099 1081/1081/1081 1098/1098/1098
f 1081/1081/1081 1099/1099/1099 1082/1082/1082
f 1100/1100/1100 1082/1082/1082 1099/1099/1099
f 1082/1082/1082 1100/1100/1100 1083/1083/1083
f 1101/1101/1101 1083/1083/1083 1100/1100/1100
f 1083/1083/1083 1101/1101/1101 1084/1084/1084
f 1102/1102/1102 1084/1084/1084 1101/1101/1101
f 1084/1084/1084 1102/1102/1102 1085/1085/1085
f 1103/1103/1103 1085/1085/1085 1102/1102/1102
f 1085/1085/1085 1103/1103/1103 1086/1086/1086
f 1104/1104/1104 1086/1086/1086 1103/1103/1103
f 1086/1086/1086 1104/1104/1104 1087/1087/1087
f 1105/1105/1105 1087/1087/1087 1104/1104/1104
f 1087/1087/1087 1105/1105/1105 1088/1088/1088
f 1106/1106/1106 1088/1088/1088 1105/1105/1105
f 1088/1088/1088 1106/1106/1106 1089/1089/1089
f 1107/1107/1107 1089/1089/1089 1106/1106/1106
f 1089/1089/1089 1107/1107/1107 1090/1090/1090
f 1108/1108/1108 1090/1090/1090 1107/1107/1107
f 1091/1091/1091 1109/1109/1109 1092/1092/1092
f 1110/1110/1110 1092/1092/1092 1109/1109/1109
f 1092/1092/1092 1110/1110/1110 1093/1093/1093
f 1111/1111/1111 1093/1093/1093 1110/1110/1110
f 1093/1093/1093 1111/1111/1111 1094/1094/1094
f 1112/1112/1112 1094/1094/1094 1111/1111/1111
f 1094/1094/1094 1112/1112/1112 1095/1095/1095
f 1113/1113/1113 1095/1095/1095 1112/1112/1112
f 1095/1095/1095 1113/1113/1113 1096/1096/1096
f 1114/1114/1114 1096/1096/1096 1113/1113/1113
f 1096/1096/1096 1114/1114/1114 1097/1097/1097
f 1115/1115/1115 1097/1097/1097 1114/1114/1114
f 1097/1097/1097 1115/1115/1115 1098/1098/1098
f 1116/1116/1116 1098/1098/1098 1115/1115/1115
f 1098/1098/1098 1116/1116/1116 1099/1099/1099
f 1117/1117/1117 1099/1099/1099 1116/1116/1116
f 1099/1099/1099 1117/1117/1117 1100/1100/1100
f 1118/1118/1118 1100/1100/1100 1117/1117/1117
f 1100/1100/1100 1118/1118/1118 1101/1101/1101
f 1119/1119/1119 1101/1101/1101 1118/1118/1118
f 1101/1101/1101 1119/1119/1119 1102/1102/1102
f 1120/1120/1120 1102/1102/1102 1119/1119/1119
f 1102/1102/1102 1120/1120/1120 1103/1103/1103
f 1121/1121/1121 1103/1103/1103 1120/1120/1120
f 1103/1103/1103 1121/1121/1121 1104/1104/1104
f 1122/1122/1122 1104/1104/1104 1121/1121/1121
f 1104/1104/1104 1122/1122/1122 1105/1105/1105
f 1123/1123/1123 1105/1105/1105 1122/1122/1122
f 1105/1105/1105 1123/1123/1123 1106/1106/1106
f 1124/1124/1124 1106/1106/1106 1123/1123/1123
f 1106/1106/1106 1124/1124/1124 1107/1107/1107
f 1125/1125/1125 1107/1107/1107 1124/1124/1124
f 1107/1107/1107 1125/1125/1125 1108/1108/1108
f 1126/1126/1126 1108/1108/1108 1125/1125/1125
f 1109/1109/1109 1127/1127/1127 1110/1110/1110
f 1128/1128/1128 1110/1110/1110 1127/1127/1127
f 1110/1110/1110 1128/1128/1128 1111/1111/1111
f 1129/1129/1129 1111/1111/1111 1128/1128/1128
f 1111/1111/1111 1129/1129/1129 1112/1112/1112
f 1130/1130/1130 1112/1112/1112 1129/1129/1129
f 1112/1112/1112 1130/1130/1130 1113/1113/1113
f 1131/1131/1131 1113/1113/1113 1130/1130/1130
f 1113/1113/1113 1131/1131/1131 1114/1114/1114
f 1132/1132/1132 1114/1114/1114 1131/1131/1131
f 1114/1114/1114 1132/1132/1132 1115/1115/1115
f 1133/1133/1133 1115/1115/1115 1132/1132/1132
f 1115/1115/1115 1133/1133/1133 1116/1116/1116
f 1134/1134/1134 1116/1116/1116 1133/1133/1133
f 1116/1116/1116 1134/1134/1134 1117/1117/1117
f 1135/1135/1135 1117/1117/1117 1134/1134/1134
f 1117/1117/1117 1135/1135/1135 1118/1118/1118
f 1136/1136/1136 1118/1118/1118 1135/1135/1135
f 1118/1118/1118 1136/1136/1136 1119/1119/1119
f 1137/1137/1137 1119/1119/1119 1136/1136/1136
f 1119/1119/1119 1137/1137/1137 1120/1120/1120
f 1138/1138/1138 1120/1120/1120 1137/1137/1137
f 1120/1120/1120 1138/1138/1138 1121/1121/1121
f 1139/1139/1139 1121/1121/1121 1138/1138/1138
f 1121/1121/1121 1139/1139/1139 1122/1122/1122
f 1140/1140/1140 1122/1122/1122 1139/1139/1139
f 1122/1122/1122 1140/1140/1140 1123/1123/1123
f 1141/1141/1141 1123/1123/1123 1140/1140/1140
f 1123/1123/1123 1141/1141/1141 1124/1124/1124
f 1142/1142/1142 1124/1124/1124 1141/1141/1141
f 1124/1124/1124 1142/1142/1142 1125/1125/1125
f 1143/1143/1143 1125/1125/1125 1142/1142/1142
f 1125/1125/1125 1143/1143/1143 1126/1126/1126
f 1144/1144/1144 1126/1126/1126 1143/1143/1143
f 1127/1127/1127 1145/1145/1145 1128/1128/1128
f 1146/1146/1146 1128/1128/1128 1145/1145/1145
f 1128/1128/1128 1146/1146/1146 1129/1129/1129
f 1147/1147/1147 1129/1129/1129 1146/1146/1146
f 1129/1129/1129 1147/1147/1147 1130/1130/1130
f 1148/1148/1148 1130/1130/1130 1147/1147/1147
f 1130/1130/1130 1148/1148/1148 1131/1131/1131
f 1149/1149/1149 1131/1131/1131 1148/1148/1148
f 1131/1131/1131 1149/1149/1149 1132/1132/1132
f 1150/1150/1150 1132/1132/1132 1149/1149/1149
f 1132/1132/1132 1150/1150/1150 1133/1133/1133
f 1151/1151/1151 1133/1133/1133 1150/1150/1150
f 1133/1133/1133 1151/1151/1151 1134/1134/1134
f 1152/1152/1152 1134/1134/1134 1151/1151/1151
f 1134/1134/1134 1152/1152/1152 1135/1135/1135
f 1153/1153/1153 1135/1135/1135 1152/1152/1152
f 1135/1135/1135 1153/1153/1153 1136/1136/1136
f 1154/1154/1154 1136/1136/1136 1153/1153/1153
f 1136/1136/1136 1154/1154/1154 1137/1137/1137
f 1155/1155/1155 1137/1137/1137 1154/1154/1154
f 1137/1137/1137 1155/1155/1155 1138/1138/1138
f 1156/1156/1156 1138/1138/1138 1155/1155/1155
f 1138/1138/1138 1156/1156/1156 1139/1139/1139
f 1157/1157/1157 1139/1139/1139 1156/1156/1156
f 1139/1139/1139 1157/1157/1157 1140/1140/1140
f 1158/1158/1158 1140/1140/1140 1157/1157/1157
f 1140/1140/1140 1158/1158/1158 1141/1141/1141
f 1159/1159/1159 1141/1141/1141 1158/1158/1158
f 1141/1141/1141 1159/1159/1159 1142/1142/1142
f 1160/1160/1160 1142/1142/1142 1159/1159/1159
f 1142/1142/1142 1160/1160/1160 1143/1143/1143
f 1161/1161/1161 1143/1143/1143 1160/1160/1160
f 1143/1143/1143 1161/1161/1161 1144/1144/1144
f 1162/1162/1162 1144/1144/1144 1161/1161/1161
f 1145/1145/1145 1163/1163/1163 1146/1146/1146
f 1164/1164/1164 1146/1146/1146 1163/1163/1163
f 1146/1146/1146 1164/1164/1164 1147/1147/1147
f 1165/1165/1165 1147/1147/1147 1164/1164/1164
f 1147/1147/1147 1165/1165/1165 1148/1148/1148
f 1166/1166/1166 1148/1148/1148 1165/1165/1165
f 1148/1148/1148 1166/1166/1166 1149/1149/1149
f 1167/1167/1167 1149/1149/1149 1166/1166/1166
f 1149/1149/1149 1167/1167/1167 1150/1150/1150
f 1168/1168/1168 1150/1150/1150 1167/1167/1167
f 1150/1150/1150 1168/1168/1168 1151/1151/1151
f 1169/1169/1169 1151/1151/1151 1168/1168/1168
f 1151/1151/1151 1169/1169/1169 1152/1152/1152
f 1170/1170/1170 1152/1152/1152 1169/1169/1169
f 1152/1152/1152 1170/1170/1170 1153/1153/1153
f 1171/1171/1171 1153/1153/1153 1170/1170/1170
f 1153/1153/1153 1171/1171/1171 1154/1154/1154
f 1172/1172/1172 1154/1154/1154 1171/1171/1171
f 1154/1154/1154 1172/1172/1172 1155/1155/1155
f 1173/1173/1173 1155/1155/1155 1172/1172/1172
f 1155/1155/1155 1173/1173/1173 1156/1156/1156
f 1174/1174/1174 1156/1156/1156 1173/1173/1173
f 1156/1156/1156 1174/1174/1174 1157/1157/1157
f 1175/1175/1175 1157/1157/1157 1174/1174/1174
f 1157/1157/1157 1175/1175/1175 1158/1158/1158
f 1176/1176/1176 1158/1158/1158 1175/1175/1175
f 1158/1158/1158 1176/1176/1176 1159/1159/1159
f 1177/1177/1177 1159/1159/1159 1176/1176/1176
f 1159/1159/1159 1177/1177/1177 1160/1160/1160
f 1178/1178/1178 1160/1160/1160 1177/1177/1177
f 1160/1160/1160 1178/1178/1178 1161/1161/1161
f 1179/1179/1179 1161/1161/1161 1178/1178/1178
f 1161/1161/1161 1179/1179/1179 1162/1162/1162
f 1180/1180/1180 1162/1162/1162 1179/1179/1179
o handL
v 0 0.15000000596046448 0
v 0 0.15000000596046448 0
v 0 0.15000000596046448 0
v 0 0.15000000596046448 0
v 0 0.15000000596046448 0
v 0 0.15000000596046448 0
v 0 0.15000000596046448 0
v 0 0.15000000596046448 0
v 0 0.15000000596046448 0
v 0 0.15000000596046448 0
v 0 0.15000000596046448 0
v 0 0.15000000596046448 0
v 0 0.15000000596046448 0
v 0 0.15000000596046448 0
v 0 0.15000000596046448 0
v -0.038822855800390244 0.14488887786865234 0
v -0.03497818484902382 0.14488887786865234 0.016844606027007103
v -0.024205654859542847 0.14488887786865234 0.03035293146967888
v -0.00863889791071415 0.14488887786865234 0.037849485874176025
v 0.00863889791071415 0.14488887786865234 0.037849485874176025
v 0.024205654859542847 0.14488887786865234 0.03035293146967888
v 0.03497818484902382 0.14488887786865234 0.016844606027007103
v 0.038822855800390244 0.14488887786865234 4.754428606572584e-18
v 0.03497818484902382 0.14488887786865234 -0.016844606027007103
v 0.024205654859542847 0.14488887786865234 -0.03035293146967888
v 0.00863889791071415 0.14488887786865234 -0.037849485874176025
v -0.00863889791071415 0.14488887786865234 -0.037849485874176025
v -0.024205654859542847 0.14488887786865234 -0.03035293146967888
v -0.03497818484902382 0.14488887786865234 -0.016844606027007103
v -0.038822855800390244 0.14488887786865234 -9.508857213145167e-18
v -0.07500000298023224 0.12990380823612213 0
v -0.06757266819477081 0.12990380823612213 0.03254127874970436
v -0.046761736273765564 0.12990380823612213 0.058637361973524094
v -0.01668906956911087 0.12990380823612213 0.07311959564685822
v 0.01668906956911087 0.12990380823612213 0.07311959564685822
v 0.046761736273765564 0.12990380823612213 0.058637361973524094
v 0.06757266819477081 0.12990380823612213 0.03254127874970436
v 0.07500000298023224 0.12990380823612213 9.184851394388759e-18
v 0.06757266819477081 0.12990380823612213 -0.03254127874970436
v 0.046761736273765564 0.12990380823612213 -0.058637361973524094
v 0.01668906956911087 0.12990380823612213 -0.07311959564685822
v -0.01668906956911087 0.12990380823612213 -0.07311959564685822
v -0.046761736273765564 0.12990380823612213 -0.058637361973524094
v -0.06757266819477081 0.12990380823612213 -0.03254127874970436
v -0.07500000298023224 0.12990380823612213 -1.8369702788777518e-17
v -0.1060660183429718 0.1060660183429718 0
v -0.09556218236684799 0.1060660183429718 0.04602032154798508
v -0.06613107770681381 0.1060660183429718 0.08292575180530548
v -0.02360191009938717 0.1060660183429718 0.10340671986341476
v 0.02360191009938717 0.1060660183429718 0.10340671986341476
v 0.06613107770681381 0.1060660183429718 0.08292575180530548
v 0.09556218236684799 0.1060660183429718 0.04602032154798508
v 0.1060660183429718 0.1060660183429718 1.2989341236012077e-17
v 0.09556218236684799 0.1060660183429718 -0.04602032154798508
v 0.06613107770681381 0.1060660183429718 -0.08292575180530548
v 0.02360191009938717 0.1060660183429718 -0.10340671986341476
v -0.02360191009938717 0.1060660183429718 -0.10340671986341476
v -0.06613107770681381 0.1060660183429718 -0.08292575180530548
v -0.09556218236684799 0.1060660183429718 -0.04602032154798508
v -0.1060660183429718 0.1060660183429718 -2.5978682472024153e-17
v -0.12990380823612213 0.07500000298023224 0
v -0.1170392856001854 0.07500000298023224 0.05636315047740936
v -0.08099370449781418 0.07500000298023224 0.10156288743019104
v -0.028906317427754402 0.07500000298023224 0.12664684653282166
v 0.028906317427754402 0.07500000298023224 0.12664684653282166
v 0.08099370449781418 0.07500000298023224 0.10156288743019104
v 0.1170392856001854 0.07500000298023224 0.05636315047740936
v 0.12990380823612213 0.07500000298023224 1.5908628708195447e-17
v 0.1170392856001854 0.07500000298023224 -0.05636315047740936
v 0.08099370449781418 0.07500000298023224 -0.10156288743019104
v 0.028906317427754402 0.07500000298023224 -0.12664684653282166
v -0.028906317427754402 0.07500000298023224 -0.12664684653282166
v -0.08099370449781418 0.07500000298023224 -0.10156288743019104
v -0.1170392856001854 0.07500000298023224 -0.05636315047740936
v -0.12990380823612213 0.07500000298023224 -3.1817257416390894e-17
v -0.14488887786865234 0.038822855800390244 0
v -0.1305403709411621 0.038822855800390244 0.06286492943763733
v -0.09033673256635666 0.038822855800390244 0.11327867954969406
v -0.03224080801010132 0.038822855800390244 0.1412562131881714
v 0.03224080801010132 0.038822855800390244 0.1412562131881714
v 0.09033673256635666 0.038822855800390244 0.11327867954969406
v 0.1305403709411621 0.038822855800390244 0.06286492943763733
v 0.14488887786865234 0.038822855800390244 1.7743770256174966e-17
v 0.1305403709411621 0.038822855800390244 -0.06286492943763733
v 0.09033673256635666 0.038822855800390244 -0.11327867954969406
v 0.03224080801010132 0.038822855800390244 -0.1412562131881714
v -0.03224080801010132 0.038822855800390244 -0.1412562131881714
v -0.09033673256635666 0.038822855800390244 -0.11327867954969406
v -0.1305403709411621 0.038822855800390244 -0.06286492943763733
v -0.14488887786865234 0.038822855800390244 -3.548754051234993e-17
v -0.15000000596046448 9.184851394388759e-18 0
v -0.13514533638954163 9.184851394388759e-18 0.06508255749940872
v -0.09352347254753113 9.184851394388759e-18 0.11727472394704819
v -0.03337813913822174 9.184851394388759e-18 0.14623919129371643
v 0.03337813913822174 9.184851394388759e-18 0.14623919129371643
v 0.09352347254753113 9.184851394388759e-18 0.11727472394704819
v 0.13514533638954163 9.184851394388759e-18 0.06508255749940872
v 0.15000000596046448 9.184851394388759e-18 1.8369702788777518e-17
v 0.13514533638954163 9.184851394388759e-18 -0.06508255749940872
v 0.09352347254753113 9.184851394388759e-18 -0.11727472394704819
v 0.03337813913822174 9.184851394388759e-18 -0.14623919129371643
v -0.03337813913822174 9.184851394388759e-18 -0.14623919129371643
v -0.09352347254753113 9.184851394388759e-18 -0.11727472394704819
v -0.13514533638954163 9.184851394388759e-18 -0.06508255749940872
v -0.15000000596046448 9.184851394388759e-18 -3.6739405577555036e-17
v -0.14488887786865234 -0.038822855800390244 0
v -0.1305403709411621 -0.038822855800390244 0.06286492943763733
v -0.09033673256635666 -0.038822855800390244 0.11327867954969406
v -0.03224080801010132 -0.038822855800390244 0.1412562131881714
v 0.03224080801010132 -0.038822855800390244 0.1412562131881714
v 0.09033673256635666 -0.038822855800390244 0.11327867954969406
v 0.1305403709411621 -0.038822855800390244 0.06286492943763733
v 0.14488887786865234 -0.038822855800390244 1.7743770256174966e-17
v 0.1305403709411621 -0.038822855800390244 -0.06286492943763733
v 0.09033673256635666 -0.038822855800390244 -0.11327867954969406
v 0.03224080801010132 -0.038822855800390244 -0.1412562131881714
v -0.03224080801010132 -0.038822855800390244 -0.1412562131881714
v -0.09033673256635666 -0.038822855800390244 -0.11327867954969406
v -0.1305403709411621 -0.038822855800390244 -0.06286492943763733
v -0.14488887786865234 -0.038822855800390244 -3.548754051234993e-17
v -0.12990380823612213 -0.07500000298023224 0
v -0.1170392856001854 -0.07500000298023224 0.05636315047740936
v -0.08099370449781418 -0.07500000298023224 0.10156288743019104
v -0.028906317427754402 -0.07500000298023224 0.12664684653282166
v 0.028906317427754402 -0.07500000298023224 0.12664684653282166
v 0.08099370449781418 -0.07500000298023224 0.10156288743019104
v 0.1170392856001854 -0.07500000298023224 0.05636315047740936
v 0.12990380823612213 -0.07500000298023224 1.5908628708195447e-17
v 0.1170392856001854 -0.07500000298023224 -0.05636315047740936
v 0.08099370449781418 -0.07500000298023224 -0.10156288743019104
v 0.028906317427754402 -0.07500000298023224 -0.12664684653282166
v -0.028906317427754402 -0.07500000298023224 -0.12664684653282166
v -0.08099370449781418 -0.07500000298023224 -0.10156288743019104
v -0.1170392856001854 -0.07500000298023224 -0.05636315047740936
v -0.12990380823612213 -0.07500000298023224 -3.1817257416390894e-17
v -0.1060660183429718 -0.1060660183429718 0
v -0.09556218236684799 -0.1060660183429718 0.04602032154798508
v -0.06613107770681381 -0.1060660183429718 0.08292575180530548
v -0.02360191009938717 -0.1060660183429718 0.10340671986341476
v 0.02360191009938717 -0.1060660183429718 0.10340671986341476
v 0.06613107770681381 -0.1060660183429718 0.08292575180530548
v 0.09556218236684799 -0.1060660183429718 0.04602032154798508
v 0.1060660183429718 -0.1060660183429718 1.2989341236012077e-17
v 0.09556218236684799 -0.1060660183429718 -0.04602032154798508
v 0.06613107770681381 -0.1060660183429718 -0.08292575180530548
v 0.02360191009938717 -0.1060660183429718 -0.10340671986341476
v -0.02360191009938717 -0.1060660183429718 -0.10340671986341476
v -0.06613107770681381 -0.1060660183429718 -0.08292575180530548
v -0.09556218236684799 -0.1060660183429718 -0.04602032154798508
v -0.1060660183429718 -0.1060660183429718 -2.5978682472024153e-17
v -0.07500000298023224 -0.12990380823612213 0
v -0.06757266819477081 -0.12990380823612213 0.03254127874970436
v -0.046761736273765564 -0.12990380823612213 0.058637361973524094
v -0.01668906956911087 -0.12990380823612213 0.07311959564685822
v 0.01668906956911087 -0.12990380823612213 0.07311959564685822
v 0.046761736273765564 -0.12990380823612213 0.058637361973524094
v 0.06757266819477081 -0.12990380823612213 0.03254127874970436
v 0.07500000298023224 -0.12990380823612213 9.184851394388759e-18
v 0.06757266819477081 -0.12990380823612213 -0.03254127874970436
v 0.046761736273765564 -0.12990380823612213 -0.058637361973524094
v 0.01668906956911087 -0.12990380823612213 -0.07311959564685822
v -0.01668906956911087 -0.12990380823612213 -0.07311959564685822
v -0.046761736273765564 -0.12990380823612213 -0.058637361973524094
v -0.06757266819477081 -0.12990380823612213 -0.03254127874970436
v -0.07500000298023224 -0.12990380823612213 -1.8369702788777518e-17
v -0.038822855800390244 -0.14488887786865234 0
v -0.03497818484902382 -0.14488887786865234 0.016844606027007103
v -0.024205654859542847 -0.14488887786865234 0.03035293146967888
v -0.00863889791071415 -0.14488887786865234 0.037849485874176025
v 0.00863889791071415 -0.14488887786865234 0.037849485874176025
v 0.024205654859542847 -0.14488887786865234 0.03035293146967888
v 0.03497818484902382 -0.14488887786865234 0.016844606027007103
v 0.038822855800390244 -0.14488887786865234 4.754428606572584e-18
v 0.03497818484902382 -0.14488887786865234 -0.016844606027007103
v 0.024205654859542847 -0.14488887786865234 -0.03035293146967888
v 0.00863889791071415 -0.14488887786865234 -0.037849485874176025
v -0.00863889791071415 -0.14488887786865234 -0.037849485874176025
v -0.024205654859542847 -0.14488887786865234 -0.03035293146967888
v -0.03497818484902382 -0.14488887786865234 -0.016844606027007103
v -0.038822855800390244 -0.14488887786865234 -9.508857213145167e-18
v -1.8369702788777518e-17 -0.15000000596046448 0
v -1.6550529135342722e-17 -0.15000000596046448 7.970315335866949e-18
v -1.1453322259602145e-17 -0.15000000596046448 1.4362011066596874e-17
v -4.087643277877263e-18 -0.15000000596046448 1.7909135241152892e-17
v 4.087643277877263e-18 -0.15000000596046448 1.7909135241152892e-17
v 1.1453322259602145e-17 -0.15000000596046448 1.4362011066596874e-17
v 1.6550529135342722e-17 -0.15000000596046448 7.970315335866949e-18
v 1.8369702788777518e-17 -0.15000000596046448 2.249639599097593e-33
v 1.6550529135342722e-17 -0.15000000596046448 -7.970315335866949e-18
v 1.1453322259602145e-17 -0.15000000596046448 -1.4362011066596874e-17
v 4.087643277877263e-18 -0.15000000596046448 -1.7909135241152892e-17
v -4.087643277877263e-18 -0.15000000596046448 -1.7909135241152892e-17
v -1.1453322259602145e-17 -0.15000000596046448 -1.4362011066596874e-17
v -1.6550529135342722e-17 -0.15000000596046448 -7.970315335866949e-18
v -1.8369702788777518e-17 -0.15000000596046448 -4.499279198195186e-33
vt 0.0357142873108387 1
vt 0.1071428582072258 1
vt 0.1785714328289032 1
vt 0.25 1
vt 0.3214285671710968 1
vt 0.3928571343421936 1
vt 0.4642857015132904 1
vt 0.5357142686843872 1
vt 0.6071428656578064 1
vt 0.6785714030265808 1
vt 0.75 1
vt 0.8214285969734192 1
vt 0.8928571343421936 1
vt 0.9642857313156128 1
vt 1.0357142686843872 1
vt 0 0.9166666865348816
vt 0.0714285746216774 0.9166666865348816
vt 0.1428571492433548 0.9166666865348816
vt 0.2142857164144516 0.9166666865348816
vt 0.2857142984867096 0.9166666865348816
vt 0.3571428656578064 0.9166666865348816
vt 0.4285714328289032 0.9166666865348816
vt 0.5 0.9166666865348816
vt 0.5714285969734192 0.9166666865348816
vt 0.6428571343421936 0.9166666865348816
vt 0.7142857313156128 0.9166666865348816
vt 0.7857142686843872 0.9166666865348816
vt 0.8571428656578064 0.9166666865348816
vt 0.9285714030265808 0.9166666865348816
vt 1 0.9166666865348816
vt 0 0.8333333134651184
vt 0.0714285746216774 0.8333333134651184
vt 0.1428571492433548 0.8333333134651184
vt 0.2142857164144516 0.8333333134651184
vt 0.2857142984867096 0.8333333134651184
vt 0.3571428656578064 0.8333333134651184
vt 0.4285714328289032 0.8333333134651184
vt 0.5 0.8333333134651184
vt 0.5714285969734192 0.8333333134651184
vt 0.6428571343421936 0.8333333134651184
vt 0.7142857313156128 0.8333333134651184
vt 0.7857142686843872 0.8333333134651184
vt 0.8571428656578064 0.8333333134651184
vt 0.9285714030265808 0.8333333134651184
vt 1 0.8333333134651184
vt 0 0.75
vt 0.0714285746216774 0.75
vt 0.1428571492433548 0.75
vt 0.2142857164144516 0.75
vt 0.2857142984867096 0.75
vt 0.3571428656578064 0.75
vt 0.4285714328289032 0.75
vt 0.5 0.75
vt 0.5714285969734192 0.75
vt 0.6428571343421936 0.75
vt 0.7142857313156128 0.75
vt 0.7857142686843872 0.75
vt 0.8571428656578064 0.75
vt 0.9285714030265808 0.75
vt 1 0.75
vt 0 0.6666666865348816
vt 0.0714285746216774 0.6666666865348816
vt 0.1428571492433548 0.6666666865348816
vt 0.2142857164144516 0.6666666865348816
vt 0.2857142984867096 0.6666666865348816
vt 0.3571428656578064 0.6666666865348816
vt 0.4285714328289032 0.6666666865348816
vt 0.5 0.6666666865348816
vt 0.5714285969734192 0.6666666865348816
vt 0.6428571343421936 0.6666666865348816
vt 0.7142857313156128 0.6666666865348816
vt 0.7857142686843872 0.6666666865348816
vt 0.8571428656578064 0.6666666865348816
vt 0.9285714030265808 0.6666666865348816
vt 1 0.6666666865348816
vt 0 0.5833333134651184
vt 0.0714285746216774 0.5833333134651184
vt 0.1428571492433548 0.5833333134651184
vt 0.2142857164144516 0.5833333134651184
vt 0.2857142984867096 0.5833333134651184
vt 0.3571428656578064 0.5833333134651184
vt 0.4285714328289032 0.5833333134651184
vt 0.5 0.5833333134651184
vt 0.5714285969734192 0.5833333134651184
vt 0.6428571343421936 0.5833333134651184
vt 0.7142857313156128 0.5833333134651184
vt 0.7857142686843872 0.5833333134651184
vt 0.8571428656578064 0.5833333134651184
vt 0.9285714030265808 0.5833333134651184
vt 1 0.5833333134651184
vt 0 0.5
vt 0.0714285746216774 0.5
vt 0.1428571492433548 0.5
vt 0.2142857164144516 0.5
vt 0.2857142984867096 0.5
vt 0.3571428656578064 0.5
vt 0.4285714328289032 0.5
vt 0.5 0.5
vt 0.5714285969734192 0.5
vt 0.6428571343421936 0.5
vt 0.7142857313156128 0.5
vt 0.7857142686843872 0.5
vt 0.8571428656578064 0.5
vt 0.9285714030265808 0.5
vt 1 0.5
vt 0 0.4166666567325592
vt 0.0714285746216774 0.4166666567325592
vt 0.1428571492433548 0.4166666567325592
vt 0.2142857164144516 0.4166666567325592
vt 0.2857142984867096 0.4166666567325592
vt 0.3571428656578064 0.4166666567325592
vt 0.4285714328289032 0.4166666567325592
vt 0.5 0.4166666567325592
vt 0.5714285969734192 0.4166666567325592
vt 0.6428571343421936 0.4166666567325592
vt 0.7142857313156128 0.4166666567325592
vt 0.7857142686843872 0.4166666567325592
vt 0.8571428656578064 0.4166666567325592
vt 0.9285714030265808 0.4166666567325592
vt 1 0.4166666567325592
vt 0 0.3333333432674408
vt 0.0714285746216774 0.3333333432674408
vt 0.1428571492433548 0.3333333432674408
vt 0.2142857164144516 0.3333333432674408
vt 0.2857142984867096 0.3333333432674408
vt 0.3571428656578064 0.3333333432674408
vt 0.4285714328289032 0.3333333432674408
vt 0.5 0.3333333432674408
vt 0.5714285969734192 0.3333333432674408
vt 0.6428571343421936 0.3333333432674408
vt 0.7142857313156128 0.3333333432674408
vt 0.7857142686843872 0.3333333432674408
vt 0.8571428656578064 0.3333333432674408
vt 0.9285714030265808 0.3333333432674408
vt 1 0.3333333432674408
vt 0 0.25
vt 0.0714285746216774 0.25
vt 0.1428571492433548 0.25
vt 0.2142857164144516 0.25
vt 0.2857142984867096 0.25
vt 0.3571428656578064 0.25
vt 0.4285714328289032 0.25
vt 0.5 0.25
vt 0.5714285969734192 0.25
vt 0.6428571343421936 0.25
vt 0.7142857313156128 0.25
vt 0.7857142686843872 0.25
vt 0.8571428656578064 0.25
vt 0.9285714030265808 0.25
vt 1 0.25
vt 0 0.1666666716337204
vt 0.0714285746216774 0.1666666716337204
vt 0.1428571492433548 0.1666666716337204
vt 0.2142857164144516 0.1666666716337204
vt 0.2857142984867096 0.1666666716337204
vt 0.3571428656578064 0.1666666716337204
vt 0.4285714328289032 0.1666666716337204
vt 0.5 0.1666666716337204
vt 0.5714285969734192 0.1666666716337204
vt 0.6428571343421936 0.1666666716337204
vt 0.7142857313156128 0.1666666716337204
vt 0.7857142686843872 0.1666666716337204
vt 0.8571428656578064 0.1666666716337204
vt 0.9285714030265808 0.1666666716337204
vt 1 0.1666666716337204
vt 0 0.0833333358168602
vt 0.0714285746216774 0.0833333358168602
vt 0.1428571492433548 0.0833333358168602
vt 0.2142857164144516 0.0833333358168602
vt 0.2857142984867096 0.0833333358168602
vt 0.3571428656578064 0.0833333358168602
vt 0.4285714328289032 0.0833333358168602
vt 0.5 0.0833333358168602
vt 0.5714285969734192 0.0833333358168602
vt 0.6428571343421936 0.0833333358168602
vt 0.7142857313156128 0.0833333358168602
vt 0.7857142686843872 0.0833333358168602
vt 0.8571428656578064 0.0833333358168602
vt 0.9285714030265808 0.0833333358168602
vt 1 0.0833333358168602
vt -0.0357142873108387 0
vt 0.0357142873108387 0
vt 0.1071428582072258 0
vt 0.1785714328289032 0
vt 0.25 0
vt 0.3214285671710968 0
vt 0.3928571343421936 0
vt 0.4642857015132904 0
vt 0.5357142686843872 0
vt 0.6071428656578064 0
vt 0.6785714030265808 0
vt 0.75 0
vt 0.8214285969734192 0
vt 0.8928571343421936 0
vt 0.9642857313156128 0
vn 0 1 0
vn 0 1 0
vn 0 1 0
vn 0 1 0
vn 0 1 0
vn 0 1 0
vn 0 1 0
vn 0 1 0
vn 0 1 0
vn 0 1 0
vn 0 1 0
vn 0 1 0
vn 0 1 0
vn 0 1 0
vn 0 1 0
vn -0.2588190471264927 0.9659258257467466 0
vn -0.23318790212616303 0.965925825697602 0.11229737998904929
vn -0.1613710393000704 0.9659258243100393 0.20235288385932754
vn -0.057592657150230264 0.9659258242408101 0.25232991877121497
vn 0.057592657150230264 0.9659258242408101 0.25232991877121497
vn 0.1613710393000704 0.9659258243100393 0.20235288385932754
vn 0.23318790212616303 0.965925825697602 0.11229737998904929
vn 0.2588190471264927 0.9659258257467466 3.1696191689360264e-17
vn 0.23318790212616303 0.965925825697602 -0.11229737998904929
vn 0.1613710393000704 0.9659258243100393 -0.20235288385932754
vn 0.057592657150230264 0.9659258242408101 -0.25232991877121497
vn -0.057592657150230264 0.9659258242408101 -0.25232991877121497
vn -0.1613710393000704 0.9659258243100393 -0.20235288385932754
vn -0.23318790212616303 0.965925825697602 -0.11229737998904929
vn -0.2588190471264927 0.9659258257467466 -6.339238337872053e-17
vn -0.5000000067305869 0.8660253998985324 0
vn -0.45048443335647964 0.8660254046333798 0.21694186740480123
vn -0.3117449017387486 0.8660253970778502 0.3909157554461697
vn -0.11126046805406449 0.8660254020684025 0.4874639588940422
vn 0.11126046805406449 0.8660254020684025 0.4874639588940422
vn 0.3117449017387486 0.8660253970778502 0.3909157554461697
vn 0.45048443335647964 0.8660254046333798 0.21694186740480123
vn 0.5000000067305869 0.8660253998985324 6.12323434535176e-17
vn 0.45048443335647964 0.8660254046333798 -0.21694186740480123
vn 0.3117449017387486 0.8660253970778502 -0.3909157554461697
vn 0.11126046805406449 0.8660254020684025 -0.4874639588940422
vn -0.11126046805406449 0.8660254020684025 -0.4874639588940422
vn -0.3117449017387486 0.8660253970778502 -0.3909157554461697
vn -0.45048443335647964 0.8660254046333798 -0.21694186740480123
vn -0.5000000067305869 0.8660253998985324 -1.224646869070352e-16
vn -0.7071067811865476 0.7071067811865476 0
vn -0.6370812093853011 0.7071067730145022 0.3068021254899962
vn -0.4408738704352456 0.7071067837160909 0.5528383369395901
vn -0.15734605593110657 0.7071067736664909 0.6893781468235639
vn 0.15734605593110657 0.7071067736664909 0.6893781468235639
vn 0.4408738704352456 0.7071067837160909 0.5528383369395901
vn 0.6370812093853011 0.7071067730145022 0.3068021254899962
vn 0.7071067811865476 0.7071067811865476 8.659560751628624e-17
vn 0.6370812093853011 0.7071067730145022 -0.3068021254899962
vn 0.4408738704352456 0.7071067837160909 -0.5528383369395901
vn 0.15734605593110657 0.7071067736664909 -0.6893781468235639
vn -0.15734605593110657 0.7071067736664909 -0.6893781468235639
vn -0.4408738704352456 0.7071067837160909 -0.5528383369395901
vn -0.6370812093853011 0.7071067730145022 -0.3068021254899962
vn -0.7071067811865476 0.7071067811865476 -1.7319121503257247e-16
vn -0.8660253998985324 0.5000000067305869 0
vn -0.7802619340813601 0.5000000001780183 0.3757543267157372
vn -0.5399579983513427 0.4999999983037915 0.6770859337725307
vn -0.19270878028593394 0.5000000126740947 0.8443123316205994
vn 0.19270878028593394 0.5000000126740947 0.8443123316205994
vn 0.5399579983513427 0.4999999983037915 0.6770859337725307
vn 0.7802619340813601 0.5000000001780183 0.3757543267157372
vn 0.8660253998985324 0.5000000067305869 1.0605752614896174e-16
vn 0.7802619340813601 0.5000000001780183 -0.3757543267157372
vn 0.5399579983513427 0.4999999983037915 -0.6770859337725307
vn 0.19270878028593394 0.5000000126740947 -0.8443123316205994
vn -0.19270878028593394 0.5000000126740947 -0.8443123316205994
vn -0.5399579983513427 0.4999999983037915 -0.6770859337725307
vn -0.7802619340813601 0.5000000001780183 -0.3757543267157372
vn -0.8660253998985324 0.5000000067305869 -2.1211505229792348e-16
vn -0.9659258257467466 0.2588190471264927 0
vn -0.8702691035676434 0.2588190388267835 0.41909950192806283
vn -0.6022449158945845 0.2588190446318764 0.755191209836931
vn -0.21493871948573373 0.25881904891706803 0.941708047530389
vn 0.21493871948573373 0.25881904891706803 0.941708047530389
vn 0.6022449158945845 0.2588190446318764 0.755191209836931
vn 0.8702691035676434 0.2588190388267835 0.41909950192806283
vn 0.9659258257467466 0.2588190471264927 1.1829179227392118e-16
vn 0.8702691035676434 0.2588190388267835 -0.41909950192806283
vn 0.6022449158945845 0.2588190446318764 -0.755191209836931
vn 0.21493871948573373 0.25881904891706803 -0.941708047530389
vn -0.21493871948573373 0.25881904891706803 -0.941708047530389
vn -0.6022449158945845 0.2588190446318764 -0.755191209836931
vn -0.8702691035676434 0.2588190388267835 -0.41909950192806283
vn -0.9659258257467466 0.2588190471264927 -2.3658358454784237e-16
vn -1 6.123234262925839e-17 0
vn -0.9009688693625448 6.123234396836827e-17 0.4338837360855756
vn -0.6234897889923936 6.123234183151289e-17 0.7818314927285933
vn -0.22252093478534796 6.123234324294117e-17 0.9749279119926021
vn 0.22252093478534796 6.123234324294117e-17 0.9749279119926021
vn 0.6234897889923936 6.123234183151289e-17 0.7818314927285933
vn 0.9009688693625448 6.123234396836827e-17 0.4338837360855756
vn 1 6.123234262925839e-17 1.2246468525851679e-16
vn 0.9009688693625448 6.123234396836827e-17 -0.4338837360855756
vn 0.6234897889923936 6.123234183151289e-17 -0.7818314927285933
vn 0.22252093478534796 6.123234324294117e-17 -0.9749279119926021
vn -0.22252093478534796 6.123234324294117e-17 -0.9749279119926021
vn -0.6234897889923936 6.123234183151289e-17 -0.7818314927285933
vn -0.9009688693625448 6.123234396836827e-17 -0.4338837360855756
vn -1 6.123234262925839e-17 -2.4492937051703357e-16
vn -0.9659258257467466 -0.2588190471264927 0
vn -0.8702691035676434 -0.2588190388267835 0.41909950192806283
vn -0.6022449158945845 -0.2588190446318764 0.755191209836931
vn -0.21493871948573373 -0.25881904891706803 0.941708047530389
vn 0.21493871948573373 -0.25881904891706803 0.941708047530389
vn 0.6022449158945845 -0.2588190446318764 0.755191209836931
vn 0.8702691035676434 -0.2588190388267835 0.41909950192806283
vn 0.9659258257467466 -0.2588190471264927 1.1829179227392118e-16
vn 0.8702691035676434 -0.2588190388267835 -0.41909950192806283
vn 0.6022449158945845 -0.2588190446318764 -0.755191209836931
vn 0.21493871948573373 -0.25881904891706803 -0.941708047530389
vn -0.21493871948573373 -0.25881904891706803 -0.941708047530389
vn -0.6022449158945845 -0.2588190446318764 -0.755191209836931
vn -0.8702691035676434 -0.2588190388267835 -0.41909950192806283
vn -0.9659258257467466 -0.2588190471264927 -2.3658358454784237e-16
vn -0.8660253998985324 -0.5000000067305869 0
vn -0.7802619340813601 -0.5000000001780183 0.3757543267157372
vn -0.5399579983513427 -0.4999999983037915 0.6770859337725307
vn -0.19270878028593394 -0.5000000126740947 0.8443123316205994
vn 0.19270878028593394 -0.5000000126740947 0.8443123316205994
vn 0.5399579983513427 -0.4999999983037915 0.6770859337725307
vn 0.7802619340813601 -0.5000000001780183 0.3757543267157372
vn 0.8660253998985324 -0.5000000067305869 1.0605752614896174e-16
vn 0.7802619340813601 -0.5000000001780183 -0.3757543267157372
vn 0.5399579983513427 -0.4999999983037915 -0.6770859337725307
vn 0.19270878028593394 -0.5000000126740947 -0.8443123316205994
vn -0.19270878028593394 -0.5000000126740947 -0.8443123316205994
vn -0.5399579983513427 -0.4999999983037915 -0.6770859337725307
vn -0.7802619340813601 -0.5000000001780183 -0.3757543267157372
vn -0.8660253998985324 -0.5000000067305869 -2.1211505229792348e-16
vn -0.7071067811865476 -0.7071067811865476 0
vn -0.6370812093853011 -0.7071067730145022 0.3068021254899962
vn -0.4408738704352456 -0.7071067837160909 0.5528383369395901
vn -0.15734605593110657 -0.7071067736664909 0.6893781468235639
vn 0.15734605593110657 -0.7071067736664909 0.6893781468235639
vn 0.4408738704352456 -0.7071067837160909 0.5528383369395901
vn 0.6370812093853011 -0.7071067730145022 0.3068021254899962
vn 0.7071067811865476 -0.7071067811865476 8.659560751628624e-17
vn 0.6370812093853011 -0.7071067730145022 -0.3068021254899962
vn 0.4408738704352456 -0.7071067837160909 -0.5528383369395901
vn 0.15734605593110657 -0.7071067736664909 -0.6893781468235639
vn -0.15734605593110657 -0.7071067736664909 -0.6893781468235639
vn -0.4408738704352456 -0.7071067837160909 -0.5528383369395901
vn -0.6370812093853011 -0.7071067730145022 -0.3068021254899962
vn -0.7071067811865476 -0.7071067811865476 -1.7319121503257247e-16
vn -0.5000000067305869 -0.8660253998985324 0
vn -0.45048443335647964 -0.8660254046333798 0.21694186740480123
vn -0.3117449017387486 -0.8660253970778502 0.3909157554461697
vn -0.11126046805406449 -0.8660254020684025 0.4874639588940422
vn 0.11126046805406449 -0.8660254020684025 0.4874639588940422
vn 0.3117449017387486 -0.8660253970778502 0.3909157554461697
vn 0.45048443335647964 -0.8660254046333798 0.21694186740480123
vn 0.5000000067305869 -0.8660253998985324 6.12323434535176e-17
vn 0.45048443335647964 -0.8660254046333798 -0.21694186740480123
vn 0.3117449017387486 -0.8660253970778502 -0.3909157554461697
vn 0.11126046805406449 -0.8660254020684025 -0.4874639588940422
vn -0.11126046805406449 -0.8660254020684025 -0.4874639588940422
vn -0.3117449017387486 -0.8660253970778502 -0.3909157554461697
vn -0.45048443335647964 -0.8660254046333798 -0.21694186740480123
vn -0.5000000067305869 -0.8660253998985324 -1.224646869070352e-16
vn -0.2588190471264927 -0.9659258257467466 0
vn -0.23318790212616303 -0.965925825697602 0.11229737998904929
vn -0.1613710393000704 -0.9659258243100393 0.20235288385932754
vn -0.057592657150230264 -0.9659258242408101 0.25232991877121497
vn 0.057592657150230264 -0.9659258242408101 0.25232991877121497
vn 0.1613710393000704 -0.9659258243100393 0.20235288385932754
vn 0.23318790212616303 -0.965925825697602 0.11229737998904929
vn 0.2588190471264927 -0.9659258257467466 3.1696191689360264e-17
vn 0.23318790212616303 -0.965925825697602 -0.11229737998904929
vn 0.1613710393000704 -0.9659258243100393 -0.20235288385932754
vn 0.057592657150230264 -0.9659258242408101 -0.25232991877121497
vn -0.057592657150230264 -0.9659258242408101 -0.25232991877121497
vn -0.1613710393000704 -0.9659258243100393 -0.20235288385932754
vn -0.23318790212616303 -0.965925825697602 -0.11229737998904929
vn -0.2588190471264927 -0.9659258257467466 -6.339238337872053e-17
vn -1.2246468525851679e-16 -1 0
vn -1.1033686090228481e-16 -1 5.313543226372388e-17
vn -7.635548062777348e-17 -1 9.574674485560909e-17
vn -2.7250955737302164e-17 -1 1.1939423052938935e-16
vn 2.7250955737302164e-17 -1 1.1939423052938935e-16
vn 7.635548062777348e-17 -1 9.574674485560909e-17
vn 1.1033686090228481e-16 -1 5.313543226372388e-17
vn 1.2246468525851679e-16 -1 1.4997597572211942e-32
vn 1.1033686090228481e-16 -1 -5.313543226372388e-17
vn 7.635548062777348e-17 -1 -9.574674485560909e-17
vn 2.7250955737302164e-17 -1 -1.1939423052938935e-16
vn -2.7250955737302164e-17 -1 -1.1939423052938935e-16
vn -7.635548062777348e-17 -1 -9.574674485560909e-17
vn -1.1033686090228481e-16 -1 -5.313543226372388e-17
vn -1.2246468525851679e-16 -1 -2.9995195144423884e-32
f 1181/1181/1181 1196/1196/1196 1197/1197/1197
f 1182/1182/1182 1197/1197/1197 1198/1198/1198
f 1183/1183/1183 1198/1198/1198 1199/1199/1199
f 1184/1184/1184 1199/1199/1199 1200/1200/1200
f 1185/1185/1185 1200/1200/1200 1201/1201/1201
f 1186/1186/1186 1201/1201/1201 1202/1202/1202
f 1187/1187/1187 1202/1202/1202 1203/1203/1203
f 1188/1188/1188 1203/1203/1203 1204/1204/1204
f 1189/1189/1189 1204/1204/1204 1205/1205/1205
f 1190/1190/1190 1205/1205/1205 1206/1206/1206
f 1191/1191/1191 1206/1206/1206 1207/1207/1207
f 1192/1192/1192 1207/1207/1207 1208/1208/1208
f 1193/1193/1193 1208/1208/1208 1209/1209/1209
f 1194/1194/1194 1209/1209/1209 1210/1210/1210
f 1197/1197/1197 1196/1196/1196 1212/1212/1212
f 1196/1196/1196 1211/1211/1211 1212/1212/1212
f 1198/1198/1198 1197/1197/1197 1213/1213/1213
f 1197/1197/1197 1212/1212/1212 1213/1213/1213
f 1199/1199/1199 1198/1198/1198 1214/1214/1214
f 1198/1198/1198 1213/1213/1213 1214/1214/1214
f 1200/1200/1200 1199/1199/1199 1215/1215/1215
f 1199/1199/1199 1214/1214/1214 1215/1215/1215
f 1201/1201/1201 1200/1200/1200 1216/1216/1216
f 1200/1200/1200 1215/1215/1215 1216/1216/1216
f 1202/1202/1202 1201/1201/1201 1217/1217/1217
f 1201/1201/1201 1216/1216/1216 1217/1217/1217
f 1203/1203/1203 1202/1202/1202 1218/1218/1218
f 1202/1202/1202 1217/1217/1217 1218/1218/1218
f 1204/1204/1204 1203/1203/1203 1219/1219/1219
f 1203/1203/1203 1218/1218/1218 1219/1219/1219
f 1205/1205/1205 1204/1204/1204 1220/1220/1220
f 1204/1204/1204 1219/1219/1219 1220/1220/1220
f 1206/1206/1206 1205/1205/1205 1221/1221/1221
f 1205/1205/1205 1220/1220/1220 1221/1221/1221
f 1207/1207/1207 1206/1206/1206 1222/1222/1222
f 1206/1206/1206 1221/1221/1221 1222/1222/1222
f 1208/1208/1208 1207/1207/1207 1223/1223/1223
f 1207/1207/1207 1222/1222/1222 1223/1223/1223
f 1209/1209/1209 1208/1208/1208 1224/1224/1224
f 1208/1208/1208 1223/1223/1223 1224/1224/1224
f 1210/1210/1210 1209/1209/1209 1225/1225/1225
f 1209/1209/1209 1224/1224/1224 1225/1225/1225
f 1212/1212/1212 1211/1211/1211 1227/1227/1227
f 1211/1211/1211 1226/1226/1226 1227/1227/1227
f 1213/1213/1213 1212/1212/1212 1228/1228/1228
f 1212/1212/1212 1227/1227/1227 1228/1228/1228
f 1214/1214/1214 1213/1213/1213 1229/1229/1229
f 1213/1213/1213 1228/1228/1228 1229/1229/1229
f 1215/1215/1215 1214/1214/1214 1230/1230/1230
f 1214/1214/1214 1229/1229/1229 1230/1230/1230
f 1216/1216/1216 1215/1215/1215 1231/1231/1231
f 1215/1215/1215 1230/1230/1230 1231/1231/1231
f 1217/1217/1217 1216/1216/1216 1232/1232/1232
f 1216/1216/1216 1231/1231/1231 1232/1232/1232
f 1218/1218/1218 1217/1217/1217 1233/1233/1233
f 1217/1217/1217 1232/1232/1232 1233/1233/1233
f 1219/1219/1219 1218/1218/1218 1234/1234/1234
f 1218/1218/1218 1233/1233/1233 1234/1234/1234
f 1220/1220/1220 1219/1219/1219 1235/1235/1235
f 1219/1219/1219 1234/1234/1234 1235/1235/1235
f 1221/1221/1221 1220/1220/1220 1236/1236/1236
f 1220/1220/1220 1235/1235/1235 1236/1236/1236
f 1222/1222/1222 1221/1221/1221 1237/1237/1237
f 1221/1221/1221 1236/1236/1236 1237/1237/1237
f 1223/1223/1223 1222/1222/1222 1238/1238/1238
f 1222/1222/1222 1237/1237/1237 1238/1238/1238
f 1224/1224/1224 1223/1223/1223 1239/1239/1239
f 1223/1223/1223 1238/1238/1238 1239/1239/1239
f 1225/1225/1225 1224/1224/1224 1240/1240/1240
f 1224/1224/1224 1239/1239/1239 1240/1240/1240
f 1227/1227/1227 1226/1226/1226 1242/1242/1242
f 1226/1226/1226 1241/1241/1241 1242/1242/1242
f 1228/1228/1228 1227/1227/1227 1243/1243/1243
f 1227/1227/1227 1242/1242/1242 1243/1243/1243
f 1229/1229/1229 1228/1228/1228 1244/1244/1244
f 1228/1228/1228 1243/1243/1243 1244/1244/1244
f 1230/1230/1230 1229/1229/1229 1245/1245/1245
f 1229/1229/1229 1244/1244/1244 1245/1245/1245
f 1231/1231/1231 1230/1230/1230 1246/1246/1246
f 1230/1230/1230 1245/1245/1245 1246/1246/1246
f 1232/1232/1232 1231/1231/1231 1247/1247/1247
f 1231/1231/1231 1246/1246/1246 1247/1247/1247
f 1233/1233/1233 1232/1232/1232 1248/1248/1248
f 1232/1232/1232 1247/1247/1247 1248/1248/1248
f 1234/1234/1234 1233/1233/1233 1249/1249/1249
f 1233/1233/1233 1248/1248/1248 1249/1249/1249
f 1235/1235/1235 1234/1234/1234 1250/1250/1250
f 1234/1234/1234 1249/1249/1249 1250/1250/1250
f 1236/1236/1236 1235/1235/1235 1251/1251/1251
f 1235/1235/1235 1250/1250/1250 1251/1251/1251
f 1237/1237/1237 1236/1236/1236 1252/1252/1252
f 1236/1236/1236 1251/1251/1251 1252/1252/1252
f 1238/1238/1238 1237/1237/1237 1253/1253/1253
f 1237/1237/1237 1252/1252/1252 1253/1253/1253
f 1239/1239/1239 1238/1238/1238 1254/1254/1254
f 1238/1238/1238 1253/1253/1253 1254/1254/1254
f 1240/1240/1240 1239/1239/1239 1255/1255/1255
f 1239/1239/1239 1254/1254/1254 1255/1255/1255
f 1242/1242/1242 1241/1241/1241 1257/1257/1257
f 1241/1241/1241 1256/1256/1256 1257/1257/1257
f 1243/1243/1243 1242/1242/1242 1258/1258/1258
f 1242/1242/1242 1257/1257/1257 1258/1258/1258
f 1244/1244/1244 1243/1243/1243 1259/1259/1259
f 1243/1243/1243 1258/1258/1258 1259/1259/1259
f 1245/1245/1245 1244/1244/1244 1260/1260/1260
f 1244/1244/1244 1259/1259/1259 1260/1260/1260
f 1246/1246/1246 1245/1245/1245 1261/1261/1261
f 1245/1245/1245 1260/1260/1260 1261/1261/1261
f 1247/1247/1247 1246/1246/1246 1262/1262/1262
f 1246/1246/1246 1261/1261/1261 1262/1262/1262
f 1248/1248/1248 1247/1247/1247 1263/1263/1263
f 1247/1247/1247 1262/1262/1262 1263/1263/1263
f 1249/1249/1249 1248/1248/1248 1264/1264/1264
f 1248/1248/1248 1263/1263/1263 1264/1264/1264
f 1250/1250/1250 1249/1249/1249 1265/1265/1265
f 1249/1249/1249 1264/1264/1264 1265/1265/1265
f 1251/1251/1251 1250/1250/1250 1266/1266/1266
f 1250/1250/1250 1265/1265/1265 1266/1266/1266
f 1252/1252/1252 1251/1251/1251 1267/1267/1267
f 1251/1251/1251 1266/1266/1266 1267/1267/1267
f 1253/1253/1253 1252/1252/1252 1268/1268/1268
f 1252/1252/1252 1267/1267/1267 1268/1268/1268
f 1254/1254/1254 1253/1253/1253 1269/1269/1269
f 1253/1253/1253 1268/1268/1268 1269/1269/1269
f 1255/1255/1255 1254/1254/1254 1270/1270/1270
f 1254/1254/1254 1269/1269/1269 1270/1270/1270
f 1257/1257/1257 1256/1256/1256 1272/1272/1272
f 1256/1256/1256 1271/1271/1271 1272/1272/1272
f 1258/1258/1258 1257/1257/1257 1273/1273/1273
f 1257/1257/1257 1272/1272/1272 1273/1273/1273
f 1259/1259/1259 1258/1258/1258 1274/1274/1274
f 1258/1258/1258 1273/1273/1273 1274/1274/1274
f 1260/1260/1260 1259/1259/1259 1275/1275/1275
f 1259/1259/1259 1274/1274/1274 1275/1275/1275
f 1261/1261/1261 1260/1260/1260 1276/1276/1276
f 1260/1260/1260 1275/1275/1275 1276/1276/1276
f 1262/1262/1262 1261/1261/1261 1277/1277/1277
f 1261/1261/1261 1276/1276/1276 1277/1277/1277
f 1263/1263/1263 1262/1262/1262 1278/1278/1278
f 1262/1262/1262 1277/1277/1277 1278/1278/1278
f 1264/1264/1264 1263/1263/1263 1279/1279/1279
f 1263/1263/1263 1278/1278/1278 1279/1279/1279
f 1265/1265/1265 1264/1264/1264 1280/1280/1280
f 1264/1264/1264 1279/1279/1279 1280/1280/1280
f 1266/1266/1266 1265/1265/1265 1281/1281/1281
f 1265/1265/1265 1280/1280/1280 1281/1281/1281
f 1267/1267/1267 1266/1266/1266 1282/1282/1282
f 1266/1266/1266 1281/1281/1281 1282/1282/1282
f 1268/1268/1268 1267/1267/1267 1283/1283/1283
f 1267/1267/1267 1282/1282/1282 1283/1283/1283
f 1269/1269/1269 1268/1268/1268 1284/1284/1284
f 1268/1268/1268 1283/1283/1283 1284/1284/1284
f 1270/1270/1270 1269/1269/1269 1285/1285/1285
f 1269/1269/1269 1284/1284/1284 1285/1285/1285
f 1272/1272/1272 1271/1271/1271 1287/1287/1287
f 1271/1271/1271 1286/1286/1286 1287/1287/1287
f 1273/1273/1273 1272/1272/1272 1288/1288/1288
f 1272/1272/1272 1287/1287/1287 1288/1288/1288
f 1274/1274/1274 1273/1273/1273 1289/1289/1289
f 1273/1273/1273 1288/1288/1288 1289/1289/1289
f 1275/1275/1275 1274/1274/1274 1290/1290/1290
f 1274/1274/1274 1289/1289/1289 1290/1290/1290
f 1276/1276/1276 1275/1275/1275 1291/1291/1291
f 1275/1275/1275 1290/1290/1290 1291/1291/1291
f 1277/1277/1277 1276/1276/1276 1292/1292/1292
f 1276/1276/1276 1291/1291/1291 1292/1292/1292
f 1278/1278/1278 1277/1277/1277 1293/1293/1293
f 1277/1277/1277 1292/1292/1292 1293/1293/1293
f 1279/1279/1279 1278/1278/1278 1294/1294/1294
f 1278/1278/1278 1293/1293/1293 1294/1294/1294
f 1280/1280/1280 1279/1279/1279 1295/1295/1295
f 1279/1279/1279 1294/1294/1294 1295/1295/1295
f 1281/1281/1281 1280/1280/1280 1296/1296/1296
f 1280/1280/1280 1295/1295/1295 1296/1296/1296
f 1282/1282/1282 1281/1281/1281 1297/1297/1297
f 1281/1281/1281 1296/1296/1296 1297/1297/1297
f 1283/1283/1283 1282/1282/1282 1298/1298/1298
f 1282/1282/1282 1297/1297/1297 1298/1298/1298
f 1284/1284/1284 1283/1283/1283 1299/1299/1299
f 1283/1283/1283 1298/1298/1298 1299/1299/1299
f 1285/1285/1285 1284/1284/1284 1300/1300/1300
f 1284/1284/1284 1299/1299/1299 1300/1300/1300
f 1287/1287/1287 1286/1286/1286 1302/1302/1302
f 1286/1286/1286 1301/1301/1301 1302/1302/1302
f 1288/1288/1288 1287/1287/1287 1303/1303/1303
f 1287/1287/1287 1302/1302/1302 1303/1303/1303
f 1289/1289/1289 1288/1288/1288 1304/1304/1304
f 1288/1288/1288 1303/1303/1303 1304/1304/1304
f 1290/1290/1290 1289/1289/1289 1305/1305/1305
f 1289/1289/1289 1304/1304/1304 1305/1305/1305
f 1291/1291/1291 1290/1290/1290 1306/1306/1306
f 1290/1290/1290 1305/1305/1305 1306/1306/1306
f 1292/1292/1292 1291/1291/1291 1307/1307/1307
f 1291/1291/1291 1306/1306/1306 1307/1307/1307
f 1293/1293/1293 1292/1292/1292 1308/1308/1308
f 1292/1292/1292 1307/1307/1307 1308/1308/1308
f 1294/1294/1294 1293/1293/1293 1309/1309/1309
f 1293/1293/1293 1308/1308/1308 1309/1309/1309
f 1295/1295/1295 1294/1294/1294 1310/1310/1310
f 1294/1294/1294 1309/1309/1309 1310/1310/1310
f 1296/1296/1296 1295/1295/1295 1311/1311/1311
f 1295/1295/1295 1310/1310/1310 1311/1311/1311
f 1297/1297/1297 1296/1296/1296 1312/1312/1312
f 1296/1296/1296 1311/1311/1311 1312/1312/1312
f 1298/1298/1298 1297/1297/1297 1313/1313/1313
f 1297/1297/1297 1312/1312/1312 1313/1313/1313
f 1299/1299/1299 1298/1298/1298 1314/1314/1314
f 1298/1298/1298 1313/1313/1313 1314/1314/1314
f 1300/1300/1300 1299/1299/1299 1315/1315/1315
f 1299/1299/1299 1314/1314/1314 1315/1315/1315
f 1302/1302/1302 1301/1301/1301 1317/1317/1317
f 1301/1301/1301 1316/1316/1316 1317/1317/1317
f 1303/1303/1303 1302/1302/1302 1318/1318/1318
f 1302/1302/1302 1317/1317/1317 1318/1318/1318
f 1304/1304/1304 1303/1303/1303 1319/1319/1319
f 1303/1303/1303 1318/1318/1318 1319/1319/1319
f 1305/1305/1305 1304/1304/1304 1320/1320/1320
f 1304/1304/1304 1319/1319/1319 1320/1320/1320
f 1306/1306/1306 1305/1305/1305 1321/1321/1321
f 1305/1305/1305 1320/1320/1320 1321/1321/1321
f 1307/1307/1307 1306/1306/1306 1322/1322/1322
f 1306/1306/1306 1321/1321/1321 1322/1322/1322
f 1308/1308/1308 1307/1307/1307 1323/1323/1323
f 1307/1307/1307 1322/1322/1322 1323/1323/1323
f 1309/1309/1309 1308/1308/1308 1324/1324/1324
f 1308/1308/1308 1323/1323/1323 1324/1324/1324
f 1310/1310/1310 1309/1309/1309 1325/1325/1325
f 1309/1309/1309 1324/1324/1324 1325/1325/1325
f 1311/1311/1311 1310/1310/1310 1326/1326/1326
f 1310/1310/1310 1325/1325/1325 1326/1326/1326
f 1312/1312/1312 1311/1311/1311 1327/1327/1327
f 1311/1311/1311 1326/1326/1326 1327/1327/1327
f 1313/1313/1313 1312/1312/1312 1328/1328/1328
f 1312/1312/1312 1327/1327/1327 1328/1328/1328
f 1314/1314/1314 1313/1313/1313 1329/1329/1329
f 1313/1313/1313 1328/1328/1328 1329/1329/1329
f 1315/1315/1315 1314/1314/1314 1330/1330/1330
f 1314/1314/1314 1329/1329/1329 1330/1330/1330
f 1317/1317/1317 1316/1316/1316 1332/1332/1332
f 1316/1316/1316 1331/1331/1331 1332/1332/1332
f 1318/1318/1318 1317/1317/1317 1333/1333/1333
f 1317/1317/1317 1332/1332/1332 1333/1333/1333
f 1319/1319/1319 1318/1318/1318 1334/1334/1334
f 1318/1318/1318 1333/1333/1333 1334/1334/1334
f 1320/1320/1320 1319/1319/1319 1335/1335/1335
f 1319/1319/1319 1334/1334/1334 1335/1335/1335
f 1321/1321/1321 1320/1320/1320 1336/1336/1336
f 1320/1320/1320 1335/1335/1335 1336/1336/1336
f 1322/1322/1322 1321/1321/1321 1337/1337/1337
f 1321/1321/1321 1336/1336/1336 1337/1337/1337
f 1323/1323/1323 1322/1322/1322 1338/1338/1338
f 1322/1322/1322 1337/1337/1337 1338/1338/1338
f 1324/1324/1324 1323/1323/1323 1339/1339/1339
f 1323/1323/1323 1338/1338/1338 1339/1339/1339
f 1325/1325/1325 1324/1324/1324 1340/1340/1340
f 1324/1324/1324 1339/1339/1339 1340/1340/1340
f 1326/1326/1326 1325/1325/1325 1341/1341/1341
f 1325/1325/1325 1340/1340/1340 1341/1341/1341
f 1327/1327/1327 1326/1326/1326 1342/1342/1342
f 1326/1326/1326 1341/1341/1341 1342/1342/1342
f 1328/1328/1328 1327/1327/1327 1343/1343/1343
f 1327/1327/1327 1342/1342/1342 1343/1343/1343
f 1329/1329/1329 1328/1328/1328 1344/1344/1344
f 1328/1328/1328 1343/1343/1343 1344/1344/1344
f 1330/1330/1330 1329/1329/1329 1345/1345/1345
f 1329/1329/1329 1344/1344/1344 1345/1345/1345
f 1332/1332/1332 1331/1331/1331 1347/1347/1347
f 1331/1331/1331 1346/1346/1346 1347/1347/1347
f 1333/1333/1333 1332/1332/1332 1348/1348/1348
f 1332/1332/1332 1347/1347/1347 1348/1348/1348
f 1334/1334/1334 1333/1333/1333 1349/1349/1349
f 1333/1333/1333 1348/1348/1348 1349/1349/1349
f 1335/1335/1335 1334/1334/1334 1350/1350/1350
f 1334/1334/1334 1349/1349/1349 1350/1350/1350
f 1336/1336/1336 1335/1335/1335 1351/1351/1351
f 1335/1335/1335 1350/1350/1350 1351/1351/1351
f 1337/1337/1337 1336/1336/1336 1352/1352/1352
f 1336/1336/1336 1351/1351/1351 1352/1352/1352
f 1338/1338/1338 1337/1337/1337 1353/1353/1353
f 1337/1337/1337 1352/1352/1352 1353/1353/1353
f 1339/1339/1339 1338/1338/1338 1354/1354/1354
f 1338/1338/1338 1353/1353/1353 1354/1354/1354
f 1340/1340/1340 1339/1339/1339 1355/1355/1355
f 1339/1339/1339 1354/1354/1354 1355/1355/1355
f 1341/1341/1341 1340/1340/1340 1356/1356/1356
f 1340/1340/1340 1355/1355/1355 1356/1356/1356
f 1342/1342/1342 1341/1341/1341 1357/1357/1357
f 1341/1341/1341 1356/1356/1356 1357/1357/1357
f 1343/1343/1343 1342/1342/1342 1358/1358/1358
f 1342/1342/1342 1357/1357/1357 1358/1358/1358
f 1344/1344/1344 1343/1343/1343 1359/1359/1359
f 1343/1343/1343 1358/1358/1358 1359/1359/1359
f 1345/1345/1345 1344/1344/1344 1360/1360/1360
f 1344/1344/1344 1359/1359/1359 1360/1360/1360
f 1347/1347/1347 1346/1346/1346 1362/1362/1362
f 1348/1348/1348 1347/1347/1347 1363/1363/1363
f 1349/1349/1349 1348/1348/1348 1364/1364/1364
f 1350/1350/1350 1349/1349/1349 1365/1365/1365
f 1351/1351/1351 1350/1350/1350 1366/1366/1366
f 1352/1352/1352 1351/1351/1351 1367/1367/1367
f 1353/1353/1353 1352/1352/1352 1368/1368/1368
f 1354/1354/1354 1353/1353/1353 1369/1369/1369
f 1355/1355/1355 1354/1354/1354 1370/1370/1370
f 1356/1356/1356 1355/1355/1355 1371/1371/1371
f 1357/1357/1357 1356/1356/1356 1372/1372/1372
f 1358/1358/1358 1357/1357/1357 1373/1373/1373
f 1359/1359/1359 1358/1358/1358 1374/1374/1374
f 1360/1360/1360 1359/1359/1359 1375/1375/1375
o armR
v 0 -0.3199999928474426 -2.020667240591078e-17
v 0 -0.3178863823413849 0.02145993523299694
v 0 -0.31162676215171814 0.04209517687559128
v 0 -0.30146166682243347 0.061112724244594574
v 0 -0.2877817451953888 0.07778174430131912
v 0 -0.27111274003982544 0.0914616584777832
v 0 -0.25209516286849976 0.10162674635648727
v 0 -0.23145993053913116 0.10788638144731522
v 0 -0.20999999344348907 0.10999999940395355
v 0 0.20999999344348907 0.10999999940395355
v 0 0.23145993053913116 0.10788638144731522
v 0 0.25209516286849976 0.10162674635648727
v 0 0.27111274003982544 0.0914616584777832
v 0 0.2877817451953888 0.07778174430131912
v 0 0.30146166682243347 0.061112724244594574
v 0 0.31162676215171814 0.04209517687559128
v 0 0.3178863823413849 0.02145993523299694
v 0 0.3199999928474426 6.735557192910056e-18
v -1.187718366754473e-17 -0.3199999928474426 -1.6347540667383434e-17
v 0.012613833881914616 -0.3178863823413849 0.01736145280301571
v 0.02474292367696762 -0.31162676215171814 0.034055713564157486
v 0.035921160131692886 -0.30146166682243347 0.04944123327732086
v 0.045718964189291 -0.2877817451953888 0.0629267543554306
v 0.05375981330871582 -0.27111274003982544 0.07399403303861618
v 0.059734705835580826 -0.25209516286849976 0.08221776783466339
v 0.06341402232646942 -0.23145993053913116 0.08728191256523132
v 0.06465637683868408 -0.20999999344348907 0.08899187296628952
v 0.06465637683868408 0.20999999344348907 0.08899187296628952
v 0.06341402232646942 0.23145993053913116 0.08728191256523132
v 0.059734705835580826 0.25209516286849976 0.08221776783466339
v 0.05375981330871582 0.27111274003982544 0.07399403303861618
v 0.045718964189291 0.2877817451953888 0.0629267543554306
v 0.035921160131692886 0.30146166682243347 0.04944123327732086
v 0.02474292367696762 0.31162676215171814 0.034055713564157486
v 0.012613833881914616 0.3178863823413849 0.01736145280301571
v 3.9590613603783454e-18 0.3199999928474426 5.4491804981880155e-18
v -1.9217686993736254e-17 -0.3199999928474426 -6.244205291608657e-18
v 0.020409611985087395 -0.3178863823413849 0.006631484720855951
v 0.04003489390015602 -0.31162676215171814 0.013008125126361847
v 0.05812165513634682 -0.30146166682243347 0.018884871155023575
v 0.07397483289241791 -0.2877817451953888 0.024035882204771042
v 0.08698520809412003 -0.27111274003982544 0.028263205662369728
v 0.09665278345346451 -0.25209516286849976 0.031404390931129456
v 0.10260604321956635 -0.23145993053913116 0.033338725566864014
v 0.10461621731519699 -0.20999999344348907 0.033991869539022446
v 0.10461621731519699 0.20999999344348907 0.033991869539022446
v 0.10260604321956635 0.23145993053913116 0.033338725566864014
v 0.09665278345346451 0.25209516286849976 0.031404390931129456
v 0.08698520809412003 0.27111274003982544 0.028263205662369728
v 0.07397483289241791 0.2877817451953888 0.024035882204771042
v 0.05812165513634682 0.30146166682243347 0.018884871155023575
v 0.04003489390015602 0.31162676215171814 0.013008125126361847
v 0.020409611985087395 0.3178863823413849 0.006631484720855951
v 6.405895940305622e-18 0.3199999928474426 2.0814016949378346e-18
v -1.9217686993736254e-17 -0.3199999928474426 6.244205291608657e-18
v 0.020409611985087395 -0.3178863823413849 -0.006631484720855951
v 0.04003489390015602 -0.31162676215171814 -0.013008125126361847
v 0.05812165513634682 -0.30146166682243347 -0.018884871155023575
v 0.07397483289241791 -0.2877817451953888 -0.024035882204771042
v 0.08698520809412003 -0.27111274003982544 -0.028263205662369728
v 0.09665278345346451 -0.25209516286849976 -0.031404390931129456
v 0.10260604321956635 -0.23145993053913116 -0.033338725566864014
v 0.10461621731519699 -0.20999999344348907 -0.033991869539022446
v 0.10461621731519699 0.20999999344348907 -0.033991869539022446
v 0.10260604321956635 0.23145993053913116 -0.033338725566864014
v 0.09665278345346451 0.25209516286849976 -0.031404390931129456
v 0.08698520809412003 0.27111274003982544 -0.028263205662369728
v 0.07397483289241791 0.2877817451953888 -0.024035882204771042
v 0.05812165513634682 0.30146166682243347 -0.018884871155023575
v 0.04003489390015602 0.31162676215171814 -0.013008125126361847
v 0.020409611985087395 0.3178863823413849 -0.006631484720855951
v 6.405895940305622e-18 0.3199999928474426 -2.0814016949378346e-18
v -1.187718366754473e-17 -0.3199999928474426 1.6347540667383434e-17
v 0.012613833881914616 -0.3178863823413849 -0.01736145280301571
v 0.02474292367696762 -0.31162676215171814 -0.034055713564157486
v 0.035921160131692886 -0.30146166682243347 -0.04944123327732086
v 0.045718964189291 -0.2877817451953888 -0.0629267543554306
v 0.05375981330871582 -0.27111274003982544 -0.07399403303861618
v 0.059734705835580826 -0.25209516286849976 -0.08221776783466339
v 0.06341402232646942 -0.23145993053913116 -0.08728191256523132
v 0.06465637683868408 -0.20999999344348907 -0.08899187296628952
v 0.06465637683868408 0.20999999344348907 -0.08899187296628952
v 0.06341402232646942 0.23145993053913116 -0.08728191256523132
v 0.059734705835580826 0.25209516286849976 -0.08221776783466339
v 0.05375981330871582 0.27111274003982544 -0.07399403303861618
v 0.045718964189291 0.2877817451953888 -0.0629267543554306
v 0.035921160131692886 0.30146166682243347 -0.04944123327732086
v 0.02474292367696762 0.31162676215171814 -0.034055713564157486
v 0.012613833881914616 0.3178863823413849 -0.01736145280301571
v 3.9590613603783454e-18 0.3199999928474426 -5.4491804981880155e-18
v -2.4746036875770468e-33 -0.3199999928474426 2.020667240591078e-17
v 2.6280841210032117e-18 -0.3178863823413849 -0.02145993523299694
v 5.155172384345843e-18 -0.31162676215171814 -0.04209517687559128
v 7.48415068418687e-18 -0.30146166682243347 -0.061112724244594574
v 9.525516630681985e-18 -0.2877817451953888 -0.07778174430131912
v 1.1200822896078496e-17 -0.27111274003982544 -0.0914616584777832
v 1.2445687531759562e-17 -0.25209516286849976 -0.10162674635648727
v 1.3212271374178793e-17 -0.23145993053913116 -0.10788638144731522
v 1.3471114385820111e-17 -0.20999999344348907 -0.10999999940395355
v 1.3471114385820111e-17 0.20999999344348907 -0.10999999940395355
v 1.3212271374178793e-17 0.23145993053913116 -0.10788638144731522
v 1.2445687531759562e-17 0.25209516286849976 -0.10162674635648727
v 1.1200822896078496e-17 0.27111274003982544 -0.0914616584777832
v 9.525516630681985e-18 0.2877817451953888 -0.07778174430131912
v 7.48415068418687e-18 0.30146166682243347 -0.061112724244594574
v 5.155172384345843e-18 0.31162676215171814 -0.04209517687559128
v 2.6280841210032117e-18 0.3178863823413849 -0.02145993523299694
v 8.248678958590156e-34 0.3199999928474426 -6.735557192910056e-18
v 1.187718366754473e-17 -0.3199999928474426 1.6347540667383434e-17
v -0.012613833881914616 -0.3178863823413849 -0.01736145280301571
v -0.02474292367696762 -0.31162676215171814 -0.034055713564157486
v -0.035921160131692886 -0.30146166682243347 -0.04944123327732086
v -0.045718964189291 -0.2877817451953888 -0.0629267543554306
v -0.05375981330871582 -0.27111274003982544 -0.07399403303861618
v -0.059734705835580826 -0.25209516286849976 -0.08221776783466339
v -0.06341402232646942 -0.23145993053913116 -0.08728191256523132
v -0.06465637683868408 -0.20999999344348907 -0.08899187296628952
v -0.06465637683868408 0.20999999344348907 -0.08899187296628952
v -0.06341402232646942 0.23145993053913116 -0.08728191256523132
v -0.059734705835580826 0.25209516286849976 -0.08221776783466339
v -0.05375981330871582 0.27111274003982544 -0.07399403303861618
v -0.045718964189291 0.2877817451953888 -0.0629267543554306
v -0.035921160131692886 0.30146166682243347 -0.04944123327732086
v -0.02474292367696762 0.31162676215171814 -0.034055713564157486
v -0.012613833881914616 0.3178863823413849 -0.01736145280301571
v -3.9590613603783454e-18 0.3199999928474426 -5.4491804981880155e-18
v 1.9217686993736254e-17 -0.3199999928474426 6.244205291608657e-18
v -0.020409611985087395 -0.3178863823413849 -0.006631484720855951
v -0.04003489390015602 -0.31162676215171814 -0.013008125126361847
v -0.05812165513634682 -0.30146166682243347 -0.018884871155023575
v -0.07397483289241791 -0.2877817451953888 -0.024035882204771042
v -0.08698520809412003 -0.27111274003982544 -0.028263205662369728
v -0.09665278345346451 -0.25209516286849976 -0.031404390931129456
v -0.10260604321956635 -0.23145993053913116 -0.033338725566864014
v -0.10461621731519699 -0.20999999344348907 -0.033991869539022446
v -0.10461621731519699 0.20999999344348907 -0.033991869539022446
v -0.10260604321956635 0.23145993053913116 -0.033338725566864014
v -0.09665278345346451 0.25209516286849976 -0.031404390931129456
v -0.08698520809412003 0.27111274003982544 -0.028263205662369728
v -0.07397483289241791 0.2877817451953888 -0.024035882204771042
v -0.05812165513634682 0.30146166682243347 -0.018884871155023575
v -0.04003489390015602 0.31162676215171814 -0.013008125126361847
v -0.020409611985087395 0.3178863823413849 -0.006631484720855951
v -6.405895940305622e-18 0.3199999928474426 -2.0814016949378346e-18
v 1.9217686993736254e-17 -0.3199999928474426 -6.244205291608657e-18
v -0.020409611985087395 -0.3178863823413849 0.006631484720855951
v -0.04003489390015602 -0.31162676215171814 0.013008125126361847
v -0.05812165513634682 -0.30146166682243347 0.018884871155023575
v -0.07397483289241791 -0.2877817451953888 0.024035882204771042
v -0.08698520809412003 -0.27111274003982544 0.028263205662369728
v -0.09665278345346451 -0.25209516286849976 0.031404390931129456
v -0.10260604321956635 -0.23145993053913116 0.033338725566864014
v -0.10461621731519699 -0.20999999344348907 0.033991869539022446
v -0.10461621731519699 0.20999999344348907 0.033991869539022446
v -0.10260604321956635 0.23145993053913116 0.033338725566864014
v -0.09665278345346451 0.25209516286849976 0.031404390931129456
v -0.08698520809412003 0.27111274003982544 0.028263205662369728
v -0.07397483289241791 0.2877817451953888 0.024035882204771042
v -0.05812165513634682 0.30146166682243347 0.018884871155023575
v -0.04003489390015602 0.31162676215171814 0.013008125126361847
v -0.020409611985087395 0.3178863823413849 0.006631484720855951
v -6.405895940305622e-18 0.3199999928474426 2.0814016949378346e-18
v 1.187718366754473e-17 -0.3199999928474426 -1.6347540667383434e-17
v -0.012613833881914616 -0.3178863823413849 0.01736145280301571
v -0.02474292367696762 -0.31162676215171814 0.034055713564157486
v -0.035921160131692886 -0.30146166682243347 0.04944123327732086
v -0.045718964189291 -0.2877817451953888 0.0629267543554306
v -0.05375981330871582 -0.27111274003982544 0.07399403303861618
v -0.059734705835580826 -0.25209516286849976 0.08221776783466339
v -0.06341402232646942 -0.23145993053913116 0.08728191256523132
v -0.06465637683868408 -0.20999999344348907 0.08899187296628952
v -0.06465637683868408 0.20999999344348907 0.08899187296628952
v -0.06341402232646942 0.23145993053913116 0.08728191256523132
v -0.059734705835580826 0.25209516286849976 0.08221776783466339
v -0.05375981330871582 0.27111274003982544 0.07399403303861618
v -0.045718964189291 0.2877817451953888 0.0629267543554306
v -0.035921160131692886 0.30146166682243347 0.04944123327732086
v -0.02474292367696762 0.31162676215171814 0.034055713564157486
v -0.012613833881914616 0.3178863823413849 0.01736145280301571
v -3.9590613603783454e-18 0.3199999928474426 5.4491804981880155e-18
v 4.9492073751540935e-33 -0.3199999928474426 -2.020667240591078e-17
v -5.2561682420064234e-18 -0.3178863823413849 0.02145993523299694
v -1.0310344768691685e-17 -0.31162676215171814 0.04209517687559128
v -1.496830136837374e-17 -0.30146166682243347 0.061112724244594574
v -1.905103326136397e-17 -0.2877817451953888 0.07778174430131912
v -2.2401645792156992e-17 -0.27111274003982544 0.0914616584777832
v -2.4891375063519125e-17 -0.25209516286849976 0.10162674635648727
v -2.6424542748357586e-17 -0.23145993053913116 0.10788638144731522
v -2.6942228771640223e-17 -0.20999999344348907 0.10999999940395355
v -2.6942228771640223e-17 0.20999999344348907 0.10999999940395355
v -2.6424542748357586e-17 0.23145993053913116 0.10788638144731522
v -2.4891375063519125e-17 0.25209516286849976 0.10162674635648727
v -2.2401645792156992e-17 0.27111274003982544 0.0914616584777832
v -1.905103326136397e-17 0.2877817451953888 0.07778174430131912
v -1.496830136837374e-17 0.30146166682243347 0.061112724244594574
v -1.0310344768691685e-17 0.31162676215171814 0.04209517687559128
v -5.2561682420064234e-18 0.3178863823413849 0.02145993523299694
v -1.6497357917180312e-33 0.3199999928474426 6.735557192910056e-18
vt 0 0
vt 0 0.05882352963089943
vt 0 0.11764705926179886
vt 0 0.1764705926179886
vt 0 0.23529411852359772
vt 0 0.29411765933036804
vt 0 0.3529411852359772
vt 0 0.4117647111415863
vt 0 0.47058823704719543
vt 0 0.529411792755127
vt 0 0.5882353186607361
vt 0 0.6470588445663452
vt 0 0.7058823704719543
vt 0 0.7647058963775635
vt 0 0.8235294222831726
vt 0 0.8823529481887817
vt 0 0.9411764740943909
vt 0 1
vt 0.10000000149011612 0
vt 0.10000000149011612 0.05882352963089943
vt 0.10000000149011612 0.11764705926179886
vt 0.10000000149011612 0.1764705926179886
vt 0.10000000149011612 0.23529411852359772
vt 0.10000000149011612 0.29411765933036804
vt 0.10000000149011612 0.3529411852359772
vt 0.10000000149011612 0.4117647111415863
vt 0.10000000149011612 0.47058823704719543
vt 0.10000000149011612 0.529411792755127
vt 0.10000000149011612 0.5882353186607361
vt 0.10000000149011612 0.6470588445663452
vt 0.10000000149011612 0.7058823704719543
vt 0.10000000149011612 0.7647058963775635
vt 0.10000000149011612 0.8235294222831726
vt 0.10000000149011612 0.8823529481887817
vt 0.10000000149011612 0.9411764740943909
vt 0.10000000149011612 1
vt 0.20000000298023224 0
vt 0.20000000298023224 0.05882352963089943
vt 0.20000000298023224 0.11764705926179886
vt 0.20000000298023224 0.1764705926179886
vt 0.20000000298023224 0.23529411852359772
vt 0.20000000298023224 0.29411765933036804
vt 0.20000000298023224 0.3529411852359772
vt 0.20000000298023224 0.4117647111415863
vt 0.20000000298023224 0.47058823704719543
vt 0.20000000298023224 0.529411792755127
vt 0.20000000298023224 0.5882353186607361
vt 0.20000000298023224 0.6470588445663452
vt 0.20000000298023224 0.7058823704719543
vt 0.20000000298023224 0.7647058963775635
vt 0.20000000298023224 0.8235294222831726
vt 0.20000000298023224 0.8823529481887817
vt 0.20000000298023224 0.9411764740943909
vt 0.20000000298023224 1
vt 0.30000001192092896 0
vt 0.30000001192092896 0.05882352963089943
vt 0.30000001192092896 0.11764705926179886
vt 0.30000001192092896 0.1764705926179886
vt 0.30000001192092896 0.23529411852359772
vt 0.30000001192092896 0.29411765933036804
vt 0.30000001192092896 0.3529411852359772
vt 0.30000001192092896 0.4117647111415863
vt 0.30000001192092896 0.47058823704719543
vt 0.30000001192092896 0.529411792755127
vt 0.30000001192092896 0.5882353186607361
vt 0.30000001192092896 0.6470588445663452
vt 0.30000001192092896 0.7058823704719543
vt 0.30000001192092896 0.7647058963775635
vt 0.30000001192092896 0.8235294222831726
vt 0.30000001192092896 0.8823529481887817
vt 0.30000001192092896 0.9411764740943909
vt 0.30000001192092896 1
vt 0.4000000059604645 0
vt 0.4000000059604645 0.05882352963089943
vt 0.4000000059604645 0.11764705926179886
vt 0.4000000059604645 0.1764705926179886
vt 0.4000000059604645 0.23529411852359772
vt 0.4000000059604645 0.29411765933036804
vt 0.4000000059604645 0.3529411852359772
vt 0.4000000059604645 0.4117647111415863
vt 0.4000000059604645 0.47058823704719543
vt 0.4000000059604645 0.529411792755127
vt 0.4000000059604645 0.5882353186607361
vt 0.4000000059604645 0.6470588445663452
vt 0.4000000059604645 0.7058823704719543
vt 0.4000000059604645 0.7647058963775635
vt 0.4000000059604645 0.8235294222831726
vt 0.4000000059604645 0.8823529481887817
vt 0.4000000059604645 0.9411764740943909
vt 0.4000000059604645 1
vt 0.5 0
vt 0.5 0.05882352963089943
vt 0.5 0.11764705926179886
vt 0.5 0.1764705926179886
vt 0.5 0.23529411852359772
vt 0.5 0.29411765933036804
vt 0.5 0.3529411852359772
vt 0.5 0.4117647111415863
vt 0.5 0.47058823704719543
vt 0.5 0.529411792755127
vt 0.5 0.5882353186607361
vt 0.5 0.6470588445663452
vt 0.5 0.7058823704719543
vt 0.5 0.7647058963775635
vt 0.5 0.8235294222831726
vt 0.5 0.8823529481887817
vt 0.5 0.9411764740943909
vt 0.5 1
vt 0.6000000238418579 0
vt 0.6000000238418579 0.05882352963089943
vt 0.6000000238418579 0.11764705926179886
vt 0.6000000238418579 0.1764705926179886
vt 0.6000000238418579 0.23529411852359772
vt 0.6000000238418579 0.29411765933036804
vt 0.6000000238418579 0.3529411852359772
vt 0.6000000238418579 0.4117647111415863
vt 0.6000000238418579 0.47058823704719543
vt 0.6000000238418579 0.529411792755127
vt 0.6000000238418579 0.5882353186607361
vt 0.6000000238418579 0.6470588445663452
vt 0.6000000238418579 0.7058823704719543
vt 0.6000000238418579 0.7647058963775635
vt 0.6000000238418579 0.8235294222831726
vt 0.6000000238418579 0.8823529481887817
vt 0.6000000238418579 0.9411764740943909
vt 0.6000000238418579 1
vt 0.699999988079071 0
vt 0.699999988079071 0.05882352963089943
vt 0.699999988079071 0.11764705926179886
vt 0.699999988079071 0.1764705926179886
vt 0.699999988079071 0.23529411852359772
vt 0.699999988079071 0.29411765933036804
vt 0.699999988079071 0.3529411852359772
vt 0.699999988079071 0.4117647111415863
vt 0.699999988079071 0.47058823704719543
vt 0.699999988079071 0.529411792755127
vt 0.699999988079071 0.5882353186607361
vt 0.699999988079071 0.6470588445663452
vt 0.699999988079071 0.7058823704719543
vt 0.699999988079071 0.7647058963775635
vt 0.699999988079071 0.8235294222831726
vt 0.699999988079071 0.8823529481887817
vt 0.699999988079071 0.9411764740943909
vt 0.699999988079071 1
vt 0.800000011920929 0
vt 0.800000011920929 0.05882352963089943
vt 0.800000011920929 0.11764705926179886
vt 0.800000011920929 0.1764705926179886
vt 0.800000011920929 0.23529411852359772
vt 0.800000011920929 0.29411765933036804
vt 0.800000011920929 0.3529411852359772
vt 0.800000011920929 0.4117647111415863
vt 0.800000011920929 0.47058823704719543
vt 0.800000011920929 0.529411792755127
vt 0.800000011920929 0.5882353186607361
vt 0.800000011920929 0.6470588445663452
vt 0.800000011920929 0.7058823704719543
vt 0.800000011920929 0.7647058963775635
vt 0.800000011920929 0.8235294222831726
vt 0.800000011920929 0.8823529481887817
vt 0.800000011920929 0.9411764740943909
vt 0.800000011920929 1
vt 0.8999999761581421 0
vt 0.8999999761581421 0.05882352963089943
vt 0.8999999761581421 0.11764705926179886
vt 0.8999999761581421 0.1764705926179886
vt 0.8999999761581421 0.23529411852359772
vt 0.8999999761581421 0.29411765933036804
vt 0.8999999761581421 0.3529411852359772
vt 0.8999999761581421 0.4117647111415863
vt 0.8999999761581421 0.47058823704719543
vt 0.8999999761581421 0.529411792755127
vt 0.8999999761581421 0.5882353186607361
vt 0.8999999761581421 0.6470588445663452
vt 0.8999999761581421 0.7058823704719543
vt 0.8999999761581421 0.7647058963775635
vt 0.8999999761581421 0.8235294222831726
vt 0.8999999761581421 0.8823529481887817
vt 0.8999999761581421 0.9411764740943909
vt 0.8999999761581421 1
vt 1 0
vt 1 0.05882352963089943
vt 1 0.11764705926179886
vt 1 0.1764705926179886
vt 1 0.23529411852359772
vt 1 0.29411765933036804
vt 1 0.3529411852359772
vt 1 0.4117647111415863
vt 1 0.47058823704719543
vt 1 0.529411792755127
vt 1 0.5882353186607361
vt 1 0.6470588445663452
vt 1 0.7058823704719543
vt 1 0.7647058963775635
vt 1 0.8235294222831726
vt 1 0.8823529481887817
vt 1 0.9411764740943909
vt 1 1
vn 0 -0.9951847265167456 0.09801714190788421
vn 0 -0.9807852789517083 0.19509032931342324
vn 0 -0.9238795305660377 0.3826834370613369
vn 0 -0.8314696016585884 0.555570248949409
vn 0 -0.7071067811865476 0.7071067811865476
vn 0 -0.555570248949409 0.8314696016585884
vn 0 -0.3826834370613369 0.9238795305660377
vn 0 -0.19509032931342324 0.9807852789517083
vn 0 -0.004787738818303735 0.9999885387128233
vn 0 0.004787738818303735 0.9999885387128233
vn 0 0.19509032931342324 0.9807852789517083
vn 0 0.3826834370613369 0.9238795305660377
vn 0 0.555570248949409 0.8314696016585884
vn 0 0.7071067811865476 0.7071067811865476
vn 0 0.8314696016585884 0.555570248949409
vn 0 0.9238795305660377 0.3826834370613369
vn 0 0.9807852789517083 0.19509032931342324
vn 0 0.9951847267457509 0.09801713958275474
vn 0.05761303046890084 -0.9951847263488794 0.07929753566218546
vn 0.11467121874698477 -0.9807852791622833 0.15783139031777935
vn 0.22493568619107826 -0.9238795270537845 0.30959741046821454
vn 0.3265560021464657 -0.8314696081968067 0.4494657585480415
vn 0.41562694178321036 -0.7071067668252459 0.5720614176588762
vn 0.48872557037233416 -0.5555702420015914 0.672673043213811
vn 0.5430427694235064 -0.38268341941514195 0.7474342453230138
vn 0.5764911317597378 -0.19509032851987904 0.7934719520691215
vn 0.5877785194668899 -0.004787738988633104 0.8090077191279993
vn 0.5877785194668899 0.004787738988633104 0.8090077191279993
vn 0.5764911317597378 0.19509032851987904 0.7934719520691215
vn 0.5430427694235064 0.38268341941514195 0.7474342453230138
vn 0.48872557037233416 0.5555702420015914 0.672673043213811
vn 0.41562694178321036 0.7071067668252459 0.5720614176588762
vn 0.3265560021464657 0.8314696081968067 0.4494657585480415
vn 0.22493568619107826 0.9238795270537845 0.30959741046821454
vn 0.11467121874698477 0.9807852791622833 0.15783139031777935
vn 0.057613029807747615 0.9951847267904556 0.07929753060075688
vn 0.09321983970303374 -0.9951847266786052 0.030288962863900263
vn 0.18554193303865749 -0.9807852782790393 0.060286225585834116
vn 0.36395357170073417 -0.9238795324059993 0.11825568589945505
vn 0.5283786797648593 -0.8314696179628451 0.17168064880662698
vn 0.6724985254555338 -0.7071067704166476 0.21850800555373517
vn 0.790774582614927 -0.5555702439449209 0.256938248482333
vn 0.878661647790497 -0.38268343278472655 0.28549448151266615
vn 0.932782235312015 -0.19509032422006142 0.3030793079080657
vn 0.9510456165112874 -0.004787738820834418 0.3090134509558584
vn 0.9510456165112874 0.004787738820834418 0.3090134509558584
vn 0.932782235312015 0.19509032422006142 0.3030793079080657
vn 0.878661647790497 0.38268343278472655 0.28549448151266615
vn 0.790774582614927 0.5555702439449209 0.256938248482333
vn 0.6724985254555338 0.7071067704166476 0.21850800555373517
vn 0.5283786797648593 0.8314696179628451 0.17168064880662698
vn 0.36395357170073417 0.9238795324059993 0.11825568589945505
vn 0.18554193303865749 0.9807852782790393 0.060286225585834116
vn 0.09321984224026206 0.9951847264217242 0.03028896349528212
vn 0.09321983970303374 -0.9951847266786052 -0.030288962863900263
vn 0.18554193303865749 -0.9807852782790393 -0.060286225585834116
vn 0.36395357170073417 -0.9238795324059993 -0.11825568589945505
vn 0.5283786797648593 -0.8314696179628451 -0.17168064880662698
vn 0.6724985254555338 -0.7071067704166476 -0.21850800555373517
vn 0.790774582614927 -0.5555702439449209 -0.256938248482333
vn 0.878661647790497 -0.38268343278472655 -0.28549448151266615
vn 0.932782235312015 -0.19509032422006142 -0.3030793079080657
vn 0.9510456165112874 -0.004787738820834418 -0.3090134509558584
vn 0.9510456165112874 0.004787738820834418 -0.3090134509558584
vn 0.932782235312015 0.19509032422006142 -0.3030793079080657
vn 0.878661647790497 0.38268343278472655 -0.28549448151266615
vn 0.790774582614927 0.5555702439449209 -0.256938248482333
vn 0.6724985254555338 0.7071067704166476 -0.21850800555373517
vn 0.5283786797648593 0.8314696179628451 -0.17168064880662698
vn 0.36395357170073417 0.9238795324059993 -0.11825568589945505
vn 0.18554193303865749 0.9807852782790393 -0.060286225585834116
vn 0.09321984224026206 0.9951847264217242 -0.03028896349528212
vn 0.05761303046890084 -0.9951847263488794 -0.07929753566218546
vn 0.11467121874698477 -0.9807852791622833 -0.15783139031777935
vn 0.22493568619107826 -0.9238795270537845 -0.30959741046821454
vn 0.3265560021464657 -0.8314696081968067 -0.4494657585480415
vn 0.41562694178321036 -0.7071067668252459 -0.5720614176588762
vn 0.48872557037233416 -0.5555702420015914 -0.672673043213811
vn 0.5430427694235064 -0.38268341941514195 -0.7474342453230138
vn 0.5764911317597378 -0.19509032851987904 -0.7934719520691215
vn 0.5877785194668899 -0.004787738988633104 -0.8090077191279993
vn 0.5877785194668899 0.004787738988633104 -0.8090077191279993
vn 0.5764911317597378 0.19509032851987904 -0.7934719520691215
vn 0.5430427694235064 0.38268341941514195 -0.7474342453230138
vn 0.48872557037233416 0.5555702420015914 -0.672673043213811
vn 0.41562694178321036 0.7071067668252459 -0.5720614176588762
vn 0.3265560021464657 0.8314696081968067 -0.4494657585480415
vn 0.22493568619107826 0.9238795270537845 -0.30959741046821454
vn 0.11467121874698477 0.9807852791622833 -0.15783139031777935
vn 0.057613029807747615 0.9951847267904556 -0.07929753060075688
vn 1.2003638160387948e-17 -0.9951847265167456 -0.09801714190788421
vn 2.3891675042776736e-17 -0.9807852789517083 -0.19509032931342324
vn 4.686520603449003e-17 -0.9238795305660377 -0.3826834370613369
vn 6.803773009178756e-17 -0.8314696016585884 -0.555570248949409
vn 8.659560751628624e-17 -0.7071067811865476 -0.7071067811865476
vn 1.018256628525395e-16 -0.555570248949409 -0.8314696016585884
vn 1.131426144463939e-16 -0.3826834370613369 -0.9238795305660377
vn 1.2011156502087048e-16 -0.19509032931342324 -0.9807852789517083
vn 1.2246328025437113e-16 -0.004787738818303735 -0.9999885387128233
vn 1.2246328025437113e-16 0.004787738818303735 -0.9999885387128233
vn 1.2011156502087048e-16 0.19509032931342324 -0.9807852789517083
vn 1.131426144463939e-16 0.3826834370613369 -0.9238795305660377
vn 1.018256628525395e-16 0.555570248949409 -0.8314696016585884
vn 8.659560751628624e-17 0.7071067811865476 -0.7071067811865476
vn 6.803773009178756e-17 0.8314696016585884 -0.555570248949409
vn 4.686520603449003e-17 0.9238795305660377 -0.3826834370613369
vn 2.3891675042776736e-17 0.9807852789517083 -0.19509032931342324
vn 1.200363737641705e-17 0.9951847267457509 -0.09801713958275474
vn -0.05761303046890084 -0.9951847263488794 -0.07929753566218546
vn -0.11467121874698477 -0.9807852791622833 -0.15783139031777935
vn -0.22493568619107826 -0.9238795270537845 -0.30959741046821454
vn -0.3265560021464657 -0.8314696081968067 -0.4494657585480415
vn -0.41562694178321036 -0.7071067668252459 -0.5720614176588762
vn -0.48872557037233416 -0.5555702420015914 -0.672673043213811
vn -0.5430427694235064 -0.38268341941514195 -0.7474342453230138
vn -0.5764911317597378 -0.19509032851987904 -0.7934719520691215
vn -0.5877785194668899 -0.004787738988633104 -0.8090077191279993
vn -0.5877785194668899 0.004787738988633104 -0.8090077191279993
vn -0.5764911317597378 0.19509032851987904 -0.7934719520691215
vn -0.5430427694235064 0.38268341941514195 -0.7474342453230138
vn -0.48872557037233416 0.5555702420015914 -0.672673043213811
vn -0.41562694178321036 0.7071067668252459 -0.5720614176588762
vn -0.3265560021464657 0.8314696081968067 -0.4494657585480415
vn -0.22493568619107826 0.9238795270537845 -0.30959741046821454
vn -0.11467121874698477 0.9807852791622833 -0.15783139031777935
vn -0.057613029807747615 0.9951847267904556 -0.07929753060075688
vn -0.09321983970303374 -0.9951847266786052 -0.030288962863900263
vn -0.18554193303865749 -0.9807852782790393 -0.060286225585834116
vn -0.36395357170073417 -0.9238795324059993 -0.11825568589945505
vn -0.5283786797648593 -0.8314696179628451 -0.17168064880662698
vn -0.6724985254555338 -0.7071067704166476 -0.21850800555373517
vn -0.790774582614927 -0.5555702439449209 -0.256938248482333
vn -0.878661647790497 -0.38268343278472655 -0.28549448151266615
vn -0.932782235312015 -0.19509032422006142 -0.3030793079080657
vn -0.9510456165112874 -0.004787738820834418 -0.3090134509558584
vn -0.9510456165112874 0.004787738820834418 -0.3090134509558584
vn -0.932782235312015 0.19509032422006142 -0.3030793079080657
vn -0.878661647790497 0.38268343278472655 -0.28549448151266615
vn -0.790774582614927 0.5555702439449209 -0.256938248482333
vn -0.6724985254555338 0.7071067704166476 -0.21850800555373517
vn -0.5283786797648593 0.8314696179628451 -0.17168064880662698
vn -0.36395357170073417 0.9238795324059993 -0.11825568589945505
vn -0.18554193303865749 0.9807852782790393 -0.060286225585834116
vn -0.09321984224026206 0.9951847264217242 -0.03028896349528212
vn -0.09321983970303374 -0.9951847266786052 0.030288962863900263
vn -0.18554193303865749 -0.9807852782790393 0.060286225585834116
vn -0.36395357170073417 -0.9238795324059993 0.11825568589945505
vn -0.5283786797648593 -0.8314696179628451 0.17168064880662698
vn -0.6724985254555338 -0.7071067704166476 0.21850800555373517
vn -0.790774582614927 -0.5555702439449209 0.256938248482333
vn -0.878661647790497 -0.38268343278472655 0.28549448151266615
vn -0.932782235312015 -0.19509032422006142 0.3030793079080657
vn -0.9510456165112874 -0.004787738820834418 0.3090134509558584
vn -0.9510456165112874 0.004787738820834418 0.3090134509558584
vn -0.932782235312015 0.19509032422006142 0.3030793079080657
vn -0.878661647790497 0.38268343278472655 0.28549448151266615
vn -0.790774582614927 0.5555702439449209 0.256938248482333
vn -0.6724985254555338 0.7071067704166476 0.21850800555373517
vn -0.5283786797648593 0.8314696179628451 0.17168064880662698
vn -0.36395357170073417 0.9238795324059993 0.11825568589945505
vn -0.18554193303865749 0.9807852782790393 0.060286225585834116
vn -0.09321984224026206 0.9951847264217242 0.03028896349528212
vn -0.05761303046890084 -0.9951847263488794 0.07929753566218546
vn -0.11467121874698477 -0.9807852791622833 0.15783139031777935
vn -0.22493568619107826 -0.9238795270537845 0.30959741046821454
vn -0.3265560021464657 -0.8314696081968067 0.4494657585480415
vn -0.41562694178321036 -0.7071067668252459 0.5720614176588762
vn -0.48872557037233416 -0.5555702420015914 0.672673043213811
vn -0.5430427694235064 -0.38268341941514195 0.7474342453230138
vn -0.5764911317597378 -0.19509032851987904 0.7934719520691215
vn -0.5877785194668899 -0.004787738988633104 0.8090077191279993
vn -0.5877785194668899 0.004787738988633104 0.8090077191279993
vn -0.5764911317597378 0.19509032851987904 0.7934719520691215
vn -0.5430427694235064 0.38268341941514195 0.7474342453230138
vn -0.48872557037233416 0.5555702420015914 0.672673043213811
vn -0.41562694178321036 0.7071067668252459 0.5720614176588762
vn -0.3265560021464657 0.8314696081968067 0.4494657585480415
vn -0.22493568619107826 0.9238795270537845 0.30959741046821454
vn -0.11467121874698477 0.9807852791622833 0.15783139031777935
vn -0.057613029807747615 0.9951847267904556 0.07929753060075688
vn -2.4007276320775896e-17 -0.9951847265167456 0.09801714190788421
vn -4.778335008555347e-17 -0.9807852789517083 0.19509032931342324
vn -9.373041206898005e-17 -0.9238795305660377 0.3826834370613369
vn -1.3607546018357512e-16 -0.8314696016585884 0.555570248949409
vn -1.7319121503257247e-16 -0.7071067811865476 0.7071067811865476
vn -2.03651325705079e-16 -0.555570248949409 0.8314696016585884
vn -2.262852288927878e-16 -0.3826834370613369 0.9238795305660377
vn -2.4022313004174096e-16 -0.19509032931342324 0.9807852789517083
vn -2.4492656050874226e-16 -0.004787738818303735 0.9999885387128233
vn -2.4492656050874226e-16 0.004787738818303735 0.9999885387128233
vn -2.4022313004174096e-16 0.19509032931342324 0.9807852789517083
vn -2.262852288927878e-16 0.3826834370613369 0.9238795305660377
vn -2.03651325705079e-16 0.555570248949409 0.8314696016585884
vn -1.7319121503257247e-16 0.7071067811865476 0.7071067811865476
vn -1.3607546018357512e-16 0.8314696016585884 0.555570248949409
vn -9.373041206898005e-17 0.9238795305660377 0.3826834370613369
vn -4.778335008555347e-17 0.9807852789517083 0.19509032931342324
vn -2.40072747528341e-17 0.9951847267457509 0.09801713958275474
f 1376/1376/1376 1394/1394/1394 1377/1377/1377
f 1395/1395/1395 1377/1377/1377 1394/1394/1394
f 1377/1377/1377 1395/1395/1395 1378/1378/1378
f 1396/1396/1396 1378/1378/1378 1395/1395/1395
f 1378/1378/1378 1396/1396/1396 1379/1379/1379
f 1397/1397/1397 1379/1379/1379 1396/1396/1396
f 1379/1379/1379 1397/1397/1397 1380/1380/1380
f 1398/1398/1398 1380/1380/1380 1397/1397/1397
f 1380/1380/1380 1398/1398/1398 1381/1381/1381
f 1399/1399/1399 1381/1381/1381 1398/1398/1398
f 1381/1381/1381 1399/1399/1399 1382/1382/1382
f 1400/1400/1400 1382/1382/1382 1399/1399/1399
f 1382/1382/1382 1400/1400/1400 1383/1383/1383
f 1401/1401/1401 1383/1383/1383 1400/1400/1400
f 1383/1383/1383 1401/1401/1401 1384/1384/1384
f 1402/1402/1402 1384/1384/1384 1401/1401/1401
f 1384/1384/1384 1402/1402/1402 1385/1385/1385
f 1403/1403/1403 1385/1385/1385 1402/1402/1402
f 1385/1385/1385 1403/1403/1403 1386/1386/1386
f 1404/1404/1404 1386/1386/1386 1403/1403/1403
f 1386/1386/1386 1404/1404/1404 1387/1387/1387
f 1405/1405/1405 1387/1387/1387 1404/1404/1404
f 1387/1387/1387 1405/1405/1405 1388/1388/1388
f 1406/1406/1406 1388/1388/1388 1405/1405/1405
f 1388/1388/1388 1406/1406/1406 1389/1389/1389
f 1407/1407/1407 1389/1389/1389 1406/1406/1406
f 1389/1389/1389 1407/1407/1407 1390/1390/1390
f 1408/1408/1408 1390/1390/1390 1407/1407/1407
f 1390/1390/1390 1408/1408/1408 1391/1391/1391
f 1409/1409/1409 1391/1391/1391 1408/1408/1408
f 1391/1391/1391 1409/1409/1409 1392/1392/1392
f 1410/1410/1410 1392/1392/1392 1409/1409/1409
f 1392/1392/1392 1410/1410/1410 1393/1393/1393
f 1411/1411/1411 1393/1393/1393 1410/1410/1410
f 1394/1394/1394 1412/1412/1412 1395/1395/1395
f 1413/1413/1413 1395/1395/1395 1412/1412/1412
f 1395/1395/1395 1413/1413/1413 1396/1396/1396
f 1414/1414/1414 1396/1396/1396 1413/1413/1413
f 1396/1396/1396 1414/1414/1414 1397/1397/1397
f 1415/1415/1415 1397/1397/1397 1414/1414/1414
f 1397/1397/1397 1415/1415/1415 1398/1398/1398
f 1416/1416/1416 1398/1398/1398 1415/1415/1415
f 1398/1398/1398 1416/1416/1416 1399/1399/1399
f 1417/1417/1417 1399/1399/1399 1416/1416/1416
f 1399/1399/1399 1417/1417/1417 1400/1400/1400
f 1418/1418/1418 1400/1400/1400 1417/1417/1417
f 1400/1400/1400 1418/1418/1418 1401/1401/1401
f 1419/1419/1419 1401/1401/1401 1418/1418/1418
f 1401/1401/1401 1419/1419/1419 1402/1402/1402
f 1420/1420/1420 1402/1402/1402 1419/1419/1419
f 1402/1402/1402 1420/1420/1420 1403/1403/1403
f 1421/1421/1421 1403/1403/1403 1420/1420/1420
f 1403/1403/1403 1421/1421/1421 1404/1404/1404
f 1422/1422/1422 1404/1404/1404 1421/1421/1421
f 1404/1404/1404 1422/1422/1422 1405/1405/1405
f 1423/1423/1423 1405/1405/1405 1422/1422/1422
f 1405/1405/1405 1423/1423/1423 1406/1406/1406
f 1424/1424/1424 1406/1406/1406 1423/1423/1423
f 1406/1406/1406 1424/1424/1424 1407/1407/1407
f 1425/1425/1425 1407/1407/1407 1424/1424/1424
f 1407/1407/1407 1425/1425/1425 1408/1408/1408
f 1426/1426/1426 1408/1408/1408 1425/1425/1425
f 1408/1408/1408 1426/1426/1426 1409/1409/1409
f 1427/1427/1427 1409/1409/1409 1426/1426/1426
f 1409/1409/1409 1427/1427/1427 1410/1410/1410
f 1428/1428/1428 1410/1410/1410 1427/1427/1427
f 1410/1410/1410 1428/1428/1428 1411/1411/1411
f 1429/1429/1429 1411/1411/1411 1428/1428/1428
f 1412/1412/1412 1430/1430/1430 1413/1413/1413
f 1431/1431/1431 1413/1413/1413 1430/1430/1430
f 1413/1413/1413 1431/1431/1431 1414/1414/1414
f 1432/1432/1432 1414/1414/1414 1431/1431/1431
f 1414/1414/1414 1432/1432/1432 1415/1415/1415
f 1433/1433/1433 1415/1415/1415 1432/1432/1432
f 1415/1415/1415 1433/1433/1433 1416/1416/1416
f 1434/1434/1434 1416/1416/1416 1433/1433/1433
f 1416/1416/1416 1434/1434/1434 1417/1417/1417
f 1435/1435/1435 1417/1417/1417 1434/1434/1434
f 1417/1417/1417 1435/1435/1435 1418/1418/1418
f 1436/1436/1436 1418/1418/1418 1435/1435/1435
f 1418/1418/1418 1436/1436/1436 1419/1419/1419
f 1437/1437/1437 1419/1419/1419 1436/1436/1436
f 1419/1419/1419 1437/1437/1437 1420/1420/1420
f 1438/1438/1438 1420/1420/1420 1437/1437/1437
f 1420/1420/1420 1438/1438/1438 1421/1421/1421
f 1439/1439/1439 1421/1421/1421 1438/1438/1438
f 1421/1421/1421 1439/1439/1439 1422/1422/1422
f 1440/1440/1440 1422/1422/1422 1439/1439/1439
f 1422/1422/1422 1440/1440/1440 1423/1423/1423
f 1441/1441/1441 1423/1423/1423 1440/1440/1440
f 1423/1423/1423 1441/1441/1441 1424/1424/1424
f 1442/1442/1442 1424/1424/1424 1441/1441/1441
f 1424/1424/1424 1442/1442/1442 1425/1425/1425
f 1443/1443/1443 1425/1425/1425 1442/1442/1442
f 1425/1425/1425 1443/1443/1443 1426/1426/1426
f 1444/1444/1444 1426/1426/1426 1443/1443/1443
f 1426/1426/1426 1444/1444/1444 1427/1427/1427
f 1445/1445/1445 1427/1427/1427 1444/1444/1444
f 1427/1427/1427 1445/1445/1445 1428/1428/1428
f 1446/1446/1446 1428/1428/1428 1445/1445/1445
f 1428/1428/1428 1446/1446/1446 1429/1429/1429
f 1447/1447/1447 1429/1429/1429 1446/1446/1446
f 1430/1430/1430 1448/1448/1448 1431/1431/1431
f 1449/1449/1449 1431/1431/1431 1448/1448/1448
f 1431/1431/1431 1449/1449/1449 1432/1432/1432
f 1450/1450/1450 1432/1432/1432 1449/1449/1449
f 1432/1432/1432 1450/1450/1450 1433/1433/1433
f 1451/1451/1451 1433/1433/1433 1450/1450/1450
f 1433/1433/1433 1451/1451/1451 1434/1434/1434
f 1452/1452/1452 1434/1434/1434 1451/1451/1451
f 1434/1434/1434 1452/1452/1452 1435/1435/1435
f 1453/1453/1453 1435/1435/1435 1452/1452/1452
f 1435/1435/1435 1453/1453/1453 1436/1436/1436
f 1454/1454/1454 1436/1436/1436 1453/1453/1453
f 1436/1436/1436 1454/1454/1454 1437/1437/1437
f 1455/1455/1455 1437/1437/1437 1454/1454/1454
f 1437/1437/1437 1455/1455/1455 1438/1438/1438
f 1456/1456/1456 1438/1438/1438 1455/1455/1455
f 1438/1438/1438 1456/1456/1456 1439/1439/1439
f 1457/1457/1457 1439/1439/1439 1456/1456/1456
f 1439/1439/1439 1457/1457/1457 1440/1440/1440
f 1458/1458/1458 1440/1440/1440 1457/1457/1457
f 1440/1440/1440 1458/1458/1458 1441/1441/1441
f 1459/1459/1459 1441/1441/1441 1458/1458/1458
f 1441/1441/1441 1459/1459/1459 1442/1442/1442
f 1460/1460/1460 1442/1442/1442 1459/1459/1459
f 1442/1442/1442 1460/1460/1460 1443/1443/1443
f 1461/1461/1461 1443/1443/1443 1460/1460/1460
f 1443/1443/1443 1461/1461/1461 1444/1444/1444
f 1462/1462/1462 1444/1444/1444 1461/1461/1461
f 1444/1444/1444 1462/1462/1462 1445/1445/1445
f 1463/1463/1463 1445/1445/1445 1462/1462/1462
f 1445/1445/1445 1463/1463/1463 1446/1446/1446
f 1464/1464/1464 1446/1446/1446 1463/1463/1463
f 1446/1446/1446 1464/1464/1464 1447/1447/1447
f 1465/1465/1465 1447/1447/1447 1464/1464/1464
f 1448/1448/1448 1466/1466/1466 1449/1449/1449
f 1467/1467/1467 1449/1449/1449 1466/1466/1466
f 1449/1449/1449 1467/1467/1467 1450/1450/1450
f 1468/1468/1468 1450/1450/1450 1467/1467/1467
f 1450/1450/1450 1468/1468/1468 1451/1451/1451
f 1469/1469/1469 1451/1451/1451 1468/1468/1468
f 1451/1451/1451 1469/1469/1469 1452/1452/1452
f 1470/1470/1470 1452/1452/1452 1469/1469/1469
f 1452/1452/1452 1470/1470/1470 1453/1453/1453
f 1471/1471/1471 1453/1453/1453 1470/1470/1470
f 1453/1453/1453 1471/1471/1471 1454/1454/1454
f 1472/1472/1472 1454/1454/1454 1471/1471/1471
f 1454/1454/1454 1472/1472/1472 1455/1455/1455
f 1473/1473/1473 1455/1455/1455 1472/1472/1472
f 1455/1455/1455 1473/1473/1473 1456/1456/1456
f 1474/1474/1474 1456/1456/1456 1473/1473/1473
f 1456/1456/1456 1474/1474/1474 1457/1457/1457
f 1475/1475/1475 1457/1457/1457 1474/1474/1474
f 1457/1457/1457 1475/1475/1475 1458/1458/1458
f 1476/1476/1476 1458/1458/1458 1475/1475/1475
f 1458/1458/1458 1476/1476/1476 1459/1459/1459
f 1477/1477/1477 1459/1459/1459 1476/1476/1476
f 1459/1459/1459 1477/1477/1477 1460/1460/1460
f 1478/1478/1478 1460/1460/1460 1477/1477/1477
f 1460/1460/1460 1478/1478/1478 1461/1461/1461
f 1479/1479/1479 1461/1461/1461 1478/1478/1478
f 1461/1461/1461 1479/1479/1479 1462/1462/1462
f 1480/1480/1480 1462/1462/1462 1479/1479/1479
f 1462/1462/1462 1480/1480/1480 1463/1463/1463
f 1481/1481/1481 1463/1463/1463 1480/1480/1480
f 1463/1463/1463 1481/1481/1481 1464/1464/1464
f 1482/1482/1482 1464/1464/1464 1481/1481/1481
f 1464/1464/1464 1482/1482/1482 1465/1465/1465
f 1483/1483/1483 1465/1465/1465 1482/1482/1482
f 1466/1466/1466 1484/1484/1484 1467/1467/1467
f 1485/1485/1485 1467/1467/1467 1484/1484/1484
f 1467/1467/1467 1485/1485/1485 1468/1468/1468
f 1486/1486/1486 1468/1468/1468 1485/1485/1485
f 1468/1468/1468 1486/1486/1486 1469/1469/1469
f 1487/1487/1487 1469/1469/1469 1486/1486/1486
f 1469/1469/1469 1487/1487/1487 1470/1470/1470
f 1488/1488/1488 1470/1470/1470 1487/1487/1487
f 1470/1470/1470 1488/1488/1488 1471/1471/1471
f 1489/1489/1489 1471/1471/1471 1488/1488/1488
f 1471/1471/1471 1489/1489/1489 1472/1472/1472
f 1490/1490/1490 1472/1472/1472 1489/1489/1489
f 1472/1472/1472 1490/1490/1490 1473/1473/1473
f 1491/1491/1491 1473/1473/1473 1490/1490/1490
f 1473/1473/1473 1491/1491/1491 1474/1474/1474
f 1492/1492/1492 1474/1474/1474 1491/1491/1491
f 1474/1474/1474 1492/1492/1492 1475/1475/1475
f 1493/1493/1493 1475/1475/1475 1492/1492/1492
f 1475/1475/1475 1493/1493/1493 1476/1476/1476
f 1494/1494/1494 1476/1476/1476 1493/1493/1493
f 1476/1476/1476 1494/1494/1494 1477/1477/1477
f 1495/1495/1495 1477/1477/1477 1494/1494/1494
f 1477/1477/1477 1495/1495/1495 1478/1478/1478
f 1496/1496/1496 1478/1478/1478 1495/1495/1495
f 1478/1478/1478 1496/1496/1496 1479/1479/1479
f 1497/1497/1497 1479/1479/1479 1496/1496/1496
f 1479/1479/1479 1497/1497/1497 1480/1480/1480
f 1498/1498/1498 1480/1480/1480 1497/1497/1497
f 1480/1480/1480 1498/1498/1498 1481/1481/1481
f 1499/1499/1499 1481/1481/1481 1498/1498/1498
f 1481/1481/1481 1499/1499/1499 1482/1482/1482
f 1500/1500/1500 1482/1482/1482 1499/1499/1499
f 1482/1482/1482 1500/1500/1500 1483/1483/1483
f 1501/1501/1501 1483/1483/1483 1500/1500/1500
f 1484/1484/1484 1502/1502/1502 1485/1485/1485
f 1503/1503/1503 1485/1485/1485 1502/1502/1502
f 1485/1485/1485 1503/1503/1503 1486/1486/1486
f 1504/1504/1504 1486/1486/1486 1503/1503/1503
f 1486/1486/1486 1504/1504/1504 1487/1487/1487
f 1505/1505/1505 1487/1487/1487 1504/1504/1504
f 1487/1487/1487 1505/1505/1505 1488/1488/1488
f 1506/1506/1506 1488/1488/1488 1505/1505/1505
f 1488/1488/1488 1506/1506/1506 1489/1489/1489
f 1507/1507/1507 1489/1489/1489 1506/1506/1506
f 1489/1489/1489 1507/1507/1507 1490/1490/1490
f 1508/1508/1508 1490/1490/1490 1507/1507/1507
f 1490/1490/1490 1508/1508/1508 1491/1491/1491
f 1509/1509/1509 1491/1491/1491 1508/1508/1508
f 1491/1491/1491 1509/1509/1509 1492/1492/1492
f 1510/1510/1510 1492/1492/1492 1509/1509/1509
f 1492/1492/1492 1510/1510/1510 1493/1493/1493
f 1511/1511/1511 1493/1493/1493 1510/1510/1510
f 1493/1493/1493 1511/1511/1511 1494/1494/1494
f 1512/1512/1512 1494/1494/1494 1511/1511/1511
f 1494/1494/1494 1512/1512/1512 1495/1495/1495
f 1513/1513/1513 1495/1495/1495 1512/1512/1512
f 1495/1495/1495 1513/1513/1513 1496/1496/1496
f 1514/1514/1514 1496/1496/1496 1513/1513/1513
f 1496/1496/1496 1514/1514/1514 1497/1497/1497
f 1515/1515/1515 1497/1497/1497 1514/1514/1514
f 1497/1497/1497 1515/1515/1515 1498/1498/1498
f 1516/1516/1516 1498/1498/1498 1515/1515/1515
f 1498/1498/1498 1516/1516/1516 1499/1499/1499
f 1517/1517/1517 1499/1499/1499 1516/1516/1516
f 1499/1499/1499 1517/1517/1517 1500/1500/1500
f 1518/1518/1518 1500/1500/1500 1517/1517/1517
f 1500/1500/1500 1518/1518/1518 1501/1501/1501
f 1519/1519/1519 1501/1501/1501 1518/1518/1518
f 1502/1502/1502 1520/1520/1520 1503/1503/1503
f 1521/1521/1521 1503/1503/1503 1520/1520/1520
f 1503/1503/1503 1521/1521/1521 1504/1504/1504
f 1522/1522/1522 1504/1504/1504 1521/1521/1521
f 1504/1504/1504 1522/1522/1522 1505/1505/1505
f 1523/1523/1523 1505/1505/1505 1522/1522/1522
f 1505/1505/1505 1523/1523/1523 1506/1506/1506
f 1524/1524/1524 1506/1506/1506 1523/1523/1523
f 1506/1506/1506 1524/1524/1524 1507/1507/1507
f 1525/1525/1525 1507/1507/1507 1524/1524/1524
f 1507/1507/1507 1525/1525/1525 1508/1508/1508
f 1526/1526/1526 1508/1508/1508 1525/1525/1525
f 1508/1508/1508 1526/1526/1526 1509/1509/1509
f 1527/1527/1527 1509/1509/1509 1526/1526/1526
f 1509/1509/1509 1527/1527/1527 1510/1510/1510
f 1528/1528/1528 1510/1510/1510 1527/1527/1527
f 1510/1510/1510 1528/1528/1528 1511/1511/1511
f 1529/1529/1529 1511/1511/1511 1528/1528/1528
f 1511/1511/1511 1529/1529/1529 1512/1512/1512
f 1530/1530/1530 1512/1512/1512 1529/1529/1529
f 1512/1512/1512 1530/1530/1530 1513/1513/1513
f 1531/1531/1531 1513/1513/1513 1530/1530/1530
f 1513/1513/1513 1531/1531/1531 1514/1514/1514
f 1532/1532/1532 1514/1514/1514 1531/1531/1531
f 1514/1514/1514 1532/1532/1532 1515/1515/1515
f 1533/1533/1533 1515/1515/1515 1532/1532/1532
f 1515/1515/1515 1533/1533/1533 1516/1516/1516
f 1534/1534/1534 1516/1516/1516 1533/1533/1533
f 1516/1516/1516 1534/1534/1534 1517/1517/1517
f 1535/1535/1535 1517/1517/1517 1534/1534/1534
f 1517/1517/1517 1535/1535/1535 1518/1518/1518
f 1536/1536/1536 1518/1518/1518 1535/1535/1535
f 1518/1518/1518 1536/1536/1536 1519/1519/1519
f 1537/1537/1537 1519/1519/1519 1536/1536/1536
f 1520/1520/1520 1538/1538/1538 1521/1521/1521
f 1539/1539/1539 1521/1521/1521 1538/1538/1538
f 1521/1521/1521 1539/1539/1539 1522/1522/1522
f 1540/1540/1540 1522/1522/1522 1539/1539/1539
f 1522/1522/1522 1540/1540/1540 1523/1523/1523
f 1541/1541/1541 1523/1523/1523 1540/1540/1540
f 1523/1523/1523 1541/1541/1541 1524/1524/1524
f 1542/1542/1542 1524/1524/1524 1541/1541/1541
f 1524/1524/1524 1542/1542/1542 1525/1525/1525
f 1543/1543/1543 1525/1525/1525 1542/1542/1542
f 1525/1525/1525 1543/1543/1543 1526/1526/1526
f 1544/1544/1544 1526/1526/1526 1543/1543/1543
f 1526/1526/1526 1544/1544/1544 1527/1527/1527
f 1545/1545/1545 1527/1527/1527 1544/1544/1544
f 1527/1527/1527 1545/1545/1545 1528/1528/1528
f 1546/1546/1546 1528/1528/1528 1545/1545/1545
f 1528/1528/1528 1546/1546/1546 1529/1529/1529
f 1547/1547/1547 1529/1529/1529 1546/1546/1546
f 1529/1529/1529 1547/1547/1547 1530/1530/1530
f 1548/1548/1548 1530/1530/1530 1547/1547/1547
f 1530/1530/1530 1548/1548/1548 1531/1531/1531
f 1549/1549/1549 1531/1531/1531 1548/1548/1548
f 1531/1531/1531 1549/1549/1549 1532/1532/1532
f 1550/1550/1550 1532/1532/1532 1549/1549/1549
f 1532/1532/1532 1550/1550/1550 1533/1533/1533
f 1551/1551/1551 1533/1533/1533 1550/1550/1550
f 1533/1533/1533 1551/1551/1551 1534/1534/1534
f 1552/1552/1552 1534/1534/1534 1551/1551/1551
f 1534/1534/1534 1552/1552/1552 1535/1535/1535
f 1553/1553/1553 1535/1535/1535 1552/1552/1552
f 1535/1535/1535 1553/1553/1553 1536/1536/1536
f 1554/1554/1554 1536/1536/1536 1553/1553/1553
f 1536/1536/1536 1554/1554/1554 1537/1537/1537
f 1555/1555/1555 1537/1537/1537 1554/1554/1554
f 1538/1538/1538 1556/1556/1556 1539/1539/1539
f 1557/1557/1557 1539/1539/1539 1556/1556/1556
f 1539/1539/1539 1557/1557/1557 1540/1540/1540
f 1558/1558/1558 1540/1540/1540 1557/1557/1557
f 1540/1540/1540 1558/1558/1558 1541/1541/1541
f 1559/1559/1559 1541/1541/1541 1558/1558/1558
f 1541/1541/1541 1559/1559/1559 1542/1542/1542
f 1560/1560/1560 1542/1542/1542 1559/1559/1559
f 1542/1542/1542 1560/1560/1560 1543/1543/1543
f 1561/1561/1561 1543/1543/1543 1560/1560/1560
f 1543/1543/1543 1561/1561/1561 1544/1544/1544
f 1562/1562/1562 1544/1544/1544 1561/1561/1561
f 1544/1544/1544 1562/1562/1562 1545/1545/1545
f 1563/1563/1563 1545/1545/1545 1562/1562/1562
f 1545/1545/1545 1563/1563/1563 1546/1546/1546
f 1564/1564/1564 1546/1546/1546 1563/1563/1563
f 1546/1546/1546 1564/1564/1564 1547/1547/1547
f 1565/1565/1565 1547/1547/1547 1564/1564/1564
f 1547/1547/1547 1565/1565/1565 1548/1548/1548
f 1566/1566/1566 1548/1548/1548 1565/1565/1565
f 1548/1548/1548 1566/1566/1566 1549/1549/1549
f 1567/1567/1567 1549/1549/1549 1566/1566/1566
f 1549/1549/1549 1567/1567/1567 1550/1550/1550
f 1568/1568/1568 1550/1550/1550 1567/1567/1567
f 1550/1550/1550 1568/1568/1568 1551/1551/1551
f 1569/1569/1569 1551/1551/1551 1568/1568/1568
f 1551/1551/1551 1569/1569/1569 1552/1552/1552
f 1570/1570/1570 1552/1552/1552 1569/1569/1569
f 1552/1552/1552 1570/1570/1570 1553/1553/1553
f 1571/1571/1571 1553/1553/1553 1570/1570/1570
f 1553/1553/1553 1571/1571/1571 1554/1554/1554
f 1572/1572/1572 1554/1554/1554 1571/1571/1571
f 1554/1554/1554 1572/1572/1572 1555/1555/1555
f 1573/1573/1573 1555/1555/1555 1572/1572/1572
o handR
v 0 0.15000000596046448 0
v 0 0.15000000596046448 0
v 0 0.15000000596046448 0
v 0 0.15000000596046448 0
v 0 0.15000000596046448 0
v 0 0.15000000596046448 0
v 0 0.15000000596046448 0
v 0 0.15000000596046448 0
v 0 0.15000000596046448 0
v 0 0.15000000596046448 0
v 0 0.15000000596046448 0
v 0 0.15000000596046448 0
v 0 0.15000000596046448 0
v 0 0.15000000596046448 0
v 0 0.15000000596046448 0
v -0.038822855800390244 0.14488887786865234 0
v -0.03497818484902382 0.14488887786865234 0.016844606027007103
v -0.024205654859542847 0.14488887786865234 0.03035293146967888
v -0.00863889791071415 0.14488887786865234 0.037849485874176025
v 0.00863889791071415 0.14488887786865234 0.037849485874176025
v 0.024205654859542847 0.14488887786865234 0.03035293146967888
v 0.03497818484902382 0.14488887786865234 0.016844606027007103
v 0.038822855800390244 0.14488887786865234 4.754428606572584e-18
v 0.03497818484902382 0.14488887786865234 -0.016844606027007103
v 0.024205654859542847 0.14488887786865234 -0.03035293146967888
v 0.00863889791071415 0.14488887786865234 -0.037849485874176025
v -0.00863889791071415 0.14488887786865234 -0.037849485874176025
v -0.024205654859542847 0.14488887786865234 -0.03035293146967888
v -0.03497818484902382 0.14488887786865234 -0.016844606027007103
v -0.038822855800390244 0.14488887786865234 -9.508857213145167e-18
v -0.07500000298023224 0.12990380823612213 0
v -0.06757266819477081 0.12990380823612213 0.03254127874970436
v -0.046761736273765564 0.12990380823612213 0.058637361973524094
v -0.01668906956911087 0.12990380823612213 0.07311959564685822
v 0.01668906956911087 0.12990380823612213 0.07311959564685822
v 0.046761736273765564 0.12990380823612213 0.058637361973524094
v 0.06757266819477081 0.12990380823612213 0.03254127874970436
v 0.07500000298023224 0.12990380823612213 9.184851394388759e-18
v 0.06757266819477081 0.12990380823612213 -0.03254127874970436
v 0.046761736273765564 0.12990380823612213 -0.058637361973524094
v 0.01668906956911087 0.12990380823612213 -0.07311959564685822
v -0.01668906956911087 0.12990380823612213 -0.07311959564685822
v -0.046761736273765564 0.12990380823612213 -0.058637361973524094
v -0.06757266819477081 0.12990380823612213 -0.03254127874970436
v -0.07500000298023224 0.12990380823612213 -1.8369702788777518e-17
v -0.1060660183429718 0.1060660183429718 0
v -0.09556218236684799 0.1060660183429718 0.04602032154798508
v -0.06613107770681381 0.1060660183429718 0.08292575180530548
v -0.02360191009938717 0.1060660183429718 0.10340671986341476
v 0.02360191009938717 0.1060660183429718 0.10340671986341476
v 0.06613107770681381 0.1060660183429718 0.08292575180530548
v 0.09556218236684799 0.1060660183429718 0.04602032154798508
v 0.1060660183429718 0.1060660183429718 1.2989341236012077e-17
v 0.09556218236684799 0.1060660183429718 -0.04602032154798508
v 0.06613107770681381 0.1060660183429718 -0.08292575180530548
v 0.02360191009938717 0.1060660183429718 -0.10340671986341476
v -0.02360191009938717 0.1060660183429718 -0.10340671986341476
v -0.06613107770681381 0.1060660183429718 -0.08292575180530548
v -0.09556218236684799 0.1060660183429718 -0.04602032154798508
v -0.1060660183429718 0.1060660183429718 -2.5978682472024153e-17
v -0.12990380823612213 0.07500000298023224 0
v -0.1170392856001854 0.07500000298023224 0.05636315047740936
v -0.08099370449781418 0.07500000298023224 0.10156288743019104
v -0.028906317427754402 0.07500000298023224 0.12664684653282166
v 0.028906317427754402 0.07500000298023224 0.12664684653282166
v 0.08099370449781418 0.07500000298023224 0.10156288743019104
v 0.1170392856001854 0.07500000298023224 0.05636315047740936
v 0.12990380823612213 0.07500000298023224 1.5908628708195447e-17
v 0.1170392856001854 0.07500000298023224 -0.05636315047740936
v 0.08099370449781418 0.07500000298023224 -0.10156288743019104
v 0.028906317427754402 0.07500000298023224 -0.12664684653282166
v -0.028906317427754402 0.07500000298023224 -0.12664684653282166
v -0.08099370449781418 0.07500000298023224 -0.10156288743019104
v -0.1170392856001854 0.07500000298023224 -0.05636315047740936
v -0.12990380823612213 0.07500000298023224 -3.1817257416390894e-17
v -0.14488887786865234 0.038822855800390244 0
v -0.1305403709411621 0.038822855800390244 0.06286492943763733
v -0.09033673256635666 0.038822855800390244 0.11327867954969406
v -0.03224080801010132 0.038822855800390244 0.1412562131881714
v 0.03224080801010132 0.038822855800390244 0.1412562131881714
v 0.09033673256635666 0.038822855800390244 0.11327867954969406
v 0.1305403709411621 0.038822855800390244 0.06286492943763733
v 0.14488887786865234 0.038822855800390244 1.7743770256174966e-17
v 0.1305403709411621 0.038822855800390244 -0.06286492943763733
v 0.09033673256635666 0.038822855800390244 -0.11327867954969406
v 0.03224080801010132 0.038822855800390244 -0.1412562131881714
v -0.03224080801010132 0.038822855800390244 -0.1412562131881714
v -0.09033673256635666 0.038822855800390244 -0.11327867954969406
v -0.1305403709411621 0.038822855800390244 -0.06286492943763733
v -0.14488887786865234 0.038822855800390244 -3.548754051234993e-17
v -0.15000000596046448 9.184851394388759e-18 0
v -0.13514533638954163 9.184851394388759e-18 0.06508255749940872
v -0.09352347254753113 9.184851394388759e-18 0.11727472394704819
v -0.03337813913822174 9.184851394388759e-18 0.14623919129371643
v 0.03337813913822174 9.184851394388759e-18 0.14623919129371643
v 0.09352347254753113 9.184851394388759e-18 0.11727472394704819
v 0.13514533638954163 9.184851394388759e-18 0.06508255749940872
v 0.15000000596046448 9.184851394388759e-18 1.8369702788777518e-17
v 0.13514533638954163 9.184851394388759e-18 -0.06508255749940872
v 0.09352347254753113 9.184851394388759e-18 -0.11727472394704819
v 0.03337813913822174 9.184851394388759e-18 -0.14623919129371643
v -0.03337813913822174 9.184851394388759e-18 -0.14623919129371643
v -0.09352347254753113 9.184851394388759e-18 -0.11727472394704819
v -0.13514533638954163 9.184851394388759e-18 -0.06508255749940872
v -0.15000000596046448 9.184851394388759e-18 -3.6739405577555036e-17
v -0.14488887786865234 -0.038822855800390244 0
v -0.1305403709411621 -0.038822855800390244 0.06286492943763733
v -0.09033673256635666 -0.038822855800390244 0.11327867954969406
v -0.03224080801010132 -0.038822855800390244 0.1412562131881714
v 0.03224080801010132 -0.038822855800390244 0.1412562131881714
v 0.09033673256635666 -0.038822855800390244 0.11327867954969406
v 0.1305403709411621 -0.038822855800390244 0.06286492943763733
v 0.14488887786865234 -0.038822855800390244 1.7743770256174966e-17
v 0.1305403709411621 -0.038822855800390244 -0.06286492943763733
v 0.09033673256635666 -0.038822855800390244 -0.11327867954969406
v 0.03224080801010132 -0.038822855800390244 -0.1412562131881714
v -0.03224080801010132 -0.038822855800390244 -0.1412562131881714
v -0.09033673256635666 -0.038822855800390244 -0.11327867954969406
v -0.1305403709411621 -0.038822855800390244 -0.06286492943763733
v -0.14488887786865234 -0.038822855800390244 -3.548754051234993e-17
v -0.12990380823612213 -0.07500000298023224 0
v -0.1170392856001854 -0.07500000298023224 0.05636315047740936
v -0.08099370449781418 -0.07500000298023224 0.10156288743019104
v -0.028906317427754402 -0.07500000298023224 0.12664684653282166
v 0.028906317427754402 -0.07500000298023224 0.12664684653282166
v 0.08099370449781418 -0.07500000298023224 0.10156288743019104
v 0.1170392856001854 -0.07500000298023224 0.05636315047740936
v 0.12990380823612213 -0.07500000298023224 1.5908628708195447e-17
v 0.1170392856001854 -0.07500000298023224 -0.05636315047740936
v 0.08099370449781418 -0.07500000298023224 -0.10156288743019104
v 0.028906317427754402 -0.07500000298023224 -0.12664684653282166
v -0.028906317427754402 -0.07500000298023224 -0.12664684653282166
v -0.08099370449781418 -0.07500000298023224 -0.10156288743019104
v -0.1170392856001854 -0.07500000298023224 -0.05636315047740936
v -0.12990380823612213 -0.07500000298023224 -3.1817257416390894e-17
v -0.1060660183429718 -0.1060660183429718 0
v -0.09556218236684799 -0.1060660183429718 0.04602032154798508
v -0.06613107770681381 -0.1060660183429718 0.08292575180530548
v -0.02360191009938717 -0.1060660183429718 0.10340671986341476
v 0.02360191009938717 -0.1060660183429718 0.10340671986341476
v 0.06613107770681381 -0.1060660183429718 0.08292575180530548
v 0.09556218236684799 -0.1060660183429718 0.04602032154798508
v 0.1060660183429718 -0.1060660183429718 1.2989341236012077e-17
v 0.09556218236684799 -0.1060660183429718 -0.04602032154798508
v 0.06613107770681381 -0.1060660183429718 -0.08292575180530548
v 0.02360191009938717 -0.1060660183429718 -0.10340671986341476
v -0.02360191009938717 -0.1060660183429718 -0.10340671986341476
v -0.06613107770681381 -0.1060660183429718 -0.08292575180530548
v -0.09556218236684799 -0.1060660183429718 -0.04602032154798508
v -0.1060660183429718 -0.1060660183429718 -2.5978682472024153e-17
v -0.07500000298023224 -0.12990380823612213 0
v -0.06757266819477081 -0.12990380823612213 0.03254127874970436
v -0.046761736273765564 -0.12990380823612213 0.058637361973524094
v -0.01668906956911087 -0.12990380823612213 0.07311959564685822
v 0.01668906956911087 -0.12990380823612213 0.07311959564685822
v 0.046761736273765564 -0.12990380823612213 0.058637361973524094
v 0.06757266819477081 -0.12990380823612213 0.03254127874970436
v 0.07500000298023224 -0.12990380823612213 9.184851394388759e-18
v 0.06757266819477081 -0.12990380823612213 -0.03254127874970436
v 0.046761736273765564 -0.12990380823612213 -0.058637361973524094
v 0.01668906956911087 -0.12990380823612213 -0.07311959564685822
v -0.01668906956911087 -0.12990380823612213 -0.07311959564685822
v -0.046761736273765564 -0.12990380823612213 -0.058637361973524094
v -0.06757266819477081 -0.12990380823612213 -0.03254127874970436
v -0.07500000298023224 -0.12990380823612213 -1.8369702788777518e-17
v -0.038822855800390244 -0.14488887786865234 0
v -0.03497818484902382 -0.14488887786865234 0.016844606027007103
v -0.024205654859542847 -0.14488887786865234 0.03035293146967888
v -0.00863889791071415 -0.14488887786865234 0.037849485874176025
v 0.00863889791071415 -0.14488887786865234 0.037849485874176025
v 0.024205654859542847 -0.14488887786865234 0.03035293146967888
v 0.03497818484902382 -0.14488887786865234 0.016844606027007103
v 0.038822855800390244 -0.14488887786865234 4.754428606572584e-18
v 0.03497818484902382 -0.14488887786865234 -0.016844606027007103
v 0.024205654859542847 -0.14488887786865234 -0.03035293146967888
v 0.00863889791071415 -0.14488887786865234 -0.037849485874176025
v -0.00863889791071415 -0.14488887786865234 -0.037849485874176025
v -0.024205654859542847 -0.14488887786865234 -0.03035293146967888
v -0.03497818484902382 -0.14488887786865234 -0.016844606027007103
v -0.038822855800390244 -0.14488887786865234 -9.508857213145167e-18
v -1.8369702788777518e-17 -0.15000000596046448 0
v -1.6550529135342722e-17 -0.15000000596046448 7.970315335866949e-18
v -1.1453322259602145e-17 -0.15000000596046448 1.4362011066596874e-17
v -4.087643277877263e-18 -0.15000000596046448 1.7909135241152892e-17
v 4.087643277877263e-18 -0.15000000596046448 1.7909135241152892e-17
v 1.1453322259602145e-17 -0.15000000596046448 1.4362011066596874e-17
v 1.6550529135342722e-17 -0.15000000596046448 7.970315335866949e-18
v 1.8369702788777518e-17 -0.15000000596046448 2.249639599097593e-33
v 1.6550529135342722e-17 -0.15000000596046448 -7.970315335866949e-18
v 1.1453322259602145e-17 -0.15000000596046448 -1.4362011066596874e-17
v 4.087643277877263e-18 -0.15000000596046448 -1.7909135241152892e-17
v -4.087643277877263e-18 -0.15000000596046448 -1.7909135241152892e-17
v -1.1453322259602145e-17 -0.15000000596046448 -1.4362011066596874e-17
v -1.6550529135342722e-17 -0.15000000596046448 -7.970315335866949e-18
v -1.8369702788777518e-17 -0.15000000596046448 -4.499279198195186e-33
vt 0.0357142873108387 1
vt 0.1071428582072258 1
vt 0.1785714328289032 1
vt 0.25 1
vt 0.3214285671710968 1
vt 0.3928571343421936 1
vt 0.4642857015132904 1
vt 0.5357142686843872 1
vt 0.6071428656578064 1
vt 0.6785714030265808 1
vt 0.75 1
vt 0.8214285969734192 1
vt 0.8928571343421936 1
vt 0.9642857313156128 1
vt 1.0357142686843872 1
vt 0 0.9166666865348816
vt 0.0714285746216774 0.9166666865348816
vt 0.1428571492433548 0.9166666865348816
vt 0.2142857164144516 0.9166666865348816
vt 0.2857142984867096 0.9166666865348816
vt 0.3571428656578064 0.9166666865348816
vt 0.4285714328289032 0.9166666865348816
vt 0.5 0.9166666865348816
vt 0.5714285969734192 0.9166666865348816
vt 0.6428571343421936 0.9166666865348816
vt 0.7142857313156128 0.9166666865348816
vt 0.7857142686843872 0.9166666865348816
vt 0.8571428656578064 0.9166666865348816
vt 0.9285714030265808 0.9166666865348816
vt 1 0.9166666865348816
vt 0 0.8333333134651184
vt 0.0714285746216774 0.8333333134651184
vt 0.1428571492433548 0.8333333134651184
vt 0.2142857164144516 0.8333333134651184
vt 0.2857142984867096 0.8333333134651184
vt 0.3571428656578064 0.8333333134651184
vt 0.4285714328289032 0.8333333134651184
vt 0.5 0.8333333134651184
vt 0.5714285969734192 0.8333333134651184
vt 0.6428571343421936 0.8333333134651184
vt 0.7142857313156128 0.8333333134651184
vt 0.7857142686843872 0.8333333134651184
vt 0.8571428656578064 0.8333333134651184
vt 0.9285714030265808 0.8333333134651184
vt 1 0.8333333134651184
vt 0 0.75
vt 0.0714285746216774 0.75
vt 0.1428571492433548 0.75
vt 0.2142857164144516 0.75
vt 0.2857142984867096 0.75
vt 0.3571428656578064 0.75
vt 0.4285714328289032 0.75
vt 0.5 0.75
vt 0.5714285969734192 0.75
vt 0.6428571343421936 0.75
vt 0.7142857313156128 0.75
vt 0.7857142686843872 0.75
vt 0.8571428656578064 0.75
vt 0.9285714030265808 0.75
vt 1 0.75
vt 0 0.6666666865348816
vt 0.0714285746216774 0.6666666865348816
vt 0.1428571492433548 0.6666666865348816
vt 0.2142857164144516 0.6666666865348816
vt 0.2857142984867096 0.6666666865348816
vt 0.3571428656578064 0.6666666865348816
vt 0.4285714328289032 0.6666666865348816
vt 0.5 0.6666666865348816
vt 0.5714285969734192 0.6666666865348816
vt 0.6428571343421936 0.6666666865348816
vt 0.7142857313156128 0.6666666865348816
vt 0.7857142686843872 0.6666666865348816
vt 0.8571428656578064 0.6666666865348816
vt 0.9285714030265808 0.6666666865348816
vt 1 0.6666666865348816
vt 0 0.5833333134651184
vt 0.0714285746216774 0.5833333134651184
vt 0.1428571492433548 0.5833333134651184
vt 0.2142857164144516 0.5833333134651184
vt 0.2857142984867096 0.5833333134651184
vt 0.3571428656578064 0.5833333134651184
vt 0.4285714328289032 0.5833333134651184
vt 0.5 0.5833333134651184
vt 0.5714285969734192 0.5833333134651184
vt 0.6428571343421936 0.5833333134651184
vt 0.7142857313156128 0.5833333134651184
vt 0.7857142686843872 0.5833333134651184
vt 0.8571428656578064 0.5833333134651184
vt 0.9285714030265808 0.5833333134651184
vt 1 0.5833333134651184
vt 0 0.5
vt 0.0714285746216774 0.5
vt 0.1428571492433548 0.5
vt 0.2142857164144516 0.5
vt 0.2857142984867096 0.5
vt 0.3571428656578064 0.5
vt 0.4285714328289032 0.5
vt 0.5 0.5
vt 0.5714285969734192 0.5
vt 0.6428571343421936 0.5
vt 0.7142857313156128 0.5
vt 0.7857142686843872 0.5
vt 0.8571428656578064 0.5
vt 0.9285714030265808 0.5
vt 1 0.5
vt 0 0.4166666567325592
vt 0.0714285746216774 0.4166666567325592
vt 0.1428571492433548 0.4166666567325592
vt 0.2142857164144516 0.4166666567325592
vt 0.2857142984867096 0.4166666567325592
vt 0.3571428656578064 0.4166666567325592
vt 0.4285714328289032 0.4166666567325592
vt 0.5 0.4166666567325592
vt 0.5714285969734192 0.4166666567325592
vt 0.6428571343421936 0.4166666567325592
vt 0.7142857313156128 0.4166666567325592
vt 0.7857142686843872 0.4166666567325592
vt 0.8571428656578064 0.4166666567325592
vt 0.9285714030265808 0.4166666567325592
vt 1 0.4166666567325592
vt 0 0.3333333432674408
vt 0.0714285746216774 0.3333333432674408
vt 0.1428571492433548 0.3333333432674408
vt 0.2142857164144516 0.3333333432674408
vt 0.2857142984867096 0.3333333432674408
vt 0.3571428656578064 0.3333333432674408
vt 0.4285714328289032 0.3333333432674408
vt 0.5 0.3333333432674408
vt 0.5714285969734192 0.3333333432674408
vt 0.6428571343421936 0.3333333432674408
vt 0.7142857313156128 0.3333333432674408
vt 0.7857142686843872 0.3333333432674408
vt 0.8571428656578064 0.3333333432674408
vt 0.9285714030265808 0.3333333432674408
vt 1 0.3333333432674408
vt 0 0.25
vt 0.0714285746216774 0.25
vt 0.1428571492433548 0.25
vt 0.2142857164144516 0.25
vt 0.2857142984867096 0.25
vt 0.3571428656578064 0.25
vt 0.4285714328289032 0.25
vt 0.5 0.25
vt 0.5714285969734192 0.25
vt 0.6428571343421936 0.25
vt 0.7142857313156128 0.25
vt 0.7857142686843872 0.25
vt 0.8571428656578064 0.25
vt 0.9285714030265808 0.25
vt 1 0.25
vt 0 0.1666666716337204
vt 0.0714285746216774 0.1666666716337204
vt 0.1428571492433548 0.1666666716337204
vt 0.2142857164144516 0.1666666716337204
vt 0.2857142984867096 0.1666666716337204
vt 0.3571428656578064 0.1666666716337204
vt 0.4285714328289032 0.1666666716337204
vt 0.5 0.1666666716337204
vt 0.5714285969734192 0.1666666716337204
vt 0.6428571343421936 0.1666666716337204
vt 0.7142857313156128 0.1666666716337204
vt 0.7857142686843872 0.1666666716337204
vt 0.8571428656578064 0.1666666716337204
vt 0.9285714030265808 0.1666666716337204
vt 1 0.1666666716337204
vt 0 0.0833333358168602
vt 0.0714285746216774 0.0833333358168602
vt 0.1428571492433548 0.0833333358168602
vt 0.2142857164144516 0.0833333358168602
vt 0.2857142984867096 0.0833333358168602
vt 0.3571428656578064 0.0833333358168602
vt 0.4285714328289032 0.0833333358168602
vt 0.5 0.0833333358168602
vt 0.5714285969734192 0.0833333358168602
vt 0.6428571343421936 0.0833333358168602
vt 0.7142857313156128 0.0833333358168602
vt 0.7857142686843872 0.0833333358168602
vt 0.8571428656578064 0.0833333358168602
vt 0.9285714030265808 0.0833333358168602
vt 1 0.0833333358168602
vt -0.0357142873108387 0
vt 0.0357142873108387 0
vt 0.1071428582072258 0
vt 0.1785714328289032 0
vt 0.25 0
vt 0.3214285671710968 0
vt 0.3928571343421936 0
vt 0.4642857015132904 0
vt 0.5357142686843872 0
vt 0.6071428656578064 0
vt 0.6785714030265808 0
vt 0.75 0
vt 0.8214285969734192 0
vt 0.8928571343421936 0
vt 0.9642857313156128 0
vn 0 1 0
vn 0 1 0
vn 0 1 0
vn 0 1 0
vn 0 1 0
vn 0 1 0
vn 0 1 0
vn 0 1 0
vn 0 1 0
vn 0 1 0
vn 0 1 0
vn 0 1 0
vn 0 1 0
vn 0 1 0
vn 0 1 0
vn -0.2588190471264927 0.9659258257467466 0
vn -0.23318790212616303 0.965925825697602 0.11229737998904929
vn -0.1613710393000704 0.9659258243100393 0.20235288385932754
vn -0.057592657150230264 0.9659258242408101 0.25232991877121497
vn 0.057592657150230264 0.9659258242408101 0.25232991877121497
vn 0.1613710393000704 0.9659258243100393 0.20235288385932754
vn 0.23318790212616303 0.965925825697602 0.11229737998904929
vn 0.2588190471264927 0.9659258257467466 3.1696191689360264e-17
vn 0.23318790212616303 0.965925825697602 -0.11229737998904929
vn 0.1613710393000704 0.9659258243100393 -0.20235288385932754
vn 0.057592657150230264 0.9659258242408101 -0.25232991877121497
vn -0.057592657150230264 0.9659258242408101 -0.25232991877121497
vn -0.1613710393000704 0.9659258243100393 -0.20235288385932754
vn -0.23318790212616303 0.965925825697602 -0.11229737998904929
vn -0.2588190471264927 0.9659258257467466 -6.339238337872053e-17
vn -0.5000000067305869 0.8660253998985324 0
vn -0.45048443335647964 0.8660254046333798 0.21694186740480123
vn -0.3117449017387486 0.8660253970778502 0.3909157554461697
vn -0.11126046805406449 0.8660254020684025 0.4874639588940422
vn 0.11126046805406449 0.8660254020684025 0.4874639588940422
vn 0.3117449017387486 0.8660253970778502 0.3909157554461697
vn 0.45048443335647964 0.8660254046333798 0.21694186740480123
vn 0.5000000067305869 0.8660253998985324 6.12323434535176e-17
vn 0.45048443335647964 0.8660254046333798 -0.21694186740480123
vn 0.3117449017387486 0.8660253970778502 -0.3909157554461697
vn 0.11126046805406449 0.8660254020684025 -0.4874639588940422
vn -0.11126046805406449 0.8660254020684025 -0.4874639588940422
vn -0.3117449017387486 0.8660253970778502 -0.3909157554461697
vn -0.45048443335647964 0.8660254046333798 -0.21694186740480123
vn -0.5000000067305869 0.8660253998985324 -1.224646869070352e-16
vn -0.7071067811865476 0.7071067811865476 0
vn -0.6370812093853011 0.7071067730145022 0.3068021254899962
vn -0.4408738704352456 0.7071067837160909 0.5528383369395901
vn -0.15734605593110657 0.7071067736664909 0.6893781468235639
vn 0.15734605593110657 0.7071067736664909 0.6893781468235639
vn 0.4408738704352456 0.7071067837160909 0.5528383369395901
vn 0.6370812093853011 0.7071067730145022 0.3068021254899962
vn 0.7071067811865476 0.7071067811865476 8.659560751628624e-17
vn 0.6370812093853011 0.7071067730145022 -0.3068021254899962
vn 0.4408738704352456 0.7071067837160909 -0.5528383369395901
vn 0.15734605593110657 0.7071067736664909 -0.6893781468235639
vn -0.15734605593110657 0.7071067736664909 -0.6893781468235639
vn -0.4408738704352456 0.7071067837160909 -0.5528383369395901
vn -0.6370812093853011 0.7071067730145022 -0.3068021254899962
vn -0.7071067811865476 0.7071067811865476 -1.7319121503257247e-16
vn -0.8660253998985324 0.5000000067305869 0
vn -0.7802619340813601 0.5000000001780183 0.3757543267157372
vn -0.5399579983513427 0.4999999983037915 0.6770859337725307
vn -0.19270878028593394 0.5000000126740947 0.8443123316205994
vn 0.19270878028593394 0.5000000126740947 0.8443123316205994
vn 0.5399579983513427 0.4999999983037915 0.6770859337725307
vn 0.7802619340813601 0.5000000001780183 0.3757543267157372
vn 0.8660253998985324 0.5000000067305869 1.0605752614896174e-16
vn 0.7802619340813601 0.5000000001780183 -0.3757543267157372
vn 0.5399579983513427 0.4999999983037915 -0.6770859337725307
vn 0.19270878028593394 0.5000000126740947 -0.8443123316205994
vn -0.19270878028593394 0.5000000126740947 -0.8443123316205994
vn -0.5399579983513427 0.4999999983037915 -0.6770859337725307
vn -0.7802619340813601 0.5000000001780183 -0.3757543267157372
vn -0.8660253998985324 0.5000000067305869 -2.1211505229792348e-16
vn -0.9659258257467466 0.2588190471264927 0
vn -0.8702691035676434 0.2588190388267835 0.41909950192806283
vn -0.6022449158945845 0.2588190446318764 0.755191209836931
vn -0.21493871948573373 0.25881904891706803 0.941708047530389
vn 0.21493871948573373 0.25881904891706803 0.941708047530389
vn 0.6022449158945845 0.2588190446318764 0.755191209836931
vn 0.8702691035676434 0.2588190388267835 0.41909950192806283
vn 0.9659258257467466 0.2588190471264927 1.1829179227392118e-16
vn 0.8702691035676434 0.2588190388267835 -0.41909950192806283
vn 0.6022449158945845 0.2588190446318764 -0.755191209836931
vn 0.21493871948573373 0.25881904891706803 -0.941708047530389
vn -0.21493871948573373 0.25881904891706803 -0.941708047530389
vn -0.6022449158945845 0.2588190446318764 -0.755191209836931
vn -0.8702691035676434 0.2588190388267835 -0.41909950192806283
vn -0.9659258257467466 0.2588190471264927 -2.3658358454784237e-16
vn -1 6.123234262925839e-17 0
vn -0.9009688693625448 6.123234396836827e-17 0.4338837360855756
vn -0.6234897889923936 6.123234183151289e-17 0.7818314927285933
vn -0.22252093478534796 6.123234324294117e-17 0.9749279119926021
vn 0.22252093478534796 6.123234324294117e-17 0.9749279119926021
vn 0.6234897889923936 6.123234183151289e-17 0.7818314927285933
vn 0.9009688693625448 6.123234396836827e-17 0.4338837360855756
vn 1 6.123234262925839e-17 1.2246468525851679e-16
vn 0.9009688693625448 6.123234396836827e-17 -0.4338837360855756
vn 0.6234897889923936 6.123234183151289e-17 -0.7818314927285933
vn 0.22252093478534796 6.123234324294117e-17 -0.9749279119926021
vn -0.22252093478534796 6.123234324294117e-17 -0.9749279119926021
vn -0.6234897889923936 6.123234183151289e-17 -0.7818314927285933
vn -0.9009688693625448 6.123234396836827e-17 -0.4338837360855756
vn -1 6.123234262925839e-17 -2.4492937051703357e-16
vn -0.9659258257467466 -0.2588190471264927 0
vn -0.8702691035676434 -0.2588190388267835 0.41909950192806283
vn -0.6022449158945845 -0.2588190446318764 0.755191209836931
vn -0.21493871948573373 -0.25881904891706803 0.941708047530389
vn 0.21493871948573373 -0.25881904891706803 0.941708047530389
vn 0.6022449158945845 -0.2588190446318764 0.755191209836931
vn 0.8702691035676434 -0.2588190388267835 0.41909950192806283
vn 0.9659258257467466 -0.2588190471264927 1.1829179227392118e-16
vn 0.8702691035676434 -0.2588190388267835 -0.41909950192806283
vn 0.6022449158945845 -0.2588190446318764 -0.755191209836931
vn 0.21493871948573373 -0.25881904891706803 -0.941708047530389
vn -0.21493871948573373 -0.25881904891706803 -0.941708047530389
vn -0.6022449158945845 -0.2588190446318764 -0.755191209836931
vn -0.8702691035676434 -0.2588190388267835 -0.41909950192806283
vn -0.9659258257467466 -0.2588190471264927 -2.3658358454784237e-16
vn -0.8660253998985324 -0.5000000067305869 0
vn -0.7802619340813601 -0.5000000001780183 0.3757543267157372
vn -0.5399579983513427 -0.4999999983037915 0.6770859337725307
vn -0.19270878028593394 -0.5000000126740947 0.8443123316205994
vn 0.19270878028593394 -0.5000000126740947 0.8443123316205994
vn 0.5399579983513427 -0.4999999983037915 0.6770859337725307
vn 0.7802619340813601 -0.5000000001780183 0.3757543267157372
vn 0.8660253998985324 -0.5000000067305869 1.0605752614896174e-16
vn 0.7802619340813601 -0.5000000001780183 -0.3757543267157372
vn 0.5399579983513427 -0.4999999983037915 -0.6770859337725307
vn 0.19270878028593394 -0.5000000126740947 -0.8443123316205994
vn -0.19270878028593394 -0.5000000126740947 -0.8443123316205994
vn -0.5399579983513427 -0.4999999983037915 -0.6770859337725307
vn -0.7802619340813601 -0.5000000001780183 -0.3757543267157372
vn -0.8660253998985324 -0.5000000067305869 -2.1211505229792348e-16
vn -0.7071067811865476 -0.7071067811865476 0
vn -0.6370812093853011 -0.7071067730145022 0.3068021254899962
vn -0.4408738704352456 -0.7071067837160909 0.5528383369395901
vn -0.15734605593110657 -0.7071067736664909 0.6893781468235639
vn 0.15734605593110657 -0.7071067736664909 0.6893781468235639
vn 0.4408738704352456 -0.7071067837160909 0.5528383369395901
vn 0.6370812093853011 -0.7071067730145022 0.3068021254899962
vn 0.7071067811865476 -0.7071067811865476 8.659560751628624e-17
vn 0.6370812093853011 -0.7071067730145022 -0.3068021254899962
vn 0.4408738704352456 -0.7071067837160909 -0.5528383369395901
vn 0.15734605593110657 -0.7071067736664909 -0.6893781468235639
vn -0.15734605593110657 -0.7071067736664909 -0.6893781468235639
vn -0.4408738704352456 -0.7071067837160909 -0.5528383369395901
vn -0.6370812093853011 -0.7071067730145022 -0.3068021254899962
vn -0.7071067811865476 -0.7071067811865476 -1.7319121503257247e-16
vn -0.5000000067305869 -0.8660253998985324 0
vn -0.45048443335647964 -0.8660254046333798 0.21694186740480123
vn -0.3117449017387486 -0.8660253970778502 0.3909157554461697
vn -0.11126046805406449 -0.8660254020684025 0.4874639588940422
vn 0.11126046805406449 -0.8660254020684025 0.4874639588940422
vn 0.3117449017387486 -0.8660253970778502 0.3909157554461697
vn 0.45048443335647964 -0.8660254046333798 0.21694186740480123
vn 0.5000000067305869 -0.8660253998985324 6.12323434535176e-17
vn 0.45048443335647964 -0.8660254046333798 -0.21694186740480123
vn 0.3117449017387486 -0.8660253970778502 -0.3909157554461697
vn 0.11126046805406449 -0.8660254020684025 -0.4874639588940422
vn -0.11126046805406449 -0.8660254020684025 -0.4874639588940422
vn -0.3117449017387486 -0.8660253970778502 -0.3909157554461697
vn -0.45048443335647964 -0.8660254046333798 -0.21694186740480123
vn -0.5000000067305869 -0.8660253998985324 -1.224646869070352e-16
vn -0.2588190471264927 -0.9659258257467466 0
vn -0.23318790212616303 -0.965925825697602 0.11229737998904929
vn -0.1613710393000704 -0.9659258243100393 0.20235288385932754
vn -0.057592657150230264 -0.9659258242408101 0.25232991877121497
vn 0.057592657150230264 -0.9659258242408101 0.25232991877121497
vn 0.1613710393000704 -0.9659258243100393 0.20235288385932754
vn 0.23318790212616303 -0.965925825697602 0.11229737998904929
vn 0.2588190471264927 -0.9659258257467466 3.1696191689360264e-17
vn 0.23318790212616303 -0.965925825697602 -0.11229737998904929
vn 0.1613710393000704 -0.9659258243100393 -0.20235288385932754
vn 0.057592657150230264 -0.9659258242408101 -0.25232991877121497
vn -0.057592657150230264 -0.9659258242408101 -0.25232991877121497
vn -0.1613710393000704 -0.9659258243100393 -0.20235288385932754
vn -0.23318790212616303 -0.965925825697602 -0.11229737998904929
vn -0.2588190471264927 -0.9659258257467466 -6.339238337872053e-17
vn -1.2246468525851679e-16 -1 0
vn -1.1033686090228481e-16 -1 5.313543226372388e-17
vn -7.635548062777348e-17 -1 9.574674485560909e-17
vn -2.7250955737302164e-17 -1 1.1939423052938935e-16
vn 2.7250955737302164e-17 -1 1.1939423052938935e-16
vn 7.635548062777348e-17 -1 9.574674485560909e-17
vn 1.1033686090228481e-16 -1 5.313543226372388e-17
vn 1.2246468525851679e-16 -1 1.4997597572211942e-32
vn 1.1033686090228481e-16 -1 -5.313543226372388e-17
vn 7.635548062777348e-17 -1 -9.574674485560909e-17
vn 2.7250955737302164e-17 -1 -1.1939423052938935e-16
vn -2.7250955737302164e-17 -1 -1.1939423052938935e-16
vn -7.635548062777348e-17 -1 -9.574674485560909e-17
vn -1.1033686090228481e-16 -1 -5.313543226372388e-17
vn -1.2246468525851679e-16 -1 -2.9995195144423884e-32
f 1574/1574/1574 1589/1589/1589 1590/1590/1590
f 1575/1575/1575 1590/1590/1590 1591/1591/1591
f 1576/1576/1576 1591/1591/1591 1592/1592/1592
f 1577/1577/1577 1592/1592/1592 1593/1593/1593
f 1578/1578/1578 1593/1593/1593 1594/1594/1594
f 1579/1579/1579 1594/1594/1594 1595/1595/1595
f 1580/1580/1580 1595/1595/1595 1596/1596/1596
f 1581/1581/1581 1596/1596/1596 1597/1597/1597
f 1582/1582/1582 1597/1597/1597 1598/1598/1598
f 1583/1583/1583 1598/1598/1598 1599/1599/1599
f 1584/1584/1584 1599/1599/1599 1600/1600/1600
f 1585/1585/1585 1600/1600/1600 1601/1601/1601
f 1586/1586/1586 1601/1601/1601 1602/1602/1602
f 1587/1587/1587 1602/1602/1602 1603/1603/1603
f 1590/1590/1590 1589/1589/1589 1605/1605/1605
f 1589/1589/1589 1604/1604/1604 1605/1605/1605
f 1591/1591/1591 1590/1590/1590 1606/1606/1606
f 1590/1590/1590 1605/1605/1605 1606/1606/1606
f 1592/1592/1592 1591/1591/1591 1607/1607/1607
f 1591/1591/1591 1606/1606/1606 1607/1607/1607
f 1593/1593/1593 1592/1592/1592 1608/1608/1608
f 1592/1592/1592 1607/1607/1607 1608/1608/1608
f 1594/1594/1594 1593/1593/1593 1609/1609/1609
f 1593/1593/1593 1608/1608/1608 1609/1609/1609
f 1595/1595/1595 1594/1594/1594 1610/1610/1610
f 1594/1594/1594 1609/1609/1609 1610/1610/1610
f 1596/1596/1596 1595/1595/1595 1611/1611/1611
f 1595/1595/1595 1610/1610/1610 1611/1611/1611
f 1597/1597/1597 1596/1596/1596 1612/1612/1612
f 1596/1596/1596 1611/1611/1611 1612/1612/1612
f 1598/1598/1598 1597/1597/1597 1613/1613/1613
f 1597/1597/1597 1612/1612/1612 1613/1613/1613
f 1599/1599/1599 1598/1598/1598 1614/1614/1614
f 1598/1598/1598 1613/1613/1613 1614/1614/1614
f 1600/1600/1600 1599/1599/1599 1615/1615/1615
f 1599/1599/1599 1614/1614/1614 1615/1615/1615
f 1601/1601/1601 1600/1600/1600 1616/1616/1616
f 1600/1600/1600 1615/1615/1615 1616/1616/1616
f 1602/1602/1602 1601/1601/1601 1617/1617/1617
f 1601/1601/1601 1616/1616/1616 1617/1617/1617
f 1603/1603/1603 1602/1602/1602 1618/1618/1618
f 1602/1602/1602 1617/1617/1617 1618/1618/1618
f 1605/1605/1605 1604/1604/1604 1620/1620/1620
f 1604/1604/1604 1619/1619/1619 1620/1620/1620
f 1606/1606/1606 1605/1605/1605 1621/1621/1621
f 1605/1605/1605 1620/1620/1620 1621/1621/1621
f 1607/1607/1607 1606/1606/1606 1622/1622/1622
f 1606/1606/1606 1621/1621/1621 1622/1622/1622
f 1608/1608/1608 1607/1607/1607 1623/1623/1623
f 1607/1607/1607 1622/1622/1622 1623/1623/1623
f 1609/1609/1609 1608/1608/1608 1624/1624/1624
f 1608/1608/1608 1623/1623/1623 1624/1624/1624
f 1610/1610/1610 1609/1609/1609 1625/1625/1625
f 1609/1609/1609 1624/1624/1624 1625/1625/1625
f 1611/1611/1611 1610/1610/1610 1626/1626/1626
f 1610/1610/1610 1625/1625/1625 1626/1626/1626
f 1612/1612/1612 1611/1611/1611 1627/1627/1627
f 1611/1611/1611 1626/1626/1626 1627/1627/1627
f 1613/1613/1613 1612/1612/1612 1628/1628/1628
f 1612/1612/1612 1627/1627/1627 1628/1628/1628
f 1614/1614/1614 1613/1613/1613 1629/1629/1629
f 1613/1613/1613 1628/1628/1628 1629/1629/1629
f 1615/1615/1615 1614/1614/1614 1630/1630/1630
f 1614/1614/1614 1629/1629/1629 1630/1630/1630
f 1616/1616/1616 1615/1615/1615 1631/1631/1631
f 1615/1615/1615 1630/1630/1630 1631/1631/1631
f 1617/1617/1617 1616/1616/1616 1632/1632/1632
f 1616/1616/1616 1631/1631/1631 1632/1632/1632
f 1618/1618/1618 1617/1617/1617 1633/1633/1633
f 1617/1617/1617 1632/1632/1632 1633/1633/1633
f 1620/1620/1620 1619/1619/1619 1635/1635/1635
f 1619/1619/1619 1634/1634/1634 1635/1635/1635
f 1621/1621/1621 1620/1620/1620 1636/1636/1636
f 1620/1620/1620 1635/1635/1635 1636/1636/1636
f 1622/1622/1622 1621/1621/1621 1637/1637/1637
f 1621/1621/1621 1636/1636/1636 1637/1637/1637
f 1623/1623/1623 1622/1622/1622 1638/1638/1638
f 1622/1622/1622 1637/1637/1637 1638/1638/1638
f 1624/1624/1624 1623/1623/1623 1639/1639/1639
f 1623/1623/1623 1638/1638/1638 1639/1639/1639
f 1625/1625/1625 1624/1624/1624 1640/1640/1640
f 1624/1624/1624 1639/1639/1639 1640/1640/1640
f 1626/1626/1626 1625/1625/1625 1641/1641/1641
f 1625/1625/1625 1640/1640/1640 1641/1641/1641
f 1627/1627/1627 1626/1626/1626 1642/1642/1642
f 1626/1626/1626 1641/1641/1641 1642/1642/1642
f 1628/1628/1628 1627/1627/1627 1643/1643/1643
f 1627/1627/1627 1642/1642/1642 1643/1643/1643
f 1629/1629/1629 1628/1628/1628 1644/1644/1644
f 1628/1628/1628 1643/1643/1643 1644/1644/1644
f 1630/1630/1630 1629/1629/1629 1645/1645/1645
f 1629/1629/1629 1644/1644/1644 1645/1645/1645
f 1631/1631/1631 1630/1630/1630 1646/1646/1646
f 1630/1630/1630 1645/1645/1645 1646/1646/1646
f 1632/1632/1632 1631/1631/1631 1647/1647/1647
f 1631/1631/1631 1646/1646/1646 1647/1647/1647
f 1633/1633/1633 1632/1632/1632 1648/1648/1648
f 1632/1632/1632 1647/1647/1647 1648/1648/1648
f 1635/1635/1635 1634/1634/1634 1650/1650/1650
f 1634/1634/1634 1649/1649/1649 1650/1650/1650
f 1636/1636/1636 1635/1635/1635 1651/1651/1651
f 1635/1635/1635 1650/1650/1650 1651/1651/1651
f 1637/1637/1637 1636/1636/1636 1652/1652/1652
f 1636/1636/1636 1651/1651/1651 1652/1652/1652
f 1638/1638/1638 1637/1637/1637 1653/1653/1653
f 1637/1637/1637 1652/1652/1652 1653/1653/1653
f 1639/1639/1639 1638/1638/1638 1654/1654/1654
f 1638/1638/1638 1653/1653/1653 1654/1654/1654
f 1640/1640/1640 1639/1639/1639 1655/1655/1655
f 1639/1639/1639 1654/1654/1654 1655/1655/1655
f 1641/1641/1641 1640/1640/1640 1656/1656/1656
f 1640/1640/1640 1655/1655/1655 1656/1656/1656
f 1642/1642/1642 1641/1641/1641 1657/1657/1657
f 1641/1641/1641 1656/1656/1656 1657/1657/1657
f 1643/1643/1643 1642/1642/1642 1658/1658/1658
f 1642/1642/1642 1657/1657/1657 1658/1658/1658
f 1644/1644/1644 1643/1643/1643 1659/1659/1659
f 1643/1643/1643 1658/1658/1658 1659/1659/1659
f 1645/1645/1645 1644/1644/1644 1660/1660/1660
f 1644/1644/1644 1659/1659/1659 1660/1660/1660
f 1646/1646/1646 1645/1645/1645 1661/1661/1661
f 1645/1645/1645 1660/1660/1660 1661/1661/1661
f 1647/1647/1647 1646/1646/1646 1662/1662/1662
f 1646/1646/1646 1661/1661/1661 1662/1662/1662
f 1648/1648/1648 1647/1647/1647 1663/1663/1663
f 1647/1647/1647 1662/1662/1662 1663/1663/1663
f 1650/1650/1650 1649/1649/1649 1665/1665/1665
f 1649/1649/1649 1664/1664/1664 1665/1665/1665
f 1651/1651/1651 1650/1650/1650 1666/1666/1666
f 1650/1650/1650 1665/1665/1665 1666/1666/1666
f 1652/1652/1652 1651/1651/1651 1667/1667/1667
f 1651/1651/1651 1666/1666/1666 1667/1667/1667
f 1653/1653/1653 1652/1652/1652 1668/1668/1668
f 1652/1652/1652 1667/1667/1667 1668/1668/1668
f 1654/1654/1654 1653/1653/1653 1669/1669/1669
f 1653/1653/1653 1668/1668/1668 1669/1669/1669
f 1655/1655/1655 1654/1654/1654 1670/1670/1670
f 1654/1654/1654 1669/1669/1669 1670/1670/1670
f 1656/1656/1656 1655/1655/1655 1671/1671/1671
f 1655/1655/1655 1670/1670/1670 1671/1671/1671
f 1657/1657/1657 1656/1656/1656 1672/1672/1672
f 1656/1656/1656 1671/1671/1671 1672/1672/1672
f 1658/1658/1658 1657/1657/1657 1673/1673/1673
f 1657/1657/1657 1672/1672/1672 1673/1673/1673
f 1659/1659/1659 1658/1658/1658 1674/1674/1674
f 1658/1658/1658 1673/1673/1673 1674/1674/1674
f 1660/1660/1660 1659/1659/1659 1675/1675/1675
f 1659/1659/1659 1674/1674/1674 1675/1675/1675
f 1661/1661/1661 1660/1660/1660 1676/1676/1676
f 1660/1660/1660 1675/1675/1675 1676/1676/1676
f 1662/1662/1662 1661/1661/1661 1677/1677/1677
f 1661/1661/1661 1676/1676/1676 1677/1677/1677
f 1663/1663/1663 1662/1662/1662 1678/1678/1678
f 1662/1662/1662 1677/1677/1677 1678/1678/1678
f 1665/1665/1665 1664/1664/1664 1680/1680/1680
f 1664/1664/1664 1679/1679/1679 1680/1680/1680
f 1666/1666/1666 1665/1665/1665 1681/1681/1681
f 1665/1665/1665 1680/1680/1680 1681/1681/1681
f 1667/1667/1667 1666/1666/1666 1682/1682/1682
f 1666/1666/1666 1681/1681/1681 1682/1682/1682
f 1668/1668/1668 1667/1667/1667 1683/1683/1683
f 1667/1667/1667 1682/1682/1682 1683/1683/1683
f 1669/1669/1669 1668/1668/1668 1684/1684/1684
f 1668/1668/1668 1683/1683/1683 1684/1684/1684
f 1670/1670/1670 1669/1669/1669 1685/1685/1685
f 1669/1669/1669 1684/1684/1684 1685/1685/1685
f 1671/1671/1671 1670/1670/1670 1686/1686/1686
f 1670/1670/1670 1685/1685/1685 1686/1686/1686
f 1672/1672/1672 1671/1671/1671 1687/1687/1687
f 1671/1671/1671 1686/1686/1686 1687/1687/1687
f 1673/1673/1673 1672/1672/1672 1688/1688/1688
f 1672/1672/1672 1687/1687/1687 1688/1688/1688
f 1674/1674/1674 1673/1673/1673 1689/1689/1689
f 1673/1673/1673 1688/1688/1688 1689/1689/1689
f 1675/1675/1675 1674/1674/1674 1690/1690/1690
f 1674/1674/1674 1689/1689/1689 1690/1690/1690
f 1676/1676/1676 1675/1675/1675 1691/1691/1691
f 1675/1675/1675 1690/1690/1690 1691/1691/1691
f 1677/1677/1677 1676/1676/1676 1692/1692/1692
f 1676/1676/1676 1691/1691/1691 1692/1692/1692
f 1678/1678/1678 1677/1677/1677 1693/1693/1693
f 1677/1677/1677 1692/1692/1692 1693/1693/1693
f 1680/1680/1680 1679/1679/1679 1695/1695/1695
f 1679/1679/1679 1694/1694/1694 1695/1695/1695
f 1681/1681/1681 1680/1680/1680 1696/1696/1696
f 1680/1680/1680 1695/1695/1695 1696/1696/1696
f 1682/1682/1682 1681/1681/1681 1697/1697/1697
f 1681/1681/1681 1696/1696/1696 1697/1697/1697
f 1683/1683/1683 1682/1682/1682 1698/1698/1698
f 1682/1682/1682 1697/1697/1697 1698/1698/1698
f 1684/1684/1684 1683/1683/1683 1699/1699/1699
f 1683/1683/1683 1698/1698/1698 1699/1699/1699
f 1685/1685/1685 1684/1684/1684 1700/1700/1700
f 1684/1684/1684 1699/1699/1699 1700/1700/1700
f 1686/1686/1686 1685/1685/1685 1701/1701/1701
f 1685/1685/1685 1700/1700/1700 1701/1701/1701
f 1687/1687/1687 1686/1686/1686 1702/1702/1702
f 1686/1686/1686 1701/1701/1701 1702/1702/1702
f 1688/1688/1688 1687/1687/1687 1703/1703/1703
f 1687/1687/1687 1702/1702/1702 1703/1703/1703
f 1689/1689/1689 1688/1688/1688 1704/1704/1704
f 1688/1688/1688 1703/1703/1703 1704/1704/1704
f 1690/1690/1690 1689/1689/1689 1705/1705/1705
f 1689/1689/1689 1704/1704/1704 1705/1705/1705
f 1691/1691/1691 1690/1690/1690 1706/1706/1706
f 1690/1690/1690 1705/1705/1705 1706/1706/1706
f 1692/1692/1692 1691/1691/1691 1707/1707/1707
f 1691/1691/1691 1706/1706/1706 1707/1707/1707
f 1693/1693/1693 1692/1692/1692 1708/1708/1708
f 1692/1692/1692 1707/1707/1707 1708/1708/1708
f 1695/1695/1695 1694/1694/1694 1710/1710/1710
f 1694/1694/1694 1709/1709/1709 1710/1710/1710
f 1696/1696/1696 1695/1695/1695 1711/1711/1711
f 1695/1695/1695 1710/1710/1710 1711/1711/1711
f 1697/1697/1697 1696/1696/1696 1712/1712/1712
f 1696/1696/1696 1711/1711/1711 1712/1712/1712
f 1698/1698/1698 1697/1697/1697 1713/1713/1713
f 1697/1697/1697 1712/1712/1712 1713/1713/1713
f 1699/1699/1699 1698/1698/1698 1714/1714/1714
f 1698/1698/1698 1713/1713/1713 1714/1714/1714
f 1700/1700/1700 1699/1699/1699 1715/1715/1715
f 1699/1699/1699 1714/1714/1714 1715/1715/1715
f 1701/1701/1701 1700/1700/1700 1716/1716/1716
f 1700/1700/1700 1715/1715/1715 1716/1716/1716
f 1702/1702/1702 1701/1701/1701 1717/1717/1717
f 1701/1701/1701 1716/1716/1716 1717/1717/1717
f 1703/1703/1703 1702/1702/1702 1718/1718/1718
f 1702/1702/1702 1717/1717/1717 1718/1718/1718
f 1704/1704/1704 1703/1703/1703 1719/1719/1719
f 1703/1703/1703 1718/1718/1718 1719/1719/1719
f 1705/1705/1705 1704/1704/1704 1720/1720/1720
f 1704/1704/1704 1719/1719/1719 1720/1720/1720
f 1706/1706/1706 1705/1705/1705 1721/1721/1721
f 1705/1705/1705 1720/1720/1720 1721/1721/1721
f 1707/1707/1707 1706/1706/1706 1722/1722/1722
f 1706/1706/1706 1721/1721/1721 1722/1722/1722
f 1708/1708/1708 1707/1707/1707 1723/1723/1723
f 1707/1707/1707 1722/1722/1722 1723/1723/1723
f 1710/1710/1710 1709/1709/1709 1725/1725/1725
f 1709/1709/1709 1724/1724/1724 1725/1725/1725
f 1711/1711/1711 1710/1710/1710 1726/1726/1726
f 1710/1710/1710 1725/1725/1725 1726/1726/1726
f 1712/1712/1712 1711/1711/1711 1727/1727/1727
f 1711/1711/1711 1726/1726/1726 1727/1727/1727
f 1713/1713/1713 1712/1712/1712 1728/1728/1728
f 1712/1712/1712 1727/1727/1727 1728/1728/1728
f 1714/1714/1714 1713/1713/1713 1729/1729/1729
f 1713/1713/1713 1728/1728/1728 1729/1729/1729
f 1715/1715/1715 1714/1714/1714 1730/1730/1730
f 1714/1714/1714 1729/1729/1729 1730/1730/1730
f 1716/1716/1716 1715/1715/1715 1731/1731/1731
f 1715/1715/1715 1730/1730/1730 1731/1731/1731
f 1717/1717/1717 1716/1716/1716 1732/1732/1732
f 1716/1716/1716 1731/1731/1731 1732/1732/1732
f 1718/1718/1718 1717/1717/1717 1733/1733/1733
f 1717/1717/1717 1732/1732/1732 1733/1733/1733
f 1719/1719/1719 1718/1718/1718 1734/1734/1734
f 1718/1718/1718 1733/1733/1733 1734/1734/1734
f 1720/1720/1720 1719/1719/1719 1735/1735/1735
f 1719/1719/1719 1734/1734/1734 1735/1735/1735
f 1721/1721/1721 1720/1720/1720 1736/1736/1736
f 1720/1720/1720 1735/1735/1735 1736/1736/1736
f 1722/1722/1722 1721/1721/1721 1737/1737/1737
f 1721/1721/1721 1736/1736/1736 1737/1737/1737
f 1723/1723/1723 1722/1722/1722 1738/1738/1738
f 1722/1722/1722 1737/1737/1737 1738/1738/1738
f 1725/1725/1725 1724/1724/1724 1740/1740/1740
f 1724/1724/1724 1739/1739/1739 1740/1740/1740
f 1726/1726/1726 1725/1725/1725 1741/1741/1741
f 1725/1725/1725 1740/1740/1740 1741/1741/1741
f 1727/1727/1727 1726/1726/1726 1742/1742/1742
f 1726/1726/1726 1741/1741/1741 1742/1742/1742
f 1728/1728/1728 1727/1727/1727 1743/1743/1743
f 1727/1727/1727 1742/1742/1742 1743/1743/1743
f 1729/1729/1729 1728/1728/1728 1744/1744/1744
f 1728/1728/1728 1743/1743/1743 1744/1744/1744
f 1730/1730/1730 1729/1729/1729 1745/1745/1745
f 1729/1729/1729 1744/1744/1744 1745/1745/1745
f 1731/1731/1731 1730/1730/1730 1746/1746/1746
f 1730/1730/1730 1745/1745/1745 1746/1746/1746
f 1732/1732/1732 1731/1731/1731 1747/1747/1747
f 1731/1731/1731 1746/1746/1746 1747/1747/1747
f 1733/1733/1733 1732/1732/1732 1748/1748/1748
f 1732/1732/1732 1747/1747/1747 1748/1748/1748
f 1734/1734/1734 1733/1733/1733 1749/1749/1749
f 1733/1733/1733 1748/1748/1748 1749/1749/1749
f 1735/1735/1735 1734/1734/1734 1750/1750/1750
f 1734/1734/1734 1749/1749/1749 1750/1750/1750
f 1736/1736/1736 1735/1735/1735 1751/1751/1751
f 1735/1735/1735 1750/1750/1750 1751/1751/1751
f 1737/1737/1737 1736/1736/1736 1752/1752/1752
f 1736/1736/1736 1751/1751/1751 1752/1752/1752
f 1738/1738/1738 1737/1737/1737 1753/1753/1753
f 1737/1737/1737 1752/1752/1752 1753/1753/1753
f 1740/1740/1740 1739/1739/1739 1755/1755/1755
f 1741/1741/1741 1740/1740/1740 1756/1756/1756
f 1742/1742/1742 1741/1741/1741 1757/1757/1757
f 1743/1743/1743 1742/1742/1742 1758/1758/1758
f 1744/1744/1744 1743/1743/1743 1759/1759/1759
f 1745/1745/1745 1744/1744/1744 1760/1760/1760
f 1746/1746/1746 1745/1745/1745 1761/1761/1761
f 1747/1747/1747 1746/1746/1746 1762/1762/1762
f 1748/1748/1748 1747/1747/1747 1763/1763/1763
f 1749/1749/1749 1748/1748/1748 1764/1764/1764
f 1750/1750/1750 1749/1749/1749 1765/1765/1765
f 1751/1751/1751 1750/1750/1750 1766/1766/1766
f 1752/1752/1752 1751/1751/1751 1767/1767/1767
f 1753/1753/1753 1752/1752/1752 1768/1768/1768
o skull
v 0 0.41999998688697815 0
v 0 0.41999998688697815 0
v 0 0.41999998688697815 0
v 0 0.41999998688697815 0
v 0 0.41999998688697815 0
v 0 0.41999998688697815 0
v 0 0.41999998688697815 0
v 0 0.41999998688697815 0
v 0 0.41999998688697815 0
v 0 0.41999998688697815 0
v 0 0.41999998688697815 0
v 0 0.41999998688697815 0
v 0 0.41999998688697815 0
v 0 0.41999998688697815 0
v 0 0.41999998688697815 0
v 0 0.41999998688697815 0
v 0 0.41999998688697815 0
v 0 0.41999998688697815 0
v 0 0.41999998688697815 0
v 0 0.41999998688697815 0
v 0 0.41999998688697815 0
v 0 0.41999998688697815 0
v 0 0.41999998688697815 0
v -0.07293223589658737 0.4136192500591278 0
v -0.06997796893119812 0.4136192500591278 0.02054738439619541
v -0.06135449931025505 0.4136192500591278 0.03943014144897461
v -0.047760456800460815 0.4136192500591278 0.05511850491166115
v -0.03029714524745941 0.4136192500591278 0.06634149700403214
v -0.010379339568316936 0.4136192500591278 0.07218988984823227
v 0.010379339568316936 0.4136192500591278 0.07218988984823227
v 0.03029714524745941 0.4136192500591278 0.06634149700403214
v 0.047760456800460815 0.4136192500591278 0.05511850491166115
v 0.06135449931025505 0.4136192500591278 0.03943014144897461
v 0.06997796893119812 0.4136192500591278 0.02054738439619541
v 0.07293223589658737 0.4136192500591278 8.931622457564838e-18
v 0.06997796893119812 0.4136192500591278 -0.02054738439619541
v 0.06135449931025505 0.4136192500591278 -0.03943014144897461
v 0.047760456800460815 0.4136192500591278 -0.05511850491166115
v 0.03029714524745941 0.4136192500591278 -0.06634149700403214
v 0.010379339568316936 0.4136192500591278 -0.07218988984823227
v -0.010379339568316936 0.4136192500591278 -0.07218988984823227
v -0.03029714524745941 0.4136192500591278 -0.06634149700403214
v -0.047760456800460815 0.4136192500591278 -0.05511850491166115
v -0.06135449931025505 0.4136192500591278 -0.03943014144897461
v -0.06997796893119812 0.4136192500591278 -0.02054738439619541
v -0.07293223589658737 0.4136192500591278 -1.7863244915129676e-17
v -0.14364846050739288 0.39467090368270874 0
v -0.13782969117164612 0.39467090368270874 0.04047044739127159
v -0.1208447739481926 0.39467090368270874 0.07766222208738327
v -0.09406973421573639 0.39467090368270874 0.10856226086616516
v -0.0596737265586853 0.39467090368270874 0.13066723942756653
v -0.020443307235836983 0.39467090368270874 0.14218632876873016
v 0.020443307235836983 0.39467090368270874 0.14218632876873016
v 0.0596737265586853 0.39467090368270874 0.13066723942756653
v 0.09406973421573639 0.39467090368270874 0.10856226086616516
v 0.1208447739481926 0.39467090368270874 0.07766222208738327
v 0.13782969117164612 0.39467090368270874 0.04047044739127159
v 0.14364846050739288 0.39467090368270874 1.7591863499763278e-17
v 0.13782969117164612 0.39467090368270874 -0.04047044739127159
v 0.1208447739481926 0.39467090368270874 -0.07766222208738327
v 0.09406973421573639 0.39467090368270874 -0.10856226086616516
v 0.0596737265586853 0.39467090368270874 -0.13066723942756653
v 0.020443307235836983 0.39467090368270874 -0.14218632876873016
v -0.020443307235836983 0.39467090368270874 -0.14218632876873016
v -0.0596737265586853 0.39467090368270874 -0.13066723942756653
v -0.09406973421573639 0.39467090368270874 -0.10856226086616516
v -0.1208447739481926 0.39467090368270874 -0.07766222208738327
v -0.13782969117164612 0.39467090368270874 -0.04047044739127159
v -0.14364846050739288 0.39467090368270874 -3.5183726999526556e-17
v -0.20999999344348907 0.36373066902160645 0
v -0.2014935314655304 0.36373066902160645 0.059163838624954224
v -0.17666323482990265 0.36373066902160645 0.11353456974029541
v -0.13752076029777527 0.36373066902160645 0.1587074100971222
v -0.087237149477005 0.36373066902160645 0.19102272391319275
v -0.029886115342378616 0.36373066902160645 0.2078624963760376
v 0.029886115342378616 0.36373066902160645 0.2078624963760376
v 0.087237149477005 0.36373066902160645 0.19102272391319275
v 0.13752076029777527 0.36373066902160645 0.1587074100971222
v 0.17666323482990265 0.36373066902160645 0.11353456974029541
v 0.2014935314655304 0.36373066902160645 0.059163838624954224
v 0.20999999344348907 0.36373066902160645 2.571758291167179e-17
v 0.2014935314655304 0.36373066902160645 -0.059163838624954224
v 0.17666323482990265 0.36373066902160645 -0.11353456974029541
v 0.13752076029777527 0.36373066902160645 -0.1587074100971222
v 0.087237149477005 0.36373066902160645 -0.19102272391319275
v 0.029886115342378616 0.36373066902160645 -0.2078624963760376
v -0.029886115342378616 0.36373066902160645 -0.2078624963760376
v -0.087237149477005 0.36373066902160645 -0.19102272391319275
v -0.13752076029777527 0.36373066902160645 -0.1587074100971222
v -0.17666323482990265 0.36373066902160645 -0.11353456974029541
v -0.2014935314655304 0.36373066902160645 -0.059163838624954224
v -0.20999999344348907 0.36373066902160645 -5.143516582334358e-17
v -0.2699708044528961 0.32173866033554077 0
v -0.2590350806713104 0.32173866033554077 0.07605956494808197
v -0.22711388766765594 0.32173866033554077 0.14595723152160645
v -0.17679327726364136 0.32173866033554077 0.20403032004833221
v -0.1121499240398407 0.32173866033554077 0.24557407200336456
v -0.03842084854841232 0.32173866033554077 0.26722288131713867
v 0.03842084854841232 0.32173866033554077 0.26722288131713867
v 0.1121499240398407 0.32173866033554077 0.24557407200336456
v 0.17679327726364136 0.32173866033554077 0.20403032004833221
v 0.22711388766765594 0.32173866033554077 0.14595723152160645
v 0.2590350806713104 0.32173866033554077 0.07605956494808197
v 0.2699708044528961 0.32173866033554077 3.306188630559738e-17
v 0.2590350806713104 0.32173866033554077 -0.07605956494808197
v 0.22711388766765594 0.32173866033554077 -0.14595723152160645
v 0.17679327726364136 0.32173866033554077 -0.20403032004833221
v 0.1121499240398407 0.32173866033554077 -0.24557407200336456
v 0.03842084854841232 0.32173866033554077 -0.26722288131713867
v -0.03842084854841232 0.32173866033554077 -0.26722288131713867
v -0.1121499240398407 0.32173866033554077 -0.24557407200336456
v -0.17679327726364136 0.32173866033554077 -0.20403032004833221
v -0.22711388766765594 0.32173866033554077 -0.14595723152160645
v -0.2590350806713104 0.32173866033554077 -0.07605956494808197
v -0.2699708044528961 0.32173866033554077 -6.612377261119477e-17
v -0.32173866033554077 0.2699708044528961 0
v -0.30870598554611206 0.2699708044528961 0.09064425528049469
v -0.2706637978553772 0.2699708044528961 0.17394505441188812
v -0.21069401502609253 0.2699708044528961 0.24315385520458221
v -0.13365507125854492 0.2699708044528961 0.2926637828350067
v -0.04578818753361702 0.2699708044528961 0.31846383213996887
v 0.04578818753361702 0.2699708044528961 0.31846383213996887
v 0.13365507125854492 0.2699708044528961 0.2926637828350067
v 0.21069401502609253 0.2699708044528961 0.24315385520458221
v 0.2706637978553772 0.2699708044528961 0.17394505441188812
v 0.30870598554611206 0.2699708044528961 0.09064425528049469
v 0.32173866033554077 0.2699708044528961 3.94016235133304e-17
v 0.30870598554611206 0.2699708044528961 -0.09064425528049469
v 0.2706637978553772 0.2699708044528961 -0.17394505441188812
v 0.21069401502609253 0.2699708044528961 -0.24315385520458221
v 0.13365507125854492 0.2699708044528961 -0.2926637828350067
v 0.04578818753361702 0.2699708044528961 -0.31846383213996887
v -0.04578818753361702 0.2699708044528961 -0.31846383213996887
v -0.13365507125854492 0.2699708044528961 -0.2926637828350067
v -0.21069401502609253 0.2699708044528961 -0.24315385520458221
v -0.2706637978553772 0.2699708044528961 -0.17394505441188812
v -0.30870598554611206 0.2699708044528961 -0.09064425528049469
v -0.32173866033554077 0.2699708044528961 -7.88032470266608e-17
v -0.36373066902160645 0.20999999344348907 0
v -0.3489970266819 0.20999999344348907 0.10247477144002914
v -0.30598971247673035 0.20999999344348907 0.19664764404296875
v -0.23819293081760406 0.20999999344348907 0.2748892903327942
v -0.15109917521476746 0.20999999344348907 0.33086106181144714
v -0.05176427215337753 0.20999999344348907 0.3600284159183502
v 0.05176427215337753 0.20999999344348907 0.3600284159183502
v 0.15109917521476746 0.20999999344348907 0.33086106181144714
v 0.23819293081760406 0.20999999344348907 0.2748892903327942
v 0.30598971247673035 0.20999999344348907 0.19664764404296875
v 0.3489970266819 0.20999999344348907 0.10247477144002914
v 0.36373066902160645 0.20999999344348907 4.454415905945827e-17
v 0.3489970266819 0.20999999344348907 -0.10247477144002914
v 0.30598971247673035 0.20999999344348907 -0.19664764404296875
v 0.23819293081760406 0.20999999344348907 -0.2748892903327942
v 0.15109917521476746 0.20999999344348907 -0.33086106181144714
v 0.05176427215337753 0.20999999344348907 -0.3600284159183502
v -0.05176427215337753 0.20999999344348907 -0.3600284159183502
v -0.15109917521476746 0.20999999344348907 -0.33086106181144714
v -0.23819293081760406 0.20999999344348907 -0.2748892903327942
v -0.30598971247673035 0.20999999344348907 -0.19664764404296875
v -0.3489970266819 0.20999999344348907 -0.10247477144002914
v -0.36373066902160645 0.20999999344348907 -8.908831811891654e-17
v -0.39467090368270874 0.14364846050739288 0
v -0.3786839544773102 0.14364846050739288 0.11119164526462555
v -0.33201828598976135 0.14364846050739288 0.21337519586086273
v -0.25845447182655334 0.14364846050739288 0.29827237129211426
v -0.16395221650600433 0.14364846050739288 0.35900527238845825
v -0.05616752430796623 0.14364846050739288 0.39065372943878174
v 0.05616752430796623 0.14364846050739288 0.39065372943878174
v 0.16395221650600433 0.14364846050739288 0.35900527238845825
v 0.25845447182655334 0.14364846050739288 0.29827237129211426
v 0.33201828598976135 0.14364846050739288 0.21337519586086273
v 0.3786839544773102 0.14364846050739288 0.11119164526462555
v 0.39467090368270874 0.14364846050739288 4.8333245143714626e-17
v 0.3786839544773102 0.14364846050739288 -0.11119164526462555
v 0.33201828598976135 0.14364846050739288 -0.21337519586086273
v 0.25845447182655334 0.14364846050739288 -0.29827237129211426
v 0.16395221650600433 0.14364846050739288 -0.35900527238845825
v 0.05616752430796623 0.14364846050739288 -0.39065372943878174
v -0.05616752430796623 0.14364846050739288 -0.39065372943878174
v -0.16395221650600433 0.14364846050739288 -0.35900527238845825
v -0.25845447182655334 0.14364846050739288 -0.29827237129211426
v -0.33201828598976135 0.14364846050739288 -0.21337519586086273
v -0.3786839544773102 0.14364846050739288 -0.11119164526462555
v -0.39467090368270874 0.14364846050739288 -9.666649028742925e-17
v -0.4136192500591278 0.07293223589658737 0
v -0.39686477184295654 0.07293223589658737 0.11653000861406326
v -0.34795865416526794 0.07293223589658737 0.22361944615840912
v -0.27086299657821655 0.07293223589658737 0.3125925660133362
v -0.171823650598526 0.07293223589658737 0.3762412965297699
v -0.058864157646894455 0.07293223589658737 0.40940919518470764
v 0.058864157646894455 0.07293223589658737 0.40940919518470764
v 0.171823650598526 0.07293223589658737 0.3762412965297699
v 0.27086299657821655 0.07293223589658737 0.3125925660133362
v 0.34795865416526794 0.07293223589658737 0.22361944615840912
v 0.39686477184295654 0.07293223589658737 0.11653000861406326
v 0.4136192500591278 0.07293223589658737 5.0653751459721886e-17
v 0.39686477184295654 0.07293223589658737 -0.11653000861406326
v 0.34795865416526794 0.07293223589658737 -0.22361944615840912
v 0.27086299657821655 0.07293223589658737 -0.3125925660133362
v 0.171823650598526 0.07293223589658737 -0.3762412965297699
v 0.058864157646894455 0.07293223589658737 -0.40940919518470764
v -0.058864157646894455 0.07293223589658737 -0.40940919518470764
v -0.171823650598526 0.07293223589658737 -0.3762412965297699
v -0.27086299657821655 0.07293223589658737 -0.3125925660133362
v -0.34795865416526794 0.07293223589658737 -0.22361944615840912
v -0.39686477184295654 0.07293223589658737 -0.11653000861406326
v -0.4136192500591278 0.07293223589658737 -1.0130750291944377e-16
v -0.41999998688697815 2.571758291167179e-17 0
v -0.4029870629310608 2.571758291167179e-17 0.11832767724990845
v -0.3533264696598053 2.571758291167179e-17 0.22706913948059082
v -0.27504152059555054 2.571758291167179e-17 0.3174148201942444
v -0.17447429895401 2.571758291167179e-17 0.3820454478263855
v -0.05977223068475723 2.571758291167179e-17 0.4157249927520752
v 0.05977223068475723 2.571758291167179e-17 0.4157249927520752
v 0.17447429895401 2.571758291167179e-17 0.3820454478263855
v 0.27504152059555054 2.571758291167179e-17 0.3174148201942444
v 0.3533264696598053 2.571758291167179e-17 0.22706913948059082
v 0.4029870629310608 2.571758291167179e-17 0.11832767724990845
v 0.41999998688697815 2.571758291167179e-17 5.143516582334358e-17
v 0.4029870629310608 2.571758291167179e-17 -0.11832767724990845
v 0.3533264696598053 2.571758291167179e-17 -0.22706913948059082
v 0.27504152059555054 2.571758291167179e-17 -0.3174148201942444
v 0.17447429895401 2.571758291167179e-17 -0.3820454478263855
v 0.05977223068475723 2.571758291167179e-17 -0.4157249927520752
v -0.05977223068475723 2.571758291167179e-17 -0.4157249927520752
v -0.17447429895401 2.571758291167179e-17 -0.3820454478263855
v -0.27504152059555054 2.571758291167179e-17 -0.3174148201942444
v -0.3533264696598053 2.571758291167179e-17 -0.22706913948059082
v -0.4029870629310608 2.571758291167179e-17 -0.11832767724990845
v -0.41999998688697815 2.571758291167179e-17 -1.0287033164668716e-16
v -0.4136192500591278 -0.07293223589658737 0
v -0.39686477184295654 -0.07293223589658737 0.11653000861406326
v -0.34795865416526794 -0.07293223589658737 0.22361944615840912
v -0.27086299657821655 -0.07293223589658737 0.3125925660133362
v -0.171823650598526 -0.07293223589658737 0.3762412965297699
v -0.058864157646894455 -0.07293223589658737 0.40940919518470764
v 0.058864157646894455 -0.07293223589658737 0.40940919518470764
v 0.171823650598526 -0.07293223589658737 0.3762412965297699
v 0.27086299657821655 -0.07293223589658737 0.3125925660133362
v 0.34795865416526794 -0.07293223589658737 0.22361944615840912
v 0.39686477184295654 -0.07293223589658737 0.11653000861406326
v 0.4136192500591278 -0.07293223589658737 5.0653751459721886e-17
v 0.39686477184295654 -0.07293223589658737 -0.11653000861406326
v 0.34795865416526794 -0.07293223589658737 -0.22361944615840912
v 0.27086299657821655 -0.07293223589658737 -0.3125925660133362
v 0.171823650598526 -0.07293223589658737 -0.3762412965297699
v 0.058864157646894455 -0.07293223589658737 -0.40940919518470764
v -0.058864157646894455 -0.07293223589658737 -0.40940919518470764
v -0.171823650598526 -0.07293223589658737 -0.3762412965297699
v -0.27086299657821655 -0.07293223589658737 -0.3125925660133362
v -0.34795865416526794 -0.07293223589658737 -0.22361944615840912
v -0.39686477184295654 -0.07293223589658737 -0.11653000861406326
v -0.4136192500591278 -0.07293223589658737 -1.0130750291944377e-16
v -0.39467090368270874 -0.14364846050739288 0
v -0.3786839544773102 -0.14364846050739288 0.11119164526462555
v -0.33201828598976135 -0.14364846050739288 0.21337519586086273
v -0.25845447182655334 -0.14364846050739288 0.29827237129211426
v -0.16395221650600433 -0.14364846050739288 0.35900527238845825
v -0.05616752430796623 -0.14364846050739288 0.39065372943878174
v 0.05616752430796623 -0.14364846050739288 0.39065372943878174
v 0.16395221650600433 -0.14364846050739288 0.35900527238845825
v 0.25845447182655334 -0.14364846050739288 0.29827237129211426
v 0.33201828598976135 -0.14364846050739288 0.21337519586086273
v 0.3786839544773102 -0.14364846050739288 0.11119164526462555
v 0.39467090368270874 -0.14364846050739288 4.8333245143714626e-17
v 0.3786839544773102 -0.14364846050739288 -0.11119164526462555
v 0.33201828598976135 -0.14364846050739288 -0.21337519586086273
v 0.25845447182655334 -0.14364846050739288 -0.29827237129211426
v 0.16395221650600433 -0.14364846050739288 -0.35900527238845825
v 0.05616752430796623 -0.14364846050739288 -0.39065372943878174
v -0.05616752430796623 -0.14364846050739288 -0.39065372943878174
v -0.16395221650600433 -0.14364846050739288 -0.35900527238845825
v -0.25845447182655334 -0.14364846050739288 -0.29827237129211426
v -0.33201828598976135 -0.14364846050739288 -0.21337519586086273
v -0.3786839544773102 -0.14364846050739288 -0.11119164526462555
v -0.39467090368270874 -0.14364846050739288 -9.666649028742925e-17
v -0.36373066902160645 -0.20999999344348907 0
v -0.3489970266819 -0.20999999344348907 0.10247477144002914
v -0.30598971247673035 -0.20999999344348907 0.19664764404296875
v -0.23819293081760406 -0.20999999344348907 0.2748892903327942
v -0.15109917521476746 -0.20999999344348907 0.33086106181144714
v -0.05176427215337753 -0.20999999344348907 0.3600284159183502
v 0.05176427215337753 -0.20999999344348907 0.3600284159183502
v 0.15109917521476746 -0.20999999344348907 0.33086106181144714
v 0.23819293081760406 -0.20999999344348907 0.2748892903327942
v 0.30598971247673035 -0.20999999344348907 0.19664764404296875
v 0.3489970266819 -0.20999999344348907 0.10247477144002914
v 0.36373066902160645 -0.20999999344348907 4.454415905945827e-17
v 0.3489970266819 -0.20999999344348907 -0.10247477144002914
v 0.30598971247673035 -0.20999999344348907 -0.19664764404296875
v 0.23819293081760406 -0.20999999344348907 -0.2748892903327942
v 0.15109917521476746 -0.20999999344348907 -0.33086106181144714
v 0.05176427215337753 -0.20999999344348907 -0.3600284159183502
v -0.05176427215337753 -0.20999999344348907 -0.3600284159183502
v -0.15109917521476746 -0.20999999344348907 -0.33086106181144714
v -0.23819293081760406 -0.20999999344348907 -0.2748892903327942
v -0.30598971247673035 -0.20999999344348907 -0.19664764404296875
v -0.3489970266819 -0.20999999344348907 -0.10247477144002914
v -0.36373066902160645 -0.20999999344348907 -8.908831811891654e-17
v -0.32173866033554077 -0.2699708044528961 0
v -0.30870598554611206 -0.2699708044528961 0.09064425528049469
v -0.2706637978553772 -0.2699708044528961 0.17394505441188812
v -0.21069401502609253 -0.2699708044528961 0.24315385520458221
v -0.13365507125854492 -0.2699708044528961 0.2926637828350067
v -0.04578818753361702 -0.2699708044528961 0.31846383213996887
v 0.04578818753361702 -0.2699708044528961 0.31846383213996887
v 0.13365507125854492 -0.2699708044528961 0.2926637828350067
v 0.21069401502609253 -0.2699708044528961 0.24315385520458221
v 0.2706637978553772 -0.2699708044528961 0.17394505441188812
v 0.30870598554611206 -0.2699708044528961 0.09064425528049469
v 0.32173866033554077 -0.2699708044528961 3.94016235133304e-17
v 0.30870598554611206 -0.2699708044528961 -0.09064425528049469
v 0.2706637978553772 -0.2699708044528961 -0.17394505441188812
v 0.21069401502609253 -0.2699708044528961 -0.24315385520458221
v 0.13365507125854492 -0.2699708044528961 -0.2926637828350067
v 0.04578818753361702 -0.2699708044528961 -0.31846383213996887
v -0.04578818753361702 -0.2699708044528961 -0.31846383213996887
v -0.13365507125854492 -0.2699708044528961 -0.2926637828350067
v -0.21069401502609253 -0.2699708044528961 -0.24315385520458221
v -0.2706637978553772 -0.2699708044528961 -0.17394505441188812
v -0.30870598554611206 -0.2699708044528961 -0.09064425528049469
v -0.32173866033554077 -0.2699708044528961 -7.88032470266608e-17
v -0.2699708044528961 -0.32173866033554077 0
v -0.2590350806713104 -0.32173866033554077 0.07605956494808197
v -0.22711388766765594 -0.32173866033554077 0.14595723152160645
v -0.17679327726364136 -0.32173866033554077 0.20403032004833221
v -0.1121499240398407 -0.32173866033554077 0.24557407200336456
v -0.03842084854841232 -0.32173866033554077 0.26722288131713867
v 0.03842084854841232 -0.32173866033554077 0.26722288131713867
v 0.1121499240398407 -0.32173866033554077 0.24557407200336456
v 0.17679327726364136 -0.32173866033554077 0.20403032004833221
v 0.22711388766765594 -0.32173866033554077 0.14595723152160645
v 0.2590350806713104 -0.32173866033554077 0.07605956494808197
v 0.2699708044528961 -0.32173866033554077 3.306188630559738e-17
v 0.2590350806713104 -0.32173866033554077 -0.07605956494808197
v 0.22711388766765594 -0.32173866033554077 -0.14595723152160645
v 0.17679327726364136 -0.32173866033554077 -0.20403032004833221
v 0.1121499240398407 -0.32173866033554077 -0.24557407200336456
v 0.03842084854841232 -0.32173866033554077 -0.26722288131713867
v -0.03842084854841232 -0.32173866033554077 -0.26722288131713867
v -0.1121499240398407 -0.32173866033554077 -0.24557407200336456
v -0.17679327726364136 -0.32173866033554077 -0.20403032004833221
v -0.22711388766765594 -0.32173866033554077 -0.14595723152160645
v -0.2590350806713104 -0.32173866033554077 -0.07605956494808197
v -0.2699708044528961 -0.32173866033554077 -6.612377261119477e-17
v -0.20999999344348907 -0.36373066902160645 0
v -0.2014935314655304 -0.36373066902160645 0.059163838624954224
v -0.17666323482990265 -0.36373066902160645 0.11353456974029541
v -0.13752076029777527 -0.36373066902160645 0.1587074100971222
v -0.087237149477005 -0.36373066902160645 0.19102272391319275
v -0.029886115342378616 -0.36373066902160645 0.2078624963760376
v 0.029886115342378616 -0.36373066902160645 0.2078624963760376
v 0.087237149477005 -0.36373066902160645 0.19102272391319275
v 0.13752076029777527 -0.36373066902160645 0.1587074100971222
v 0.17666323482990265 -0.36373066902160645 0.11353456974029541
v 0.2014935314655304 -0.36373066902160645 0.059163838624954224
v 0.20999999344348907 -0.36373066902160645 2.571758291167179e-17
v 0.2014935314655304 -0.36373066902160645 -0.059163838624954224
v 0.17666323482990265 -0.36373066902160645 -0.11353456974029541
v 0.13752076029777527 -0.36373066902160645 -0.1587074100971222
v 0.087237149477005 -0.36373066902160645 -0.19102272391319275
v 0.029886115342378616 -0.36373066902160645 -0.2078624963760376
v -0.029886115342378616 -0.36373066902160645 -0.2078624963760376
v -0.087237149477005 -0.36373066902160645 -0.19102272391319275
v -0.13752076029777527 -0.36373066902160645 -0.1587074100971222
v -0.17666323482990265 -0.36373066902160645 -0.11353456974029541
v -0.2014935314655304 -0.36373066902160645 -0.059163838624954224
v -0.20999999344348907 -0.36373066902160645 -5.143516582334358e-17
v -0.14364846050739288 -0.39467090368270874 0
v -0.13782969117164612 -0.39467090368270874 0.04047044739127159
v -0.1208447739481926 -0.39467090368270874 0.07766222208738327
v -0.09406973421573639 -0.39467090368270874 0.10856226086616516
v -0.0596737265586853 -0.39467090368270874 0.13066723942756653
v -0.020443307235836983 -0.39467090368270874 0.14218632876873016
v 0.020443307235836983 -0.39467090368270874 0.14218632876873016
v 0.0596737265586853 -0.39467090368270874 0.13066723942756653
v 0.09406973421573639 -0.39467090368270874 0.10856226086616516
v 0.1208447739481926 -0.39467090368270874 0.07766222208738327
v 0.13782969117164612 -0.39467090368270874 0.04047044739127159
v 0.14364846050739288 -0.39467090368270874 1.7591863499763278e-17
v 0.13782969117164612 -0.39467090368270874 -0.04047044739127159
v 0.1208447739481926 -0.39467090368270874 -0.07766222208738327
v 0.09406973421573639 -0.39467090368270874 -0.10856226086616516
v 0.0596737265586853 -0.39467090368270874 -0.13066723942756653
v 0.020443307235836983 -0.39467090368270874 -0.14218632876873016
v -0.020443307235836983 -0.39467090368270874 -0.14218632876873016
v -0.0596737265586853 -0.39467090368270874 -0.13066723942756653
v -0.09406973421573639 -0.39467090368270874 -0.10856226086616516
v -0.1208447739481926 -0.39467090368270874 -0.07766222208738327
v -0.13782969117164612 -0.39467090368270874 -0.04047044739127159
v -0.14364846050739288 -0.39467090368270874 -3.5183726999526556e-17
v -0.07293223589658737 -0.4136192500591278 0
v -0.06997796893119812 -0.4136192500591278 0.02054738439619541
v -0.06135449931025505 -0.4136192500591278 0.03943014144897461
v -0.047760456800460815 -0.4136192500591278 0.05511850491166115
v -0.03029714524745941 -0.4136192500591278 0.06634149700403214
v -0.010379339568316936 -0.4136192500591278 0.07218988984823227
v 0.010379339568316936 -0.4136192500591278 0.07218988984823227
v 0.03029714524745941 -0.4136192500591278 0.06634149700403214
v 0.047760456800460815 -0.4136192500591278 0.05511850491166115
v 0.06135449931025505 -0.4136192500591278 0.03943014144897461
v 0.06997796893119812 -0.4136192500591278 0.02054738439619541
v 0.07293223589658737 -0.4136192500591278 8.931622457564838e-18
v 0.06997796893119812 -0.4136192500591278 -0.02054738439619541
v 0.06135449931025505 -0.4136192500591278 -0.03943014144897461
v 0.047760456800460815 -0.4136192500591278 -0.05511850491166115
v 0.03029714524745941 -0.4136192500591278 -0.06634149700403214
v 0.010379339568316936 -0.4136192500591278 -0.07218988984823227
v -0.010379339568316936 -0.4136192500591278 -0.07218988984823227
v -0.03029714524745941 -0.4136192500591278 -0.06634149700403214
v -0.047760456800460815 -0.4136192500591278 -0.05511850491166115
v -0.06135449931025505 -0.4136192500591278 -0.03943014144897461
v -0.06997796893119812 -0.4136192500591278 -0.02054738439619541
v -0.07293223589658737 -0.4136192500591278 -1.7863244915129676e-17
v -5.143516582334358e-17 -0.41999998688697815 0
v -4.9351679840057265e-17 -0.41999998688697815 1.4490960252287765e-17
v -4.327001636599589e-17 -0.41999998688697815 2.780794938329332e-17
v -3.368287064377564e-17 -0.41999998688697815 3.8872105498565806e-17
v -2.1366940453165435e-17 -0.41999998688697815 4.6787072525285607e-17
v -7.319987592638984e-18 -0.41999998688697815 5.091162997876897e-17
v 7.319987592638984e-18 -0.41999998688697815 5.091162997876897e-17
v 2.1366940453165435e-17 -0.41999998688697815 4.6787072525285607e-17
v 3.368287064377564e-17 -0.41999998688697815 3.8872105498565806e-17
v 4.327001636599589e-17 -0.41999998688697815 2.780794938329332e-17
v 4.9351679840057265e-17 -0.41999998688697815 1.4490960252287765e-17
v 5.143516582334358e-17 -0.41999998688697815 6.298990804004863e-33
v 4.9351679840057265e-17 -0.41999998688697815 -1.4490960252287765e-17
v 4.327001636599589e-17 -0.41999998688697815 -2.780794938329332e-17
v 3.368287064377564e-17 -0.41999998688697815 -3.8872105498565806e-17
v 2.1366940453165435e-17 -0.41999998688697815 -4.6787072525285607e-17
v 7.319987592638984e-18 -0.41999998688697815 -5.091162997876897e-17
v -7.319987592638984e-18 -0.41999998688697815 -5.091162997876897e-17
v -2.1366940453165435e-17 -0.41999998688697815 -4.6787072525285607e-17
v -3.368287064377564e-17 -0.41999998688697815 -3.8872105498565806e-17
v -4.327001636599589e-17 -0.41999998688697815 -2.780794938329332e-17
v -4.9351679840057265e-17 -0.41999998688697815 -1.4490960252287765e-17
v -5.143516582334358e-17 -0.41999998688697815 -1.2597981608009726e-32
vt 0.022727273404598236 1
vt 0.06818182021379471 1
vt 0.11363636702299118 1
vt 0.15909090638160706 1
vt 0.20454545319080353 1
vt 0.25 1
vt 0.2954545319080353 1
vt 0.34090909361839294 1
vt 0.3863636255264282 1
vt 0.4318181872367859 1
vt 0.47727271914482117 1
vt 0.5227272510528564 1
vt 0.5681818127632141 1
vt 0.6136363744735718 1
vt 0.6590909361839294 1
vt 0.7045454382896423 1
vt 0.75 1
vt 0.7954545617103577 1
vt 0.8409090638160706 1
vt 0.8863636255264282 1
vt 0.9318181872367859 1
vt 0.9772727489471436 1
vt 1.0227272510528564 1
vt 0 0.9444444179534912
vt 0.04545454680919647 0.9444444179534912
vt 0.09090909361839294 0.9444444179534912
vt 0.13636364042758942 0.9444444179534912
vt 0.1818181872367859 0.9444444179534912
vt 0.22727273404598236 0.9444444179534912
vt 0.27272728085517883 0.9444444179534912
vt 0.3181818127632141 0.9444444179534912
vt 0.3636363744735718 0.9444444179534912
vt 0.40909090638160706 0.9444444179534912
vt 0.4545454680919647 0.9444444179534912
vt 0.5 0.9444444179534912
vt 0.5454545617103577 0.9444444179534912
vt 0.5909090638160706 0.9444444179534912
vt 0.6363636255264282 0.9444444179534912
vt 0.6818181872367859 0.9444444179534912
vt 0.7272727489471436 0.9444444179534912
vt 0.7727272510528564 0.9444444179534912
vt 0.8181818127632141 0.9444444179534912
vt 0.8636363744735718 0.9444444179534912
vt 0.9090909361839294 0.9444444179534912
vt 0.9545454382896423 0.9444444179534912
vt 1 0.9444444179534912
vt 0 0.8888888955116272
vt 0.04545454680919647 0.8888888955116272
vt 0.09090909361839294 0.8888888955116272
vt 0.13636364042758942 0.8888888955116272
vt 0.1818181872367859 0.8888888955116272
vt 0.22727273404598236 0.8888888955116272
vt 0.27272728085517883 0.8888888955116272
vt 0.3181818127632141 0.8888888955116272
vt 0.3636363744735718 0.8888888955116272
vt 0.40909090638160706 0.8888888955116272
vt 0.4545454680919647 0.8888888955116272
vt 0.5 0.8888888955116272
vt 0.5454545617103577 0.8888888955116272
vt 0.5909090638160706 0.8888888955116272
vt 0.6363636255264282 0.8888888955116272
vt 0.6818181872367859 0.8888888955116272
vt 0.7272727489471436 0.8888888955116272
vt 0.7727272510528564 0.8888888955116272
vt 0.8181818127632141 0.8888888955116272
vt 0.8636363744735718 0.8888888955116272
vt 0.9090909361839294 0.8888888955116272
vt 0.9545454382896423 0.8888888955116272
vt 1 0.8888888955116272
vt 0 0.8333333134651184
vt 0.04545454680919647 0.8333333134651184
vt 0.09090909361839294 0.8333333134651184
vt 0.13636364042758942 0.8333333134651184
vt 0.1818181872367859 0.8333333134651184
vt 0.22727273404598236 0.8333333134651184
vt 0.27272728085517883 0.8333333134651184
vt 0.3181818127632141 0.8333333134651184
vt 0.3636363744735718 0.8333333134651184
vt 0.40909090638160706 0.8333333134651184
vt 0.4545454680919647 0.8333333134651184
vt 0.5 0.8333333134651184
vt 0.5454545617103577 0.8333333134651184
vt 0.5909090638160706 0.8333333134651184
vt 0.6363636255264282 0.8333333134651184
vt 0.6818181872367859 0.8333333134651184
vt 0.7272727489471436 0.8333333134651184
vt 0.7727272510528564 0.8333333134651184
vt 0.8181818127632141 0.8333333134651184
vt 0.8636363744735718 0.8333333134651184
vt 0.9090909361839294 0.8333333134651184
vt 0.9545454382896423 0.8333333134651184
vt 1 0.8333333134651184
vt 0 0.7777777910232544
vt 0.04545454680919647 0.7777777910232544
vt 0.09090909361839294 0.7777777910232544
vt 0.13636364042758942 0.7777777910232544
vt 0.1818181872367859 0.7777777910232544
vt 0.22727273404598236 0.7777777910232544
vt 0.27272728085517883 0.7777777910232544
vt 0.3181818127632141 0.7777777910232544
vt 0.3636363744735718 0.7777777910232544
vt 0.40909090638160706 0.7777777910232544
vt 0.4545454680919647 0.7777777910232544
vt 0.5 0.7777777910232544
vt 0.5454545617103577 0.7777777910232544
vt 0.5909090638160706 0.7777777910232544
vt 0.6363636255264282 0.7777777910232544
vt 0.6818181872367859 0.7777777910232544
vt 0.7272727489471436 0.7777777910232544
vt 0.7727272510528564 0.7777777910232544
vt 0.8181818127632141 0.7777777910232544
vt 0.8636363744735718 0.7777777910232544
vt 0.9090909361839294 0.7777777910232544
vt 0.9545454382896423 0.7777777910232544
vt 1 0.7777777910232544
vt 0 0.7222222089767456
vt 0.04545454680919647 0.7222222089767456
vt 0.09090909361839294 0.7222222089767456
vt 0.13636364042758942 0.7222222089767456
vt 0.1818181872367859 0.7222222089767456
vt 0.22727273404598236 0.7222222089767456
vt 0.27272728085517883 0.7222222089767456
vt 0.3181818127632141 0.7222222089767456
vt 0.3636363744735718 0.7222222089767456
vt 0.40909090638160706 0.7222222089767456
vt 0.4545454680919647 0.7222222089767456
vt 0.5 0.7222222089767456
vt 0.5454545617103577 0.7222222089767456
vt 0.5909090638160706 0.7222222089767456
vt 0.6363636255264282 0.7222222089767456
vt 0.6818181872367859 0.7222222089767456
vt 0.7272727489471436 0.7222222089767456
vt 0.7727272510528564 0.7222222089767456
vt 0.8181818127632141 0.7222222089767456
vt 0.8636363744735718 0.7222222089767456
vt 0.9090909361839294 0.7222222089767456
vt 0.9545454382896423 0.7222222089767456
vt 1 0.7222222089767456
vt 0 0.6666666865348816
vt 0.04545454680919647 0.6666666865348816
vt 0.09090909361839294 0.6666666865348816
vt 0.13636364042758942 0.6666666865348816
vt 0.1818181872367859 0.6666666865348816
vt 0.22727273404598236 0.6666666865348816
vt 0.27272728085517883 0.6666666865348816
vt 0.3181818127632141 0.6666666865348816
vt 0.3636363744735718 0.6666666865348816
vt 0.40909090638160706 0.6666666865348816
vt 0.4545454680919647 0.6666666865348816
vt 0.5 0.6666666865348816
vt 0.5454545617103577 0.6666666865348816
vt 0.5909090638160706 0.6666666865348816
vt 0.6363636255264282 0.6666666865348816
vt 0.6818181872367859 0.6666666865348816
vt 0.7272727489471436 0.6666666865348816
vt 0.7727272510528564 0.6666666865348816
vt 0.8181818127632141 0.6666666865348816
vt 0.8636363744735718 0.6666666865348816
vt 0.9090909361839294 0.6666666865348816
vt 0.9545454382896423 0.6666666865348816
vt 1 0.6666666865348816
vt 0 0.6111111044883728
vt 0.04545454680919647 0.6111111044883728
vt 0.09090909361839294 0.6111111044883728
vt 0.13636364042758942 0.6111111044883728
vt 0.1818181872367859 0.6111111044883728
vt 0.22727273404598236 0.6111111044883728
vt 0.27272728085517883 0.6111111044883728
vt 0.3181818127632141 0.6111111044883728
vt 0.3636363744735718 0.6111111044883728
vt 0.40909090638160706 0.6111111044883728
vt 0.4545454680919647 0.6111111044883728
vt 0.5 0.6111111044883728
vt 0.5454545617103577 0.6111111044883728
vt 0.5909090638160706 0.6111111044883728
vt 0.6363636255264282 0.6111111044883728
vt 0.6818181872367859 0.6111111044883728
vt 0.7272727489471436 0.6111111044883728
vt 0.7727272510528564 0.6111111044883728
vt 0.8181818127632141 0.6111111044883728
vt 0.8636363744735718 0.6111111044883728
vt 0.9090909361839294 0.6111111044883728
vt 0.9545454382896423 0.6111111044883728
vt 1 0.6111111044883728
vt 0 0.5555555820465088
vt 0.04545454680919647 0.5555555820465088
vt 0.09090909361839294 0.5555555820465088
vt 0.13636364042758942 0.5555555820465088
vt 0.1818181872367859 0.5555555820465088
vt 0.22727273404598236 0.5555555820465088
vt 0.27272728085517883 0.5555555820465088
vt 0.3181818127632141 0.5555555820465088
vt 0.3636363744735718 0.5555555820465088
vt 0.40909090638160706 0.5555555820465088
vt 0.4545454680919647 0.5555555820465088
vt 0.5 0.5555555820465088
vt 0.5454545617103577 0.5555555820465088
vt 0.5909090638160706 0.5555555820465088
vt 0.6363636255264282 0.5555555820465088
vt 0.6818181872367859 0.5555555820465088
vt 0.7272727489471436 0.5555555820465088
vt 0.7727272510528564 0.5555555820465088
vt 0.8181818127632141 0.5555555820465088
vt 0.8636363744735718 0.5555555820465088
vt 0.9090909361839294 0.5555555820465088
vt 0.9545454382896423 0.5555555820465088
vt 1 0.5555555820465088
vt 0 0.5
vt 0.04545454680919647 0.5
vt 0.09090909361839294 0.5
vt 0.13636364042758942 0.5
vt 0.1818181872367859 0.5
vt 0.22727273404598236 0.5
vt 0.27272728085517883 0.5
vt 0.3181818127632141 0.5
vt 0.3636363744735718 0.5
vt 0.40909090638160706 0.5
vt 0.4545454680919647 0.5
vt 0.5 0.5
vt 0.5454545617103577 0.5
vt 0.5909090638160706 0.5
vt 0.6363636255264282 0.5
vt 0.6818181872367859 0.5
vt 0.7272727489471436 0.5
vt 0.7727272510528564 0.5
vt 0.8181818127632141 0.5
vt 0.8636363744735718 0.5
vt 0.9090909361839294 0.5
vt 0.9545454382896423 0.5
vt 1 0.5
vt 0 0.4444444477558136
vt 0.04545454680919647 0.4444444477558136
vt 0.09090909361839294 0.4444444477558136
vt 0.13636364042758942 0.4444444477558136
vt 0.1818181872367859 0.4444444477558136
vt 0.22727273404598236 0.4444444477558136
vt 0.27272728085517883 0.4444444477558136
vt 0.3181818127632141 0.4444444477558136
vt 0.3636363744735718 0.4444444477558136
vt 0.40909090638160706 0.4444444477558136
vt 0.4545454680919647 0.4444444477558136
vt 0.5 0.4444444477558136
vt 0.5454545617103577 0.4444444477558136
vt 0.5909090638160706 0.4444444477558136
vt 0.6363636255264282 0.4444444477558136
vt 0.6818181872367859 0.4444444477558136
vt 0.7272727489471436 0.4444444477558136
vt 0.7727272510528564 0.4444444477558136
vt 0.8181818127632141 0.4444444477558136
vt 0.8636363744735718 0.4444444477558136
vt 0.9090909361839294 0.4444444477558136
vt 0.9545454382896423 0.4444444477558136
vt 1 0.4444444477558136
vt 0 0.3888888955116272
vt 0.04545454680919647 0.3888888955116272
vt 0.09090909361839294 0.3888888955116272
vt 0.13636364042758942 0.3888888955116272
vt 0.1818181872367859 0.3888888955116272
vt 0.22727273404598236 0.3888888955116272
vt 0.27272728085517883 0.3888888955116272
vt 0.3181818127632141 0.3888888955116272
vt 0.3636363744735718 0.3888888955116272
vt 0.40909090638160706 0.3888888955116272
vt 0.4545454680919647 0.3888888955116272
vt 0.5 0.3888888955116272
vt 0.5454545617103577 0.3888888955116272
vt 0.5909090638160706 0.3888888955116272
vt 0.6363636255264282 0.3888888955116272
vt 0.6818181872367859 0.3888888955116272
vt 0.7272727489471436 0.3888888955116272
vt 0.7727272510528564 0.3888888955116272
vt 0.8181818127632141 0.3888888955116272
vt 0.8636363744735718 0.3888888955116272
vt 0.9090909361839294 0.3888888955116272
vt 0.9545454382896423 0.3888888955116272
vt 1 0.3888888955116272
vt 0 0.3333333432674408
vt 0.04545454680919647 0.3333333432674408
vt 0.09090909361839294 0.3333333432674408
vt 0.13636364042758942 0.3333333432674408
vt 0.1818181872367859 0.3333333432674408
vt 0.22727273404598236 0.3333333432674408
vt 0.27272728085517883 0.3333333432674408
vt 0.3181818127632141 0.3333333432674408
vt 0.3636363744735718 0.3333333432674408
vt 0.40909090638160706 0.3333333432674408
vt 0.4545454680919647 0.3333333432674408
vt 0.5 0.3333333432674408
vt 0.5454545617103577 0.3333333432674408
vt 0.5909090638160706 0.3333333432674408
vt 0.6363636255264282 0.3333333432674408
vt 0.6818181872367859 0.3333333432674408
vt 0.7272727489471436 0.3333333432674408
vt 0.7727272510528564 0.3333333432674408
vt 0.8181818127632141 0.3333333432674408
vt 0.8636363744735718 0.3333333432674408
vt 0.9090909361839294 0.3333333432674408
vt 0.9545454382896423 0.3333333432674408
vt 1 0.3333333432674408
vt 0 0.2777777910232544
vt 0.04545454680919647 0.2777777910232544
vt 0.09090909361839294 0.2777777910232544
vt 0.13636364042758942 0.2777777910232544
vt 0.1818181872367859 0.2777777910232544
vt 0.22727273404598236 0.2777777910232544
vt 0.27272728085517883 0.2777777910232544
vt 0.3181818127632141 0.2777777910232544
vt 0.3636363744735718 0.2777777910232544
vt 0.40909090638160706 0.2777777910232544
vt 0.4545454680919647 0.2777777910232544
vt 0.5 0.2777777910232544
vt 0.5454545617103577 0.2777777910232544
vt 0.5909090638160706 0.2777777910232544
vt 0.6363636255264282 0.2777777910232544
vt 0.6818181872367859 0.2777777910232544
vt 0.7272727489471436 0.2777777910232544
vt 0.7727272510528564 0.2777777910232544
vt 0.8181818127632141 0.2777777910232544
vt 0.8636363744735718 0.2777777910232544
vt 0.9090909361839294 0.2777777910232544
vt 0.9545454382896423 0.2777777910232544
vt 1 0.2777777910232544
vt 0 0.2222222238779068
vt 0.04545454680919647 0.2222222238779068
vt 0.09090909361839294 0.2222222238779068
vt 0.13636364042758942 0.2222222238779068
vt 0.1818181872367859 0.2222222238779068
vt 0.22727273404598236 0.2222222238779068
vt 0.27272728085517883 0.2222222238779068
vt 0.3181818127632141 0.2222222238779068
vt 0.3636363744735718 0.2222222238779068
vt 0.40909090638160706 0.2222222238779068
vt 0.4545454680919647 0.2222222238779068
vt 0.5 0.2222222238779068
vt 0.5454545617103577 0.2222222238779068
vt 0.5909090638160706 0.2222222238779068
vt 0.6363636255264282 0.2222222238779068
vt 0.6818181872367859 0.2222222238779068
vt 0.7272727489471436 0.2222222238779068
vt 0.7727272510528564 0.2222222238779068
vt 0.8181818127632141 0.2222222238779068
vt 0.8636363744735718 0.2222222238779068
vt 0.9090909361839294 0.2222222238779068
vt 0.9545454382896423 0.2222222238779068
vt 1 0.2222222238779068
vt 0 0.1666666716337204
vt 0.04545454680919647 0.1666666716337204
vt 0.09090909361839294 0.1666666716337204
vt 0.13636364042758942 0.1666666716337204
vt 0.1818181872367859 0.1666666716337204
vt 0.22727273404598236 0.1666666716337204
vt 0.27272728085517883 0.1666666716337204
vt 0.3181818127632141 0.1666666716337204
vt 0.3636363744735718 0.1666666716337204
vt 0.40909090638160706 0.1666666716337204
vt 0.4545454680919647 0.1666666716337204
vt 0.5 0.1666666716337204
vt 0.5454545617103577 0.1666666716337204
vt 0.5909090638160706 0.1666666716337204
vt 0.6363636255264282 0.1666666716337204
vt 0.6818181872367859 0.1666666716337204
vt 0.7272727489471436 0.1666666716337204
vt 0.7727272510528564 0.1666666716337204
vt 0.8181818127632141 0.1666666716337204
vt 0.8636363744735718 0.1666666716337204
vt 0.9090909361839294 0.1666666716337204
vt 0.9545454382896423 0.1666666716337204
vt 1 0.1666666716337204
vt 0 0.1111111119389534
vt 0.04545454680919647 0.1111111119389534
vt 0.09090909361839294 0.1111111119389534
vt 0.13636364042758942 0.1111111119389534
vt 0.1818181872367859 0.1111111119389534
vt 0.22727273404598236 0.1111111119389534
vt 0.27272728085517883 0.1111111119389534
vt 0.3181818127632141 0.1111111119389534
vt 0.3636363744735718 0.1111111119389534
vt 0.40909090638160706 0.1111111119389534
vt 0.4545454680919647 0.1111111119389534
vt 0.5 0.1111111119389534
vt 0.5454545617103577 0.1111111119389534
vt 0.5909090638160706 0.1111111119389534
vt 0.6363636255264282 0.1111111119389534
vt 0.6818181872367859 0.1111111119389534
vt 0.7272727489471436 0.1111111119389534
vt 0.7727272510528564 0.1111111119389534
vt 0.8181818127632141 0.1111111119389534
vt 0.8636363744735718 0.1111111119389534
vt 0.9090909361839294 0.1111111119389534
vt 0.9545454382896423 0.1111111119389534
vt 1 0.1111111119389534
vt 0 0.0555555559694767
vt 0.04545454680919647 0.0555555559694767
vt 0.09090909361839294 0.0555555559694767
vt 0.13636364042758942 0.0555555559694767
vt 0.1818181872367859 0.0555555559694767
vt 0.22727273404598236 0.0555555559694767
vt 0.27272728085517883 0.0555555559694767
vt 0.3181818127632141 0.0555555559694767
vt 0.3636363744735718 0.0555555559694767
vt 0.40909090638160706 0.0555555559694767
vt 0.4545454680919647 0.0555555559694767
vt 0.5 0.0555555559694767
vt 0.5454545617103577 0.0555555559694767
vt 0.5909090638160706 0.0555555559694767
vt 0.6363636255264282 0.0555555559694767
vt 0.6818181872367859 0.0555555559694767
vt 0.7272727489471436 0.0555555559694767
vt 0.7727272510528564 0.0555555559694767
vt 0.8181818127632141 0.0555555559694767
vt 0.8636363744735718 0.0555555559694767
vt 0.9090909361839294 0.0555555559694767
vt 0.9545454382896423 0.0555555559694767
vt 1 0.0555555559694767
vt -0.022727273404598236 0
vt 0.022727273404598236 0
vt 0.06818182021379471 0
vt 0.11363636702299118 0
vt 0.15909090638160706 0
vt 0.20454545319080353 0
vt 0.25 0
vt 0.2954545319080353 0
vt 0.34090909361839294 0
vt 0.3863636255264282 0
vt 0.4318181872367859 0
vt 0.47727271914482117 0
vt 0.5227272510528564 0
vt 0.5681818127632141 0
vt 0.6136363744735718 0
vt 0.6590909361839294 0
vt 0.7045454382896423 0
vt 0.75 0
vt 0.7954545617103577 0
vt 0.8409090638160706 0
vt 0.8863636255264282 0
vt 0.9318181872367859 0
vt 0.9772727489471436 0
vn 0 1 0
vn 0 1 0
vn 0 1 0
vn 0 1 0
vn 0 1 0
vn 0 1 0
vn 0 1 0
vn 0 1 0
vn 0 1 0
vn 0 1 0
vn 0 1 0
vn 0 1 0
vn 0 1 0
vn 0 1 0
vn 0 1 0
vn 0 1 0
vn 0 1 0
vn 0 1 0
vn 0 1 0
vn 0 1 0
vn 0 1 0
vn 0 1 0
vn 0 1 0
vn -0.17364818253298778 0.9848077521541907 0
vn -0.1666142085145773 0.9848077525920794 0.04892234617839306
vn -0.14608215118010737 0.9848077514569887 0.09388129620335477
vn -0.11371537551195356 0.9848077516516223 0.13123454445782215
vn -0.07213606099042913 0.9848077513870622 0.157955948013183
vn -0.02471271212871067 0.9848077518803418 0.17188069611108334
vn 0.02471271212871067 0.9848077518803418 0.17188069611108334
vn 0.07213606099042913 0.9848077513870622 0.157955948013183
vn 0.11371537551195356 0.9848077516516223 0.13123454445782215
vn 0.14608215118010737 0.9848077514569887 0.09388129620335477
vn 0.1666142085145773 0.9848077525920794 0.04892234617839306
vn 0.17364818253298778 0.9848077521541907 2.126576847686102e-17
vn 0.1666142085145773 0.9848077525920794 -0.04892234617839306
vn 0.14608215118010737 0.9848077514569887 -0.09388129620335477
vn 0.11371537551195356 0.9848077516516223 -0.13123454445782215
vn 0.07213606099042913 0.9848077513870622 -0.157955948013183
vn 0.02471271212871067 0.9848077518803418 -0.17188069611108334
vn -0.02471271212871067 0.9848077518803418 -0.17188069611108334
vn -0.07213606099042913 0.9848077513870622 -0.157955948013183
vn -0.11371537551195356 0.9848077516516223 -0.13123454445782215
vn -0.14608215118010737 0.9848077514569887 -0.09388129620335477
vn -0.1666142085145773 0.9848077525920794 -0.04892234617839306
vn -0.17364818253298778 0.9848077521541907 -4.253153695372204e-17
vn -0.34202015414019754 0.9396926168497417 0
vn -0.32816592053091403 0.939692622024352 0.09635821041870755
vn -0.2877256584245634 0.9396926203815269 0.1849100448451927
vn -0.22397556875001595 0.9396926153728601 0.25848159164014145
vn -0.14208030757496415 0.9396926202202014 0.31111246471830084
vn -0.04867454242634906 0.9396926158735722 0.338538884904332
vn 0.04867454242634906 0.9396926158735722 0.338538884904332
vn 0.14208030757496415 0.9396926202202014 0.31111246471830084
vn 0.22397556875001595 0.9396926153728601 0.25848159164014145
vn 0.2877256584245634 0.9396926203815269 0.1849100448451927
vn 0.32816592053091403 0.939692622024352 0.09635821041870755
vn 0.34202015414019754 0.9396926168497417 4.1885388829727496e-17
vn 0.32816592053091403 0.939692622024352 -0.09635821041870755
vn 0.2877256584245634 0.9396926203815269 -0.1849100448451927
vn 0.22397556875001595 0.9396926153728601 -0.25848159164014145
vn 0.14208030757496415 0.9396926202202014 -0.31111246471830084
vn 0.04867454242634906 0.9396926158735722 -0.338538884904332
vn -0.04867454242634906 0.9396926158735722 -0.338538884904332
vn -0.14208030757496415 0.9396926202202014 -0.31111246471830084
vn -0.22397556875001595 0.9396926153728601 -0.25848159164014145
vn -0.2877256584245634 0.9396926203815269 -0.1849100448451927
vn -0.32816592053091403 0.939692622024352 -0.09635821041870755
vn -0.34202015414019754 0.9396926168497417 -8.377077765945499e-17
vn -0.5000000067305869 0.8660253998985324 0
vn -0.47974649619521 0.8660253981300494 0.14086628121061767
vn -0.42062676563998097 0.8660254008224344 0.2703204194240422
vn -0.32743037127411184 0.8660253983029272 0.3778747960125861
vn -0.20770751338302693 0.866025404854252 0.4548159924972611
vn -0.07115741929248129 0.8660254016411854 0.4949107246684575
vn 0.07115741929248129 0.8660254016411854 0.4949107246684575
vn 0.20770751338302693 0.866025404854252 0.4548159924972611
vn 0.32743037127411184 0.8660253983029272 0.3778747960125861
vn 0.42062676563998097 0.8660254008224344 0.2703204194240422
vn 0.47974649619521 0.8660253981300494 0.14086628121061767
vn 0.5000000067305869 0.8660253998985324 6.12323434535176e-17
vn 0.47974649619521 0.8660253981300494 -0.14086628121061767
vn 0.42062676563998097 0.8660254008224344 -0.2703204194240422
vn 0.32743037127411184 0.8660253983029272 -0.3778747960125861
vn 0.20770751338302693 0.866025404854252 -0.4548159924972611
vn 0.07115741929248129 0.8660254016411854 -0.4949107246684575
vn -0.07115741929248129 0.8660254016411854 -0.4949107246684575
vn -0.20770751338302693 0.866025404854252 -0.4548159924972611
vn -0.32743037127411184 0.8660253983029272 -0.3778747960125861
vn -0.42062676563998097 0.8660254008224344 -0.2703204194240422
vn -0.47974649619521 0.8660253981300494 -0.14086628121061767
vn -0.5000000067305869 0.8660253998985324 -1.224646869070352e-16
vn -0.6427876273097093 0.7660444283313822 0
vn -0.6167501883387853 0.7660444473467252 0.18109420165572218
vn -0.5407473469017693 0.7660444412964171 0.34751722371352695
vn -0.42093637467302686 0.7660444357317142 0.4857864664249188
vn -0.2670236254531105 0.766044444952512 0.5847001725733236
vn -0.09147821439055012 0.7660444439370577 0.6362449577050341
vn 0.09147821439055012 0.7660444439370577 0.6362449577050341
vn 0.2670236254531105 0.766044444952512 0.5847001725733236
vn 0.42093637467302686 0.7660444357317142 0.4857864664249188
vn 0.5407473469017693 0.7660444412964171 0.34751722371352695
vn 0.6167501883387853 0.7660444473467252 0.18109420165572218
vn 0.6427876273097093 0.7660444283313822 7.871878097819209e-17
vn 0.6167501883387853 0.7660444473467252 -0.18109420165572218
vn 0.5407473469017693 0.7660444412964171 -0.34751722371352695
vn 0.42093637467302686 0.7660444357317142 -0.4857864664249188
vn 0.2670236254531105 0.766044444952512 -0.5847001725733236
vn 0.09147821439055012 0.7660444439370577 -0.6362449577050341
vn -0.09147821439055012 0.7660444439370577 -0.6362449577050341
vn -0.2670236254531105 0.766044444952512 -0.5847001725733236
vn -0.42093637467302686 0.7660444357317142 -0.4857864664249188
vn -0.5407473469017693 0.7660444412964171 -0.34751722371352695
vn -0.6167501883387853 0.7660444473467252 -0.18109420165572218
vn -0.6427876273097093 0.7660444283313822 -1.5743756195638419e-16
vn -0.7660444283313822 0.6427876273097093 0
vn -0.7350142485906018 0.6427876255101905 0.21581965355306337
vn -0.6444375952099858 0.642787619474005 0.41415487698554504
vn -0.5016524109169161 0.642787624242543 0.5789377589533032
vn -0.31822636254717723 0.6427876258570488 0.6968185202942376
vn -0.10901948786850868 0.64278763398368 0.7582471950904603
vn 0.10901948786850868 0.64278763398368 0.7582471950904603
vn 0.31822636254717723 0.6427876258570488 0.6968185202942376
vn 0.5016524109169161 0.642787624242543 0.5789377589533032
vn 0.6444375952099858 0.642787619474005 0.41415487698554504
vn 0.7350142485906018 0.6427876255101905 0.21581965355306337
vn 0.7660444283313822 0.6427876273097093 9.381338436604068e-17
vn 0.7350142485906018 0.6427876255101905 -0.21581965355306337
vn 0.6444375952099858 0.642787619474005 -0.41415487698554504
vn 0.5016524109169161 0.642787624242543 -0.5789377589533032
vn 0.31822636254717723 0.6427876258570488 -0.6968185202942376
vn 0.10901948786850868 0.64278763398368 -0.7582471950904603
vn -0.10901948786850868 0.64278763398368 -0.7582471950904603
vn -0.31822636254717723 0.6427876258570488 -0.6968185202942376
vn -0.5016524109169161 0.642787624242543 -0.5789377589533032
vn -0.6444375952099858 0.642787619474005 -0.41415487698554504
vn -0.7350142485906018 0.6427876255101905 -0.21581965355306337
vn -0.7660444283313822 0.6427876273097093 -1.8762676873208136e-16
vn -0.8660253998985324 0.5000000067305869 0
vn -0.8309452982465175 0.49999999113640853 0.24398754104584375
vn -0.7285469283123276 0.5000000074626769 0.46820867760433
vn -0.5671260312332639 0.4999999960704998 0.6544983335556381
vn -0.35975995234997993 0.4999999940956437 0.7877644207435979
vn -0.12324826388778816 0.49999999875963086 0.8572105148031115
vn 0.12324826388778816 0.49999999875963086 0.8572105148031115
vn 0.35975995234997993 0.4999999940956437 0.7877644207435979
vn 0.5671260312332639 0.4999999960704998 0.6544983335556381
vn 0.7285469283123276 0.5000000074626769 0.46820867760433
vn 0.8309452982465175 0.49999999113640853 0.24398754104584375
vn 0.8660253998985324 0.5000000067305869 1.0605752614896174e-16
vn 0.8309452982465175 0.49999999113640853 -0.24398754104584375
vn 0.7285469283123276 0.5000000074626769 -0.46820867760433
vn 0.5671260312332639 0.4999999960704998 -0.6544983335556381
vn 0.35975995234997993 0.4999999940956437 -0.7877644207435979
vn 0.12324826388778816 0.49999999875963086 -0.8572105148031115
vn -0.12324826388778816 0.49999999875963086 -0.8572105148031115
vn -0.35975995234997993 0.4999999940956437 -0.7877644207435979
vn -0.5671260312332639 0.4999999960704998 -0.6544983335556381
vn -0.7285469283123276 0.5000000074626769 -0.46820867760433
vn -0.8309452982465175 0.49999999113640853 -0.24398754104584375
vn -0.8660253998985324 0.5000000067305869 -2.1211505229792348e-16
vn -0.9396926168497417 0.34202015414019754 0
vn -0.9016284659229835 0.3420201432490555 0.26474200847100704
vn -0.7905197217831544 0.3420201572129337 0.508036201005326
vn -0.6153677801232915 0.3420201595174488 0.7101723070282249
vn -0.39036241144122125 0.34202015373979167 0.8547744744490233
vn -0.1337321975189481 0.34202014850086604 0.9301279037671103
vn 0.1337321975189481 0.34202014850086604 0.9301279037671103
vn 0.39036241144122125 0.34202015373979167 0.8547744744490233
vn 0.6153677801232915 0.3420201595174488 0.7101723070282249
vn 0.7905197217831544 0.3420201572129337 0.508036201005326
vn 0.9016284659229835 0.3420201432490555 0.26474200847100704
vn 0.9396926168497417 0.34202015414019754 1.1507915357589834e-16
vn 0.9016284659229835 0.3420201432490555 -0.26474200847100704
vn 0.7905197217831544 0.3420201572129337 -0.508036201005326
vn 0.6153677801232915 0.3420201595174488 -0.7101723070282249
vn 0.39036241144122125 0.34202015373979167 -0.8547744744490233
vn 0.1337321975189481 0.34202014850086604 -0.9301279037671103
vn -0.1337321975189481 0.34202014850086604 -0.9301279037671103
vn -0.39036241144122125 0.34202015373979167 -0.8547744744490233
vn -0.6153677801232915 0.3420201595174488 -0.7101723070282249
vn -0.7905197217831544 0.3420201572129337 -0.508036201005326
vn -0.9016284659229835 0.3420201432490555 -0.26474200847100704
vn -0.9396926168497417 0.34202015414019754 -2.301583071517967e-16
vn -0.9848077521541907 0.17364818253298778 0
vn -0.9449161194797584 0.17364817680725167 0.27745240643907265
vn -0.8284729996338926 0.1736481843870599 0.5324272691520391
vn -0.644911928327613 0.17364817412426925 0.7442680406440055
vn -0.40910393312614346 0.173648179905835 0.8958126375063652
vn -0.14015275139348085 0.1736481773310418 0.9747838307986258
vn 0.14015275139348085 0.1736481773310418 0.9747838307986258
vn 0.40910393312614346 0.173648179905835 0.8958126375063652
vn 0.644911928327613 0.17364817412426925 0.7442680406440055
vn 0.8284729996338926 0.1736481843870599 0.5324272691520391
vn 0.9449161194797584 0.17364817680725167 0.27745240643907265
vn 0.9848077521541907 0.17364818253298778 1.2060416690224796e-16
vn 0.9449161194797584 0.17364817680725167 -0.27745240643907265
vn 0.8284729996338926 0.1736481843870599 -0.5324272691520391
vn 0.644911928327613 0.17364817412426925 -0.7442680406440055
vn 0.40910393312614346 0.173648179905835 -0.8958126375063652
vn 0.14015275139348085 0.1736481773310418 -0.9747838307986258
vn -0.14015275139348085 0.1736481773310418 -0.9747838307986258
vn -0.40910393312614346 0.173648179905835 -0.8958126375063652
vn -0.644911928327613 0.17364817412426925 -0.7442680406440055
vn -0.8284729996338926 0.1736481843870599 -0.5324272691520391
vn -0.9449161194797584 0.17364817680725167 -0.27745240643907265
vn -0.9848077521541907 0.17364818253298778 -2.412083338044959e-16
vn -1 6.123234262925839e-17 0
vn -0.9594929735964678 6.12323421290959e-17 0.2817325569028331
vn -0.8412535226481261 6.123234289055644e-17 0.5406408333007402
vn -0.6548607301133925 6.12323421779892e-17 0.7557495776746119
vn -0.4154150283055578 6.123234403083535e-17 0.9096319883655656
vn -0.14231483752835355 6.12323431221156e-17 0.9898214419880378
vn 0.14231483752835355 6.12323431221156e-17 0.9898214419880378
vn 0.4154150283055578 6.123234403083535e-17 0.9096319883655656
vn 0.6548607301133925 6.12323421779892e-17 0.7557495776746119
vn 0.8412535226481261 6.123234289055644e-17 0.5406408333007402
vn 0.9594929735964678 6.12323421290959e-17 0.2817325569028331
vn 1 6.123234262925839e-17 1.2246468525851679e-16
vn 0.9594929735964678 6.12323421290959e-17 -0.2817325569028331
vn 0.8412535226481261 6.123234289055644e-17 -0.5406408333007402
vn 0.6548607301133925 6.12323421779892e-17 -0.7557495776746119
vn 0.4154150283055578 6.123234403083535e-17 -0.9096319883655656
vn 0.14231483752835355 6.12323431221156e-17 -0.9898214419880378
vn -0.14231483752835355 6.12323431221156e-17 -0.9898214419880378
vn -0.4154150283055578 6.123234403083535e-17 -0.9096319883655656
vn -0.6548607301133925 6.12323421779892e-17 -0.7557495776746119
vn -0.8412535226481261 6.123234289055644e-17 -0.5406408333007402
vn -0.9594929735964678 6.12323421290959e-17 -0.2817325569028331
vn -1 6.123234262925839e-17 -2.4492937051703357e-16
vn -0.9848077521541907 -0.17364818253298778 0
vn -0.9449161194797584 -0.17364817680725167 0.27745240643907265
vn -0.8284729996338926 -0.1736481843870599 0.5324272691520391
vn -0.644911928327613 -0.17364817412426925 0.7442680406440055
vn -0.40910393312614346 -0.173648179905835 0.8958126375063652
vn -0.14015275139348085 -0.1736481773310418 0.9747838307986258
vn 0.14015275139348085 -0.1736481773310418 0.9747838307986258
vn 0.40910393312614346 -0.173648179905835 0.8958126375063652
vn 0.644911928327613 -0.17364817412426925 0.7442680406440055
vn 0.8284729996338926 -0.1736481843870599 0.5324272691520391
vn 0.9449161194797584 -0.17364817680725167 0.27745240643907265
vn 0.9848077521541907 -0.17364818253298778 1.2060416690224796e-16
vn 0.9449161194797584 -0.17364817680725167 -0.27745240643907265
vn 0.8284729996338926 -0.1736481843870599 -0.5324272691520391
vn 0.644911928327613 -0.17364817412426925 -0.7442680406440055
vn 0.40910393312614346 -0.173648179905835 -0.8958126375063652
vn 0.14015275139348085 -0.1736481773310418 -0.9747838307986258
vn -0.14015275139348085 -0.1736481773310418 -0.9747838307986258
vn -0.40910393312614346 -0.173648179905835 -0.8958126375063652
vn -0.644911928327613 -0.17364817412426925 -0.7442680406440055
vn -0.8284729996338926 -0.1736481843870599 -0.5324272691520391
vn -0.9449161194797584 -0.17364817680725167 -0.27745240643907265
vn -0.9848077521541907 -0.17364818253298778 -2.412083338044959e-16
vn -0.9396926168497417 -0.34202015414019754 0
vn -0.9016284659229835 -0.3420201432490555 0.26474200847100704
vn -0.7905197217831544 -0.3420201572129337 0.508036201005326
vn -0.6153677801232915 -0.3420201595174488 0.7101723070282249
vn -0.39036241144122125 -0.34202015373979167 0.8547744744490233
vn -0.1337321975189481 -0.34202014850086604 0.9301279037671103
vn 0.1337321975189481 -0.34202014850086604 0.9301279037671103
vn 0.39036241144122125 -0.34202015373979167 0.8547744744490233
vn 0.6153677801232915 -0.3420201595174488 0.7101723070282249
vn 0.7905197217831544 -0.3420201572129337 0.508036201005326
vn 0.9016284659229835 -0.3420201432490555 0.26474200847100704
vn 0.9396926168497417 -0.34202015414019754 1.1507915357589834e-16
vn 0.9016284659229835 -0.3420201432490555 -0.26474200847100704
vn 0.7905197217831544 -0.3420201572129337 -0.508036201005326
vn 0.6153677801232915 -0.3420201595174488 -0.7101723070282249
vn 0.39036241144122125 -0.34202015373979167 -0.8547744744490233
vn 0.1337321975189481 -0.34202014850086604 -0.9301279037671103
vn -0.1337321975189481 -0.34202014850086604 -0.9301279037671103
vn -0.39036241144122125 -0.34202015373979167 -0.8547744744490233
vn -0.6153677801232915 -0.3420201595174488 -0.7101723070282249
vn -0.7905197217831544 -0.3420201572129337 -0.508036201005326
vn -0.9016284659229835 -0.3420201432490555 -0.26474200847100704
vn -0.9396926168497417 -0.34202015414019754 -2.301583071517967e-16
vn -0.8660253998985324 -0.5000000067305869 0
vn -0.8309452982465175 -0.49999999113640853 0.24398754104584375
vn -0.7285469283123276 -0.5000000074626769 0.46820867760433
vn -0.5671260312332639 -0.4999999960704998 0.6544983335556381
vn -0.35975995234997993 -0.4999999940956437 0.7877644207435979
vn -0.12324826388778816 -0.49999999875963086 0.8572105148031115
vn 0.12324826388778816 -0.49999999875963086 0.8572105148031115
vn 0.35975995234997993 -0.4999999940956437 0.7877644207435979
vn 0.5671260312332639 -0.4999999960704998 0.6544983335556381
vn 0.7285469283123276 -0.5000000074626769 0.46820867760433
vn 0.8309452982465175 -0.49999999113640853 0.24398754104584375
vn 0.8660253998985324 -0.5000000067305869 1.0605752614896174e-16
vn 0.8309452982465175 -0.49999999113640853 -0.24398754104584375
vn 0.7285469283123276 -0.5000000074626769 -0.46820867760433
vn 0.5671260312332639 -0.4999999960704998 -0.6544983335556381
vn 0.35975995234997993 -0.4999999940956437 -0.7877644207435979
vn 0.12324826388778816 -0.49999999875963086 -0.8572105148031115
vn -0.12324826388778816 -0.49999999875963086 -0.8572105148031115
vn -0.35975995234997993 -0.4999999940956437 -0.7877644207435979
vn -0.5671260312332639 -0.4999999960704998 -0.6544983335556381
vn -0.7285469283123276 -0.5000000074626769 -0.46820867760433
vn -0.8309452982465175 -0.49999999113640853 -0.24398754104584375
vn -0.8660253998985324 -0.5000000067305869 -2.1211505229792348e-16
vn -0.7660444283313822 -0.6427876273097093 0
vn -0.7350142485906018 -0.6427876255101905 0.21581965355306337
vn -0.6444375952099858 -0.642787619474005 0.41415487698554504
vn -0.5016524109169161 -0.642787624242543 0.5789377589533032
vn -0.31822636254717723 -0.6427876258570488 0.6968185202942376
vn -0.10901948786850868 -0.64278763398368 0.7582471950904603
vn 0.10901948786850868 -0.64278763398368 0.7582471950904603
vn 0.31822636254717723 -0.6427876258570488 0.6968185202942376
vn 0.5016524109169161 -0.642787624242543 0.5789377589533032
vn 0.6444375952099858 -0.642787619474005 0.41415487698554504
vn 0.7350142485906018 -0.6427876255101905 0.21581965355306337
vn 0.7660444283313822 -0.6427876273097093 9.381338436604068e-17
vn 0.7350142485906018 -0.6427876255101905 -0.21581965355306337
vn 0.6444375952099858 -0.642787619474005 -0.41415487698554504
vn 0.5016524109169161 -0.642787624242543 -0.5789377589533032
vn 0.31822636254717723 -0.6427876258570488 -0.6968185202942376
vn 0.10901948786850868 -0.64278763398368 -0.7582471950904603
vn -0.10901948786850868 -0.64278763398368 -0.7582471950904603
vn -0.31822636254717723 -0.6427876258570488 -0.6968185202942376
vn -0.5016524109169161 -0.642787624242543 -0.5789377589533032
vn -0.6444375952099858 -0.642787619474005 -0.41415487698554504
vn -0.7350142485906018 -0.6427876255101905 -0.21581965355306337
vn -0.7660444283313822 -0.6427876273097093 -1.8762676873208136e-16
vn -0.6427876273097093 -0.7660444283313822 0
vn -0.6167501883387853 -0.7660444473467252 0.18109420165572218
vn -0.5407473469017693 -0.7660444412964171 0.34751722371352695
vn -0.42093637467302686 -0.7660444357317142 0.4857864664249188
vn -0.2670236254531105 -0.766044444952512 0.5847001725733236
vn -0.09147821439055012 -0.7660444439370577 0.6362449577050341
vn 0.09147821439055012 -0.7660444439370577 0.6362449577050341
vn 0.2670236254531105 -0.766044444952512 0.5847001725733236
vn 0.42093637467302686 -0.7660444357317142 0.4857864664249188
vn 0.5407473469017693 -0.7660444412964171 0.34751722371352695
vn 0.6167501883387853 -0.7660444473467252 0.18109420165572218
vn 0.6427876273097093 -0.7660444283313822 7.871878097819209e-17
vn 0.6167501883387853 -0.7660444473467252 -0.18109420165572218
vn 0.5407473469017693 -0.7660444412964171 -0.34751722371352695
vn 0.42093637467302686 -0.7660444357317142 -0.4857864664249188
vn 0.2670236254531105 -0.766044444952512 -0.5847001725733236
vn 0.09147821439055012 -0.7660444439370577 -0.6362449577050341
vn -0.09147821439055012 -0.7660444439370577 -0.6362449577050341
vn -0.2670236254531105 -0.766044444952512 -0.5847001725733236
vn -0.42093637467302686 -0.7660444357317142 -0.4857864664249188
vn -0.5407473469017693 -0.7660444412964171 -0.34751722371352695
vn -0.6167501883387853 -0.7660444473467252 -0.18109420165572218
vn -0.6427876273097093 -0.7660444283313822 -1.5743756195638419e-16
vn -0.5000000067305869 -0.8660253998985324 0
vn -0.47974649619521 -0.8660253981300494 0.14086628121061767
vn -0.42062676563998097 -0.8660254008224344 0.2703204194240422
vn -0.32743037127411184 -0.8660253983029272 0.3778747960125861
vn -0.20770751338302693 -0.866025404854252 0.4548159924972611
vn -0.07115741929248129 -0.8660254016411854 0.4949107246684575
vn 0.07115741929248129 -0.8660254016411854 0.4949107246684575
vn 0.20770751338302693 -0.866025404854252 0.4548159924972611
vn 0.32743037127411184 -0.8660253983029272 0.3778747960125861
vn 0.42062676563998097 -0.8660254008224344 0.2703204194240422
vn 0.47974649619521 -0.8660253981300494 0.14086628121061767
vn 0.5000000067305869 -0.8660253998985324 6.12323434535176e-17
vn 0.47974649619521 -0.8660253981300494 -0.14086628121061767
vn 0.42062676563998097 -0.8660254008224344 -0.2703204194240422
vn 0.32743037127411184 -0.8660253983029272 -0.3778747960125861
vn 0.20770751338302693 -0.866025404854252 -0.4548159924972611
vn 0.07115741929248129 -0.8660254016411854 -0.4949107246684575
vn -0.07115741929248129 -0.8660254016411854 -0.4949107246684575
vn -0.20770751338302693 -0.866025404854252 -0.4548159924972611
vn -0.32743037127411184 -0.8660253983029272 -0.3778747960125861
vn -0.42062676563998097 -0.8660254008224344 -0.2703204194240422
vn -0.47974649619521 -0.8660253981300494 -0.14086628121061767
vn -0.5000000067305869 -0.8660253998985324 -1.224646869070352e-16
vn -0.34202015414019754 -0.9396926168497417 0
vn -0.32816592053091403 -0.939692622024352 0.09635821041870755
vn -0.2877256584245634 -0.9396926203815269 0.1849100448451927
vn -0.22397556875001595 -0.9396926153728601 0.25848159164014145
vn -0.14208030757496415 -0.9396926202202014 0.31111246471830084
vn -0.04867454242634906 -0.9396926158735722 0.338538884904332
vn 0.04867454242634906 -0.9396926158735722 0.338538884904332
vn 0.14208030757496415 -0.9396926202202014 0.31111246471830084
vn 0.22397556875001595 -0.9396926153728601 0.25848159164014145
vn 0.2877256584245634 -0.9396926203815269 0.1849100448451927
vn 0.32816592053091403 -0.939692622024352 0.09635821041870755
vn 0.34202015414019754 -0.9396926168497417 4.1885388829727496e-17
vn 0.32816592053091403 -0.939692622024352 -0.09635821041870755
vn 0.2877256584245634 -0.9396926203815269 -0.1849100448451927
vn 0.22397556875001595 -0.9396926153728601 -0.25848159164014145
vn 0.14208030757496415 -0.9396926202202014 -0.31111246471830084
vn 0.04867454242634906 -0.9396926158735722 -0.338538884904332
vn -0.04867454242634906 -0.9396926158735722 -0.338538884904332
vn -0.14208030757496415 -0.9396926202202014 -0.31111246471830084
vn -0.22397556875001595 -0.9396926153728601 -0.25848159164014145
vn -0.2877256584245634 -0.9396926203815269 -0.1849100448451927
vn -0.32816592053091403 -0.939692622024352 -0.09635821041870755
vn -0.34202015414019754 -0.9396926168497417 -8.377077765945499e-17
vn -0.17364818253298778 -0.9848077521541907 0
vn -0.1666142085145773 -0.9848077525920794 0.04892234617839306
vn -0.14608215118010737 -0.9848077514569887 0.09388129620335477
vn -0.11371537551195356 -0.9848077516516223 0.13123454445782215
vn -0.07213606099042913 -0.9848077513870622 0.157955948013183
vn -0.02471271212871067 -0.9848077518803418 0.17188069611108334
vn 0.02471271212871067 -0.9848077518803418 0.17188069611108334
vn 0.07213606099042913 -0.9848077513870622 0.157955948013183
vn 0.11371537551195356 -0.9848077516516223 0.13123454445782215
vn 0.14608215118010737 -0.9848077514569887 0.09388129620335477
vn 0.1666142085145773 -0.9848077525920794 0.04892234617839306
vn 0.17364818253298778 -0.9848077521541907 2.126576847686102e-17
vn 0.1666142085145773 -0.9848077525920794 -0.04892234617839306
vn 0.14608215118010737 -0.9848077514569887 -0.09388129620335477
vn 0.11371537551195356 -0.9848077516516223 -0.13123454445782215
vn 0.07213606099042913 -0.9848077513870622 -0.157955948013183
vn 0.02471271212871067 -0.9848077518803418 -0.17188069611108334
vn -0.02471271212871067 -0.9848077518803418 -0.17188069611108334
vn -0.07213606099042913 -0.9848077513870622 -0.157955948013183
vn -0.11371537551195356 -0.9848077516516223 -0.13123454445782215
vn -0.14608215118010737 -0.9848077514569887 -0.09388129620335477
vn -0.1666142085145773 -0.9848077525920794 -0.04892234617839306
vn -0.17364818253298778 -0.9848077521541907 -4.253153695372204e-17
vn -1.2246468525851679e-16 -1 0
vn -1.1750399709825257e-16 -1 3.450228899346047e-17
vn -1.030238431334872e-16 -1 6.620940234820625e-17
vn -8.019731105660867e-17 -1 9.255262993362743e-17
vn -5.0873665697375234e-17 -1 1.1139778952105553e-16
vn -1.7428541650898358e-17 -1 1.2121817039751368e-16
vn 1.7428541650898358e-17 -1 1.2121817039751368e-16
vn 5.0873665697375234e-17 -1 1.1139778952105553e-16
vn 8.019731105660867e-17 -1 9.255262993362743e-17
vn 1.030238431334872e-16 -1 6.620940234820625e-17
vn 1.1750399709825257e-16 -1 3.450228899346047e-17
vn 1.2246468525851679e-16 -1 1.4997597572211942e-32
vn 1.1750399709825257e-16 -1 -3.450228899346047e-17
vn 1.030238431334872e-16 -1 -6.620940234820625e-17
vn 8.019731105660867e-17 -1 -9.255262993362743e-17
vn 5.0873665697375234e-17 -1 -1.1139778952105553e-16
vn 1.7428541650898358e-17 -1 -1.2121817039751368e-16
vn -1.7428541650898358e-17 -1 -1.2121817039751368e-16
vn -5.0873665697375234e-17 -1 -1.1139778952105553e-16
vn -8.019731105660867e-17 -1 -9.255262993362743e-17
vn -1.030238431334872e-16 -1 -6.620940234820625e-17
vn -1.1750399709825257e-16 -1 -3.450228899346047e-17
vn -1.2246468525851679e-16 -1 -2.9995195144423884e-32
f 1769/1769/1769 1792/1792/1792 1793/1793/1793
f 1770/1770/1770 1793/1793/1793 1794/1794/1794
f 1771/1771/1771 1794/1794/1794 1795/1795/1795
f 1772/1772/1772 1795/1795/1795 1796/1796/1796
f 1773/1773/1773 1796/1796/1796 1797/1797/1797
f 1774/1774/1774 1797/1797/1797 1798/1798/1798
f 1775/1775/1775 1798/1798/1798 1799/1799/1799
f 1776/1776/1776 1799/1799/1799 1800/1800/1800
f 1777/1777/1777 1800/1800/1800 1801/1801/1801
f 1778/1778/1778 1801/1801/1801 1802/1802/1802
f 1779/1779/1779 1802/1802/1802 1803/1803/1803
f 1780/1780/1780 1803/1803/1803 1804/1804/1804
f 1781/1781/1781 1804/1804/1804 1805/1805/1805
f 1782/1782/1782 1805/1805/1805 1806/1806/1806
f 1783/1783/1783 1806/1806/1806 1807/1807/1807
f 1784/1784/1784 1807/1807/1807 1808/1808/1808
f 1785/1785/1785 1808/1808/1808 1809/1809/1809
f 1786/1786/1786 1809/1809/1809 1810/1810/1810
f 1787/1787/1787 1810/1810/1810 1811/1811/1811
f 1788/1788/1788 1811/1811/1811 1812/1812/1812
f 1789/1789/1789 1812/1812/1812 1813/1813/1813
f 1790/1790/1790 1813/1813/1813 1814/1814/1814
f 1793/1793/1793 1792/1792/1792 1816/1816/1816
f 1792/1792/1792 1815/1815/1815 1816/1816/1816
f 1794/1794/1794 1793/1793/1793 1817/1817/1817
f 1793/1793/1793 1816/1816/1816 1817/1817/1817
f 1795/1795/1795 1794/1794/1794 1818/1818/1818
f 1794/1794/1794 1817/1817/1817 1818/1818/1818
f 1796/1796/1796 1795/1795/1795 1819/1819/1819
f 1795/1795/1795 1818/1818/1818 1819/1819/1819
f 1797/1797/1797 1796/1796/1796 1820/1820/1820
f 1796/1796/1796 1819/1819/1819 1820/1820/1820
f 1798/1798/1798 1797/1797/1797 1821/1821/1821
f 1797/1797/1797 1820/1820/1820 1821/1821/1821
f 1799/1799/1799 1798/1798/1798 1822/1822/1822
f 1798/1798/1798 1821/1821/1821 1822/1822/1822
f 1800/1800/1800 1799/1799/1799 1823/1823/1823
f 1799/1799/1799 1822/1822/1822 1823/1823/1823
f 1801/1801/1801 1800/1800/1800 1824/1824/1824
f 1800/1800/1800 1823/1823/1823 1824/1824/1824
f 1802/1802/1802 1801/1801/1801 1825/1825/1825
f 1801/1801/1801 1824/1824/1824 1825/1825/1825
f 1803/1803/1803 1802/1802/1802 1826/1826/1826
f 1802/1802/1802 1825/1825/1825 1826/1826/1826
f 1804/1804/1804 1803/1803/1803 1827/1827/1827
f 1803/1803/1803 1826/1826/1826 1827/1827/1827
f 1805/1805/1805 1804/1804/1804 1828/1828/1828
f 1804/1804/1804 1827/1827/1827 1828/1828/1828
f 1806/1806/1806 1805/1805/1805 1829/1829/1829
f 1805/1805/1805 1828/1828/1828 1829/1829/1829
f 1807/1807/1807 1806/1806/1806 1830/1830/1830
f 1806/1806/1806 1829/1829/1829 1830/1830/1830
f 1808/1808/1808 1807/1807/1807 1831/1831/1831
f 1807/1807/1807 1830/1830/1830 1831/1831/1831
f 1809/1809/1809 1808/1808/1808 1832/1832/1832
f 1808/1808/1808 1831/1831/1831 1832/1832/1832
f 1810/1810/1810 1809/1809/1809 1833/1833/1833
f 1809/1809/1809 1832/1832/1832 1833/1833/1833
f 1811/1811/1811 1810/1810/1810 1834/1834/1834
f 1810/1810/1810 1833/1833/1833 1834/1834/1834
f 1812/1812/1812 1811/1811/1811 1835/1835/1835
f 1811/1811/1811 1834/1834/1834 1835/1835/1835
f 1813/1813/1813 1812/1812/1812 1836/1836/1836
f 1812/1812/1812 1835/1835/1835 1836/1836/1836
f 1814/1814/1814 1813/1813/1813 1837/1837/1837
f 1813/1813/1813 1836/1836/1836 1837/1837/1837
f 1816/1816/1816 1815/1815/1815 1839/1839/1839
f 1815/1815/1815 1838/1838/1838 1839/1839/1839
f 1817/1817/1817 1816/1816/1816 1840/1840/1840
f 1816/1816/1816 1839/1839/1839 1840/1840/1840
f 1818/1818/1818 1817/1817/1817 1841/1841/1841
f 1817/1817/1817 1840/1840/1840 1841/1841/1841
f 1819/1819/1819 1818/1818/1818 1842/1842/1842
f 1818/1818/1818 1841/1841/1841 1842/1842/1842
f 1820/1820/1820 1819/1819/1819 1843/1843/1843
f 1819/1819/1819 1842/1842/1842 1843/1843/1843
f 1821/1821/1821 1820/1820/1820 1844/1844/1844
f 1820/1820/1820 1843/1843/1843 1844/1844/1844
f 1822/1822/1822 1821/1821/1821 1845/1845/1845
f 1821/1821/1821 1844/1844/1844 1845/1845/1845
f 1823/1823/1823 1822/1822/1822 1846/1846/1846
f 1822/1822/1822 1845/1845/1845 1846/1846/1846
f 1824/1824/1824 1823/1823/1823 1847/1847/1847
f 1823/1823/1823 1846/1846/1846 1847/1847/1847
f 1825/1825/1825 1824/1824/1824 1848/1848/1848
f 1824/1824/1824 1847/1847/1847 1848/1848/1848
f 1826/1826/1826 1825/1825/1825 1849/1849/1849
f 1825/1825/1825 1848/1848/1848 1849/1849/1849
f 1827/1827/1827 1826/1826/1826 1850/1850/1850
f 1826/1826/1826 1849/1849/1849 1850/1850/1850
f 1828/1828/1828 1827/1827/1827 1851/1851/1851
f 1827/1827/1827 1850/1850/1850 1851/1851/1851
f 1829/1829/1829 1828/1828/1828 1852/1852/1852
f 1828/1828/1828 1851/1851/1851 1852/1852/1852
f 1830/1830/1830 1829/1829/1829 1853/1853/1853
f 1829/1829/1829 1852/1852/1852 1853/1853/1853
f 1831/1831/1831 1830/1830/1830 1854/1854/1854
f 1830/1830/1830 1853/1853/1853 1854/1854/1854
f 1832/1832/1832 1831/1831/1831 1855/1855/1855
f 1831/1831/1831 1854/1854/1854 1855/1855/1855
f 1833/1833/1833 1832/1832/1832 1856/1856/1856
f 1832/1832/1832 1855/1855/1855 1856/1856/1856
f 1834/1834/1834 1833/1833/1833 1857/1857/1857
f 1833/1833/1833 1856/1856/1856 1857/1857/1857
f 1835/1835/1835 1834/1834/1834 1858/1858/1858
f 1834/1834/1834 1857/1857/1857 1858/1858/1858
f 1836/1836/1836 1835/1835/1835 1859/1859/1859
f 1835/1835/1835 1858/1858/1858 1859/1859/1859
f 1837/1837/1837 1836/1836/1836 1860/1860/1860
f 1836/1836/1836 1859/1859/1859 1860/1860/1860
f 1839/1839/1839 1838/1838/1838 1862/1862/1862
f 1838/1838/1838 1861/1861/1861 1862/1862/1862
f 1840/1840/1840 1839/1839/1839 1863/1863/1863
f 1839/1839/1839 1862/1862/1862 1863/1863/1863
f 1841/1841/1841 1840/1840/1840 1864/1864/1864
f 1840/1840/1840 1863/1863/1863 1864/1864/1864
f 1842/1842/1842 1841/1841/1841 1865/1865/1865
f 1841/1841/1841 1864/1864/1864 1865/1865/1865
f 1843/1843/1843 1842/1842/1842 1866/1866/1866
f 1842/1842/1842 1865/1865/1865 1866/1866/1866
f 1844/1844/1844 1843/1843/1843 1867/1867/1867
f 1843/1843/1843 1866/1866/1866 1867/1867/1867
f 1845/1845/1845 1844/1844/1844 1868/1868/1868
f 1844/1844/1844 1867/1867/1867 1868/1868/1868
f 1846/1846/1846 1845/1845/1845 1869/1869/1869
f 1845/1845/1845 1868/1868/1868 1869/1869/1869
f 1847/1847/1847 1846/1846/1846 1870/1870/1870
f 1846/1846/1846 1869/1869/1869 1870/1870/1870
f 1848/1848/1848 1847/1847/1847 1871/1871/1871
f 1847/1847/1847 1870/1870/1870 1871/1871/1871
f 1849/1849/1849 1848/1848/1848 1872/1872/1872
f 1848/1848/1848 1871/1871/1871 1872/1872/1872
f 1850/1850/1850 1849/1849/1849 1873/1873/1873
f 1849/1849/1849 1872/1872/1872 1873/1873/1873
f 1851/1851/1851 1850/1850/1850 1874/1874/1874
f 1850/1850/1850 1873/1873/1873 1874/1874/1874
f 1852/1852/1852 1851/1851/1851 1875/1875/1875
f 1851/1851/1851 1874/1874/1874 1875/1875/1875
f 1853/1853/1853 1852/1852/1852 1876/1876/1876
f 1852/1852/1852 1875/1875/1875 1876/1876/1876
f 1854/1854/1854 1853/1853/1853 1877/1877/1877
f 1853/1853/1853 1876/1876/1876 1877/1877/1877
f 1855/1855/1855 1854/1854/1854 1878/1878/1878
f 1854/1854/1854 1877/1877/1877 1878/1878/1878
f 1856/1856/1856 1855/1855/1855 1879/1879/1879
f 1855/1855/1855 1878/1878/1878 1879/1879/1879
f 1857/1857/1857 1856/1856/1856 1880/1880/1880
f 1856/1856/1856 1879/1879/1879 1880/1880/1880
f 1858/1858/1858 1857/1857/1857 1881/1881/1881
f 1857/1857/1857 1880/1880/1880 1881/1881/1881
f 1859/1859/1859 1858/1858/1858 1882/1882/1882
f 1858/1858/1858 1881/1881/1881 1882/1882/1882
f 1860/1860/1860 1859/1859/1859 1883/1883/1883
f 1859/1859/1859 1882/1882/1882 1883/1883/1883
f 1862/1862/1862 1861/1861/1861 1885/1885/1885
f 1861/1861/1861 1884/1884/1884 1885/1885/1885
f 1863/1863/1863 1862/1862/1862 1886/1886/1886
f 1862/1862/1862 1885/1885/1885 1886/1886/1886
f 1864/1864/1864 1863/1863/1863 1887/1887/1887
f 1863/1863/1863 1886/1886/1886 1887/1887/1887
f 1865/1865/1865 1864/1864/1864 1888/1888/1888
f 1864/1864/1864 1887/1887/1887 1888/1888/1888
f 1866/1866/1866 1865/1865/1865 1889/1889/1889
f 1865/1865/1865 1888/1888/1888 1889/1889/1889
f 1867/1867/1867 1866/1866/1866 1890/1890/1890
f 1866/1866/1866 1889/1889/1889 1890/1890/1890
f 1868/1868/1868 1867/1867/1867 1891/1891/1891
f 1867/1867/1867 1890/1890/1890 1891/1891/1891
f 1869/1869/1869 1868/1868/1868 1892/1892/1892
f 1868/1868/1868 1891/1891/1891 1892/1892/1892
f 1870/1870/1870 1869/1869/1869 1893/1893/1893
f 1869/1869/1869 1892/1892/1892 1893/1893/1893
f 1871/1871/1871 1870/1870/1870 1894/1894/1894
f 1870/1870/1870 1893/1893/1893 1894/1894/1894
f 1872/1872/1872 1871/1871/1871 1895/1895/1895
f 1871/1871/1871 1894/1894/1894 1895/1895/1895
f 1873/1873/1873 1872/1872/1872 1896/1896/1896
f 1872/1872/1872 1895/1895/1895 1896/1896/1896
f 1874/1874/1874 1873/1873/1873 1897/1897/1897
f 1873/1873/1873 1896/1896/1896 1897/1897/1897
f 1875/1875/1875 1874/1874/1874 1898/1898/1898
f 1874/1874/1874 1897/1897/1897 1898/1898/1898
f 1876/1876/1876 1875/1875/1875 1899/1899/1899
f 1875/1875/1875 1898/1898/1898 1899/1899/1899
f 1877/1877/1877 1876/1876/1876 1900/1900/1900
f 1876/1876/1876 1899/1899/1899 1900/1900/1900
f 1878/1878/1878 1877/1877/1877 1901/1901/1901
f 1877/1877/1877 1900/1900/1900 1901/1901/1901
f 1879/1879/1879 1878/1878/1878 1902/1902/1902
f 1878/1878/1878 1901/1901/1901 1902/1902/1902
f 1880/1880/1880 1879/1879/1879 1903/1903/1903
f 1879/1879/1879 1902/1902/1902 1903/1903/1903
f 1881/1881/1881 1880/1880/1880 1904/1904/1904
f 1880/1880/1880 1903/1903/1903 1904/1904/1904
f 1882/1882/1882 1881/1881/1881 1905/1905/1905
f 1881/1881/1881 1904/1904/1904 1905/1905/1905
f 1883/1883/1883 1882/1882/1882 1906/1906/1906
f 1882/1882/1882 1905/1905/1905 1906/1906/1906
f 1885/1885/1885 1884/1884/1884 1908/1908/1908
f 1884/1884/1884 1907/1907/1907 1908/1908/1908
f 1886/1886/1886 1885/1885/1885 1909/1909/1909
f 1885/1885/1885 1908/1908/1908 1909/1909/1909
f 1887/1887/1887 1886/1886/1886 1910/1910/1910
f 1886/1886/1886 1909/1909/1909 1910/1910/1910
f 1888/1888/1888 1887/1887/1887 1911/1911/1911
f 1887/1887/1887 1910/1910/1910 1911/1911/1911
f 1889/1889/1889 1888/1888/1888 1912/1912/1912
f 1888/1888/1888 1911/1911/1911 1912/1912/1912
f 1890/1890/1890 1889/1889/1889 1913/1913/1913
f 1889/1889/1889 1912/1912/1912 1913/1913/1913
f 1891/1891/1891 1890/1890/1890 1914/1914/1914
f 1890/1890/1890 1913/1913/1913 1914/1914/1914
f 1892/1892/1892 1891/1891/1891 1915/1915/1915
f 1891/1891/1891 1914/1914/1914 1915/1915/1915
f 1893/1893/1893 1892/1892/1892 1916/1916/1916
f 1892/1892/1892 1915/1915/1915 1916/1916/1916
f 1894/1894/1894 1893/1893/1893 1917/1917/1917
f 1893/1893/1893 1916/1916/1916 1917/1917/1917
f 1895/1895/1895 1894/1894/1894 1918/1918/1918
f 1894/1894/1894 1917/1917/1917 1918/1918/1918
f 1896/1896/1896 1895/1895/1895 1919/1919/1919
f 1895/1895/1895 1918/1918/1918 1919/1919/1919
f 1897/1897/1897 1896/1896/1896 1920/1920/1920
f 1896/1896/1896 1919/1919/1919 1920/1920/1920
f 1898/1898/1898 1897/1897/1897 1921/1921/1921
f 1897/1897/1897 1920/1920/1920 1921/1921/1921
f 1899/1899/1899 1898/1898/1898 1922/1922/1922
f 1898/1898/1898 1921/1921/1921 1922/1922/1922
f 1900/1900/1900 1899/1899/1899 1923/1923/1923
f 1899/1899/1899 1922/1922/1922 1923/1923/1923
f 1901/1901/1901 1900/1900/1900 1924/1924/1924
f 1900/1900/1900 1923/1923/1923 1924/1924/1924
f 1902/1902/1902 1901/1901/1901 1925/1925/1925
f 1901/1901/1901 1924/1924/1924 1925/1925/1925
f 1903/1903/1903 1902/1902/1902 1926/1926/1926
f 1902/1902/1902 1925/1925/1925 1926/1926/1926
f 1904/1904/1904 1903/1903/1903 1927/1927/1927
f 1903/1903/1903 1926/1926/1926 1927/1927/1927
f 1905/1905/1905 1904/1904/1904 1928/1928/1928
f 1904/1904/1904 1927/1927/1927 1928/1928/1928
f 1906/1906/1906 1905/1905/1905 1929/1929/1929
f 1905/1905/1905 1928/1928/1928 1929/1929/1929
f 1908/1908/1908 1907/1907/1907 1931/1931/1931
f 1907/1907/1907 1930/1930/1930 1931/1931/1931
f 1909/1909/1909 1908/1908/1908 1932/1932/1932
f 1908/1908/1908 1931/1931/1931 1932/1932/1932
f 1910/1910/1910 1909/1909/1909 1933/1933/1933
f 1909/1909/1909 1932/1932/1932 1933/1933/1933
f 1911/1911/1911 1910/1910/1910 1934/1934/1934
f 1910/1910/1910 1933/1933/1933 1934/1934/1934
f 1912/1912/1912 1911/1911/1911 1935/1935/1935
f 1911/1911/1911 1934/1934/1934 1935/1935/1935
f 1913/1913/1913 1912/1912/1912 1936/1936/1936
f 1912/1912/1912 1935/1935/1935 1936/1936/1936
f 1914/1914/1914 1913/1913/1913 1937/1937/1937
f 1913/1913/1913 1936/1936/1936 1937/1937/1937
f 1915/1915/1915 1914/1914/1914 1938/1938/1938
f 1914/1914/1914 1937/1937/1937 1938/1938/1938
f 1916/1916/1916 1915/1915/1915 1939/1939/1939
f 1915/1915/1915 1938/1938/1938 1939/1939/1939
f 1917/1917/1917 1916/1916/1916 1940/1940/1940
f 1916/1916/1916 1939/1939/1939 1940/1940/1940
f 1918/1918/1918 1917/1917/1917 1941/1941/1941
f 1917/1917/1917 1940/1940/1940 1941/1941/1941
f 1919/1919/1919 1918/1918/1918 1942/1942/1942
f 1918/1918/1918 1941/1941/1941 1942/1942/1942
f 1920/1920/1920 1919/1919/1919 1943/1943/1943
f 1919/1919/1919 1942/1942/1942 1943/1943/1943
f 1921/1921/1921 1920/1920/1920 1944/1944/1944
f 1920/1920/1920 1943/1943/1943 1944/1944/1944
f 1922/1922/1922 1921/1921/1921 1945/1945/1945
f 1921/1921/1921 1944/1944/1944 1945/1945/1945
f 1923/1923/1923 1922/1922/1922 1946/1946/1946
f 1922/1922/1922 1945/1945/1945 1946/1946/1946
f 1924/1924/1924 1923/1923/1923 1947/1947/1947
f 1923/1923/1923 1946/1946/1946 1947/1947/1947
f 1925/1925/1925 1924/1924/1924 1948/1948/1948
f 1924/1924/1924 1947/1947/1947 1948/1948/1948
f 1926/1926/1926 1925/1925/1925 1949/1949/1949
f 1925/1925/1925 1948/1948/1948 1949/1949/1949
f 1927/1927/1927 1926/1926/1926 1950/1950/1950
f 1926/1926/1926 1949/1949/1949 1950/1950/1950
f 1928/1928/1928 1927/1927/1927 1951/1951/1951
f 1927/1927/1927 1950/1950/1950 1951/1951/1951
f 1929/1929/1929 1928/1928/1928 1952/1952/1952
f 1928/1928/1928 1951/1951/1951 1952/1952/1952
f 1931/1931/1931 1930/1930/1930 1954/1954/1954
f 1930/1930/1930 1953/1953/1953 1954/1954/1954
f 1932/1932/1932 1931/1931/1931 1955/1955/1955
f 1931/1931/1931 1954/1954/1954 1955/1955/1955
f 1933/1933/1933 1932/1932/1932 1956/1956/1956
f 1932/1932/1932 1955/1955/1955 1956/1956/1956
f 1934/1934/1934 1933/1933/1933 1957/1957/1957
f 1933/1933/1933 1956/1956/1956 1957/1957/1957
f 1935/1935/1935 1934/1934/1934 1958/1958/1958
f 1934/1934/1934 1957/1957/1957 1958/1958/1958
f 1936/1936/1936 1935/1935/1935 1959/1959/1959
f 1935/1935/1935 1958/1958/1958 1959/1959/1959
f 1937/1937/1937 1936/1936/1936 1960/1960/1960
f 1936/1936/1936 1959/1959/1959 1960/1960/1960
f 1938/1938/1938 1937/1937/1937 1961/1961/1961
f 1937/1937/1937 1960/1960/1960 1961/1961/1961
f 1939/1939/1939 1938/1938/1938 1962/1962/1962
f 1938/1938/1938 1961/1961/1961 1962/1962/1962
f 1940/1940/1940 1939/1939/1939 1963/1963/1963
f 1939/1939/1939 1962/1962/1962 1963/1963/1963
f 1941/1941/1941 1940/1940/1940 1964/1964/1964
f 1940/1940/1940 1963/1963/1963 1964/1964/1964
f 1942/1942/1942 1941/1941/1941 1965/1965/1965
f 1941/1941/1941 1964/1964/1964 1965/1965/1965
f 1943/1943/1943 1942/1942/1942 1966/1966/1966
f 1942/1942/1942 1965/1965/1965 1966/1966/1966
f 1944/1944/1944 1943/1943/1943 1967/1967/1967
f 1943/1943/1943 1966/1966/1966 1967/1967/1967
f 1945/1945/1945 1944/1944/1944 1968/1968/1968
f 1944/1944/1944 1967/1967/1967 1968/1968/1968
f 1946/1946/1946 1945/1945/1945 1969/1969/1969
f 1945/1945/1945 1968/1968/1968 1969/1969/1969
f 1947/1947/1947 1946/1946/1946 1970/1970/1970
f 1946/1946/1946 1969/1969/1969 1970/1970/1970
f 1948/1948/1948 1947/1947/1947 1971/1971/1971
f 1947/1947/1947 1970/1970/1970 1971/1971/1971
f 1949/1949/1949 1948/1948/1948 1972/1972/1972
f 1948/1948/1948 1971/1971/1971 1972/1972/1972
f 1950/1950/1950 1949/1949/1949 1973/1973/1973
f 1949/1949/1949 1972/1972/1972 1973/1973/1973
f 1951/1951/1951 1950/1950/1950 1974/1974/1974
f 1950/1950/1950 1973/1973/1973 1974/1974/1974
f 1952/1952/1952 1951/1951/1951 1975/1975/1975
f 1951/1951/1951 1974/1974/1974 1975/1975/1975
f 1954/1954/1954 1953/1953/1953 1977/1977/1977
f 1953/1953/1953 1976/1976/1976 1977/1977/1977
f 1955/1955/1955 1954/1954/1954 1978/1978/1978
f 1954/1954/1954 1977/1977/1977 1978/1978/1978
f 1956/1956/1956 1955/1955/1955 1979/1979/1979
f 1955/1955/1955 1978/1978/1978 1979/1979/1979
f 1957/1957/1957 1956/1956/1956 1980/1980/1980
f 1956/1956/1956 1979/1979/1979 1980/1980/1980
f 1958/1958/1958 1957/1957/1957 1981/1981/1981
f 1957/1957/1957 1980/1980/1980 1981/1981/1981
f 1959/1959/1959 1958/1958/1958 1982/1982/1982
f 1958/1958/1958 1981/1981/1981 1982/1982/1982
f 1960/1960/1960 1959/1959/1959 1983/1983/1983
f 1959/1959/1959 1982/1982/1982 1983/1983/1983
f 1961/1961/1961 1960/1960/1960 1984/1984/1984
f 1960/1960/1960 1983/1983/1983 1984/1984/1984
f 1962/1962/1962 1961/1961/1961 1985/1985/1985
f 1961/1961/1961 1984/1984/1984 1985/1985/1985
f 1963/1963/1963 1962/1962/1962 1986/1986/1986
f 1962/1962/1962 1985/1985/1985 1986/1986/1986
f 1964/1964/1964 1963/1963/1963 1987/1987/1987
f 1963/1963/1963 1986/1986/1986 1987/1987/1987
f 1965/1965/1965 1964/1964/1964 1988/1988/1988
f 1964/1964/1964 1987/1987/1987 1988/1988/1988
f 1966/1966/1966 1965/1965/1965 1989/1989/1989
f 1965/1965/1965 1988/1988/1988 1989/1989/1989
f 1967/1967/1967 1966/1966/1966 1990/1990/1990
f 1966/1966/1966 1989/1989/1989 1990/1990/1990
f 1968/1968/1968 1967/1967/1967 1991/1991/1991
f 1967/1967/1967 1990/1990/1990 1991/1991/1991
f 1969/1969/1969 1968/1968/1968 1992/1992/1992
f 1968/1968/1968 1991/1991/1991 1992/1992/1992
f 1970/1970/1970 1969/1969/1969 1993/1993/1993
f 1969/1969/1969 1992/1992/1992 1993/1993/1993
f 1971/1971/1971 1970/1970/1970 1994/1994/1994
f 1970/1970/1970 1993/1993/1993 1994/1994/1994
f 1972/1972/1972 1971/1971/1971 1995/1995/1995
f 1971/1971/1971 1994/1994/1994 1995/1995/1995
f 1973/1973/1973 1972/1972/1972 1996/1996/1996
f 1972/1972/1972 1995/1995/1995 1996/1996/1996
f 1974/1974/1974 1973/1973/1973 1997/1997/1997
f 1973/1973/1973 1996/1996/1996 1997/1997/1997
f 1975/1975/1975 1974/1974/1974 1998/1998/1998
f 1974/1974/1974 1997/1997/1997 1998/1998/1998
f 1977/1977/1977 1976/1976/1976 2000/2000/2000
f 1976/1976/1976 1999/1999/1999 2000/2000/2000
f 1978/1978/1978 1977/1977/1977 2001/2001/2001
f 1977/1977/1977 2000/2000/2000 2001/2001/2001
f 1979/1979/1979 1978/1978/1978 2002/2002/2002
f 1978/1978/1978 2001/2001/2001 2002/2002/2002
f 1980/1980/1980 1979/1979/1979 2003/2003/2003
f 1979/1979/1979 2002/2002/2002 2003/2003/2003
f 1981/1981/1981 1980/1980/1980 2004/2004/2004
f 1980/1980/1980 2003/2003/2003 2004/2004/2004
f 1982/1982/1982 1981/1981/1981 2005/2005/2005
f 1981/1981/1981 2004/2004/2004 2005/2005/2005
f 1983/1983/1983 1982/1982/1982 2006/2006/2006
f 1982/1982/1982 2005/2005/2005 2006/2006/2006
f 1984/1984/1984 1983/1983/1983 2007/2007/2007
f 1983/1983/1983 2006/2006/2006 2007/2007/2007
f 1985/1985/1985 1984/1984/1984 2008/2008/2008
f 1984/1984/1984 2007/2007/2007 2008/2008/2008
f 1986/1986/1986 1985/1985/1985 2009/2009/2009
f 1985/1985/1985 2008/2008/2008 2009/2009/2009
f 1987/1987/1987 1986/1986/1986 2010/2010/2010
f 1986/1986/1986 2009/2009/2009 2010/2010/2010
f 1988/1988/1988 1987/1987/1987 2011/2011/2011
f 1987/1987/1987 2010/2010/2010 2011/2011/2011
f 1989/1989/1989 1988/1988/1988 2012/2012/2012
f 1988/1988/1988 2011/2011/2011 2012/2012/2012
f 1990/1990/1990 1989/1989/1989 2013/2013/2013
f 1989/1989/1989 2012/2012/2012 2013/2013/2013
f 1991/1991/1991 1990/1990/1990 2014/2014/2014
f 1990/1990/1990 2013/2013/2013 2014/2014/2014
f 1992/1992/1992 1991/1991/1991 2015/2015/2015
f 1991/1991/1991 2014/2014/2014 2015/2015/2015
f 1993/1993/1993 1992/1992/1992 2016/2016/2016
f 1992/1992/1992 2015/2015/2015 2016/2016/2016
f 1994/1994/1994 1993/1993/1993 2017/2017/2017
f 1993/1993/1993 2016/2016/2016 2017/2017/2017
f 1995/1995/1995 1994/1994/1994 2018/2018/2018
f 1994/1994/1994 2017/2017/2017 2018/2018/2018
f 1996/1996/1996 1995/1995/1995 2019/2019/2019
f 1995/1995/1995 2018/2018/2018 2019/2019/2019
f 1997/1997/1997 1996/1996/1996 2020/2020/2020
f 1996/1996/1996 2019/2019/2019 2020/2020/2020
f 1998/1998/1998 1997/1997/1997 2021/2021/2021
f 1997/1997/1997 2020/2020/2020 2021/2021/2021
f 2000/2000/2000 1999/1999/1999 2023/2023/2023
f 1999/1999/1999 2022/2022/2022 2023/2023/2023
f 2001/2001/2001 2000/2000/2000 2024/2024/2024
f 2000/2000/2000 2023/2023/2023 2024/2024/2024
f 2002/2002/2002 2001/2001/2001 2025/2025/2025
f 2001/2001/2001 2024/2024/2024 2025/2025/2025
f 2003/2003/2003 2002/2002/2002 2026/2026/2026
f 2002/2002/2002 2025/2025/2025 2026/2026/2026
f 2004/2004/2004 2003/2003/2003 2027/2027/2027
f 2003/2003/2003 2026/2026/2026 2027/2027/2027
f 2005/2005/2005 2004/2004/2004 2028/2028/2028
f 2004/2004/2004 2027/2027/2027 2028/2028/2028
f 2006/2006/2006 2005/2005/2005 2029/2029/2029
f 2005/2005/2005 2028/2028/2028 2029/2029/2029
f 2007/2007/2007 2006/2006/2006 2030/2030/2030
f 2006/2006/2006 2029/2029/2029 2030/2030/2030
f 2008/2008/2008 2007/2007/2007 2031/2031/2031
f 2007/2007/2007 2030/2030/2030 2031/2031/2031
f 2009/2009/2009 2008/2008/2008 2032/2032/2032
f 2008/2008/2008 2031/2031/2031 2032/2032/2032
f 2010/2010/2010 2009/2009/2009 2033/2033/2033
f 2009/2009/2009 2032/2032/2032 2033/2033/2033
f 2011/2011/2011 2010/2010/2010 2034/2034/2034
f 2010/2010/2010 2033/2033/2033 2034/2034/2034
f 2012/2012/2012 2011/2011/2011 2035/2035/2035
f 2011/2011/2011 2034/2034/2034 2035/2035/2035
f 2013/2013/2013 2012/2012/2012 2036/2036/2036
f 2012/2012/2012 2035/2035/2035 2036/2036/2036
f 2014/2014/2014 2013/2013/2013 2037/2037/2037
f 2013/2013/2013 2036/2036/2036 2037/2037/2037
f 2015/2015/2015 2014/2014/2014 2038/2038/2038
f 2014/2014/2014 2037/2037/2037 2038/2038/2038
f 2016/2016/2016 2015/2015/2015 2039/2039/2039
f 2015/2015/2015 2038/2038/2038 2039/2039/2039
f 2017/2017/2017 2016/2016/2016 2040/2040/2040
f 2016/2016/2016 2039/2039/2039 2040/2040/2040
f 2018/2018/2018 2017/2017/2017 2041/2041/2041
f 2017/2017/2017 2040/2040/2040 2041/2041/2041
f 2019/2019/2019 2018/2018/2018 2042/2042/2042
f 2018/2018/2018 2041/2041/2041 2042/2042/2042
f 2020/2020/2020 2019/2019/2019 2043/2043/2043
f 2019/2019/2019 2042/2042/2042 2043/2043/2043
f 2021/2021/2021 2020/2020/2020 2044/2044/2044
f 2020/2020/2020 2043/2043/2043 2044/2044/2044
f 2023/2023/2023 2022/2022/2022 2046/2046/2046
f 2022/2022/2022 2045/2045/2045 2046/2046/2046
f 2024/2024/2024 2023/2023/2023 2047/2047/2047
f 2023/2023/2023 2046/2046/2046 2047/2047/2047
f 2025/2025/2025 2024/2024/2024 2048/2048/2048
f 2024/2024/2024 2047/2047/2047 2048/2048/2048
f 2026/2026/2026 2025/2025/2025 2049/2049/2049
f 2025/2025/2025 2048/2048/2048 2049/2049/2049
f 2027/2027/2027 2026/2026/2026 2050/2050/2050
f 2026/2026/2026 2049/2049/2049 2050/2050/2050
f 2028/2028/2028 2027/2027/2027 2051/2051/2051
f 2027/2027/2027 2050/2050/2050 2051/2051/2051
f 2029/2029/2029 2028/2028/2028 2052/2052/2052
f 2028/2028/2028 2051/2051/2051 2052/2052/2052
f 2030/2030/2030 2029/2029/2029 2053/2053/2053
f 2029/2029/2029 2052/2052/2052 2053/2053/2053
f 2031/2031/2031 2030/2030/2030 2054/2054/2054
f 2030/2030/2030 2053/2053/2053 2054/2054/2054
f 2032/2032/2032 2031/2031/2031 2055/2055/2055
f 2031/2031/2031 2054/2054/2054 2055/2055/2055
f 2033/2033/2033 2032/2032/2032 2056/2056/2056
f 2032/2032/2032 2055/2055/2055 2056/2056/2056
f 2034/2034/2034 2033/2033/2033 2057/2057/2057
f 2033/2033/2033 2056/2056/2056 2057/2057/2057
f 2035/2035/2035 2034/2034/2034 2058/2058/2058
f 2034/2034/2034 2057/2057/2057 2058/2058/2058
f 2036/2036/2036 2035/2035/2035 2059/2059/2059
f 2035/2035/2035 2058/2058/2058 2059/2059/2059
f 2037/2037/2037 2036/2036/2036 2060/2060/2060
f 2036/2036/2036 2059/2059/2059 2060/2060/2060
f 2038/2038/2038 2037/2037/2037 2061/2061/2061
f 2037/2037/2037 2060/2060/2060 2061/2061/2061
f 2039/2039/2039 2038/2038/2038 2062/2062/2062
f 2038/2038/2038 2061/2061/2061 2062/2062/2062
f 2040/2040/2040 2039/2039/2039 2063/2063/2063
f 2039/2039/2039 2062/2062/2062 2063/2063/2063
f 2041/2041/2041 2040/2040/2040 2064/2064/2064
f 2040/2040/2040 2063/2063/2063 2064/2064/2064
f 2042/2042/2042 2041/2041/2041 2065/2065/2065
f 2041/2041/2041 2064/2064/2064 2065/2065/2065
f 2043/2043/2043 2042/2042/2042 2066/2066/2066
f 2042/2042/2042 2065/2065/2065 2066/2066/2066
f 2044/2044/2044 2043/2043/2043 2067/2067/2067
f 2043/2043/2043 2066/2066/2066 2067/2067/2067
f 2046/2046/2046 2045/2045/2045 2069/2069/2069
f 2045/2045/2045 2068/2068/2068 2069/2069/2069
f 2047/2047/2047 2046/2046/2046 2070/2070/2070
f 2046/2046/2046 2069/2069/2069 2070/2070/2070
f 2048/2048/2048 2047/2047/2047 2071/2071/2071
f 2047/2047/2047 2070/2070/2070 2071/2071/2071
f 2049/2049/2049 2048/2048/2048 2072/2072/2072
f 2048/2048/2048 2071/2071/2071 2072/2072/2072
f 2050/2050/2050 2049/2049/2049 2073/2073/2073
f 2049/2049/2049 2072/2072/2072 2073/2073/2073
f 2051/2051/2051 2050/2050/2050 2074/2074/2074
f 2050/2050/2050 2073/2073/2073 2074/2074/2074
f 2052/2052/2052 2051/2051/2051 2075/2075/2075
f 2051/2051/2051 2074/2074/2074 2075/2075/2075
f 2053/2053/2053 2052/2052/2052 2076/2076/2076
f 2052/2052/2052 2075/2075/2075 2076/2076/2076
f 2054/2054/2054 2053/2053/2053 2077/2077/2077
f 2053/2053/2053 2076/2076/2076 2077/2077/2077
f 2055/2055/2055 2054/2054/2054 2078/2078/2078
f 2054/2054/2054 2077/2077/2077 2078/2078/2078
f 2056/2056/2056 2055/2055/2055 2079/2079/2079
f 2055/2055/2055 2078/2078/2078 2079/2079/2079
f 2057/2057/2057 2056/2056/2056 2080/2080/2080
f 2056/2056/2056 2079/2079/2079 2080/2080/2080
f 2058/2058/2058 2057/2057/2057 2081/2081/2081
f 2057/2057/2057 2080/2080/2080 2081/2081/2081
f 2059/2059/2059 2058/2058/2058 2082/2082/2082
f 2058/2058/2058 2081/2081/2081 2082/2082/2082
f 2060/2060/2060 2059/2059/2059 2083/2083/2083
f 2059/2059/2059 2082/2082/2082 2083/2083/2083
f 2061/2061/2061 2060/2060/2060 2084/2084/2084
f 2060/2060/2060 2083/2083/2083 2084/2084/2084
f 2062/2062/2062 2061/2061/2061 2085/2085/2085
f 2061/2061/2061 2084/2084/2084 2085/2085/2085
f 2063/2063/2063 2062/2062/2062 2086/2086/2086
f 2062/2062/2062 2085/2085/2085 2086/2086/2086
f 2064/2064/2064 2063/2063/2063 2087/2087/2087
f 2063/2063/2063 2086/2086/2086 2087/2087/2087
f 2065/2065/2065 2064/2064/2064 2088/2088/2088
f 2064/2064/2064 2087/2087/2087 2088/2088/2088
f 2066/2066/2066 2065/2065/2065 2089/2089/2089
f 2065/2065/2065 2088/2088/2088 2089/2089/2089
f 2067/2067/2067 2066/2066/2066 2090/2090/2090
f 2066/2066/2066 2089/2089/2089 2090/2090/2090
f 2069/2069/2069 2068/2068/2068 2092/2092/2092
f 2068/2068/2068 2091/2091/2091 2092/2092/2092
f 2070/2070/2070 2069/2069/2069 2093/2093/2093
f 2069/2069/2069 2092/2092/2092 2093/2093/2093
f 2071/2071/2071 2070/2070/2070 2094/2094/2094
f 2070/2070/2070 2093/2093/2093 2094/2094/2094
f 2072/2072/2072 2071/2071/2071 2095/2095/2095
f 2071/2071/2071 2094/2094/2094 2095/2095/2095
f 2073/2073/2073 2072/2072/2072 2096/2096/2096
f 2072/2072/2072 2095/2095/2095 2096/2096/2096
f 2074/2074/2074 2073/2073/2073 2097/2097/2097
f 2073/2073/2073 2096/2096/2096 2097/2097/2097
f 2075/2075/2075 2074/2074/2074 2098/2098/2098
f 2074/2074/2074 2097/2097/2097 2098/2098/2098
f 2076/2076/2076 2075/2075/2075 2099/2099/2099
f 2075/2075/2075 2098/2098/2098 2099/2099/2099
f 2077/2077/2077 2076/2076/2076 2100/2100/2100
f 2076/2076/2076 2099/2099/2099 2100/2100/2100
f 2078/2078/2078 2077/2077/2077 2101/2101/2101
f 2077/2077/2077 2100/2100/2100 2101/2101/2101
f 2079/2079/2079 2078/2078/2078 2102/2102/2102
f 2078/2078/2078 2101/2101/2101 2102/2102/2102
f 2080/2080/2080 2079/2079/2079 2103/2103/2103
f 2079/2079/2079 2102/2102/2102 2103/2103/2103
f 2081/2081/2081 2080/2080/2080 2104/2104/2104
f 2080/2080/2080 2103/2103/2103 2104/2104/2104
f 2082/2082/2082 2081/2081/2081 2105/2105/2105
f 2081/2081/2081 2104/2104/2104 2105/2105/2105
f 2083/2083/2083 2082/2082/2082 2106/2106/2106
f 2082/2082/2082 2105/2105/2105 2106/2106/2106
f 2084/2084/2084 2083/2083/2083 2107/2107/2107
f 2083/2083/2083 2106/2106/2106 2107/2107/2107
f 2085/2085/2085 2084/2084/2084 2108/2108/2108
f 2084/2084/2084 2107/2107/2107 2108/2108/2108
f 2086/2086/2086 2085/2085/2085 2109/2109/2109
f 2085/2085/2085 2108/2108/2108 2109/2109/2109
f 2087/2087/2087 2086/2086/2086 2110/2110/2110
f 2086/2086/2086 2109/2109/2109 2110/2110/2110
f 2088/2088/2088 2087/2087/2087 2111/2111/2111
f 2087/2087/2087 2110/2110/2110 2111/2111/2111
f 2089/2089/2089 2088/2088/2088 2112/2112/2112
f 2088/2088/2088 2111/2111/2111 2112/2112/2112
f 2090/2090/2090 2089/2089/2089 2113/2113/2113
f 2089/2089/2089 2112/2112/2112 2113/2113/2113
f 2092/2092/2092 2091/2091/2091 2115/2115/2115
f 2091/2091/2091 2114/2114/2114 2115/2115/2115
f 2093/2093/2093 2092/2092/2092 2116/2116/2116
f 2092/2092/2092 2115/2115/2115 2116/2116/2116
f 2094/2094/2094 2093/2093/2093 2117/2117/2117
f 2093/2093/2093 2116/2116/2116 2117/2117/2117
f 2095/2095/2095 2094/2094/2094 2118/2118/2118
f 2094/2094/2094 2117/2117/2117 2118/2118/2118
f 2096/2096/2096 2095/2095/2095 2119/2119/2119
f 2095/2095/2095 2118/2118/2118 2119/2119/2119
f 2097/2097/2097 2096/2096/2096 2120/2120/2120
f 2096/2096/2096 2119/2119/2119 2120/2120/2120
f 2098/2098/2098 2097/2097/2097 2121/2121/2121
f 2097/2097/2097 2120/2120/2120 2121/2121/2121
f 2099/2099/2099 2098/2098/2098 2122/2122/2122
f 2098/2098/2098 2121/2121/2121 2122/2122/2122
f 2100/2100/2100 2099/2099/2099 2123/2123/2123
f 2099/2099/2099 2122/2122/2122 2123/2123/2123
f 2101/2101/2101 2100/2100/2100 2124/2124/2124
f 2100/2100/2100 2123/2123/2123 2124/2124/2124
f 2102/2102/2102 2101/2101/2101 2125/2125/2125
f 2101/2101/2101 2124/2124/2124 2125/2125/2125
f 2103/2103/2103 2102/2102/2102 2126/2126/2126
f 2102/2102/2102 2125/2125/2125 2126/2126/2126
f 2104/2104/2104 2103/2103/2103 2127/2127/2127
f 2103/2103/2103 2126/2126/2126 2127/2127/2127
f 2105/2105/2105 2104/2104/2104 2128/2128/2128
f 2104/2104/2104 2127/2127/2127 2128/2128/2128
f 2106/2106/2106 2105/2105/2105 2129/2129/2129
f 2105/2105/2105 2128/2128/2128 2129/2129/2129
f 2107/2107/2107 2106/2106/2106 2130/2130/2130
f 2106/2106/2106 2129/2129/2129 2130/2130/2130
f 2108/2108/2108 2107/2107/2107 2131/2131/2131
f 2107/2107/2107 2130/2130/2130 2131/2131/2131
f 2109/2109/2109 2108/2108/2108 2132/2132/2132
f 2108/2108/2108 2131/2131/2131 2132/2132/2132
f 2110/2110/2110 2109/2109/2109 2133/2133/2133
f 2109/2109/2109 2132/2132/2132 2133/2133/2133
f 2111/2111/2111 2110/2110/2110 2134/2134/2134
f 2110/2110/2110 2133/2133/2133 2134/2134/2134
f 2112/2112/2112 2111/2111/2111 2135/2135/2135
f 2111/2111/2111 2134/2134/2134 2135/2135/2135
f 2113/2113/2113 2112/2112/2112 2136/2136/2136
f 2112/2112/2112 2135/2135/2135 2136/2136/2136
f 2115/2115/2115 2114/2114/2114 2138/2138/2138
f 2114/2114/2114 2137/2137/2137 2138/2138/2138
f 2116/2116/2116 2115/2115/2115 2139/2139/2139
f 2115/2115/2115 2138/2138/2138 2139/2139/2139
f 2117/2117/2117 2116/2116/2116 2140/2140/2140
f 2116/2116/2116 2139/2139/2139 2140/2140/2140
f 2118/2118/2118 2117/2117/2117 2141/2141/2141
f 2117/2117/2117 2140/2140/2140 2141/2141/2141
f 2119/2119/2119 2118/2118/2118 2142/2142/2142
f 2118/2118/2118 2141/2141/2141 2142/2142/2142
f 2120/2120/2120 2119/2119/2119 2143/2143/2143
f 2119/2119/2119 2142/2142/2142 2143/2143/2143
f 2121/2121/2121 2120/2120/2120 2144/2144/2144
f 2120/2120/2120 2143/2143/2143 2144/2144/2144
f 2122/2122/2122 2121/2121/2121 2145/2145/2145
f 2121/2121/2121 2144/2144/2144 2145/2145/2145
f 2123/2123/2123 2122/2122/2122 2146/2146/2146
f 2122/2122/2122 2145/2145/2145 2146/2146/2146
f 2124/2124/2124 2123/2123/2123 2147/2147/2147
f 2123/2123/2123 2146/2146/2146 2147/2147/2147
f 2125/2125/2125 2124/2124/2124 2148/2148/2148
f 2124/2124/2124 2147/2147/2147 2148/2148/2148
f 2126/2126/2126 2125/2125/2125 2149/2149/2149
f 2125/2125/2125 2148/2148/2148 2149/2149/2149
f 2127/2127/2127 2126/2126/2126 2150/2150/2150
f 2126/2126/2126 2149/2149/2149 2150/2150/2150
f 2128/2128/2128 2127/2127/2127 2151/2151/2151
f 2127/2127/2127 2150/2150/2150 2151/2151/2151
f 2129/2129/2129 2128/2128/2128 2152/2152/2152
f 2128/2128/2128 2151/2151/2151 2152/2152/2152
f 2130/2130/2130 2129/2129/2129 2153/2153/2153
f 2129/2129/2129 2152/2152/2152 2153/2153/2153
f 2131/2131/2131 2130/2130/2130 2154/2154/2154
f 2130/2130/2130 2153/2153/2153 2154/2154/2154
f 2132/2132/2132 2131/2131/2131 2155/2155/2155
f 2131/2131/2131 2154/2154/2154 2155/2155/2155
f 2133/2133/2133 2132/2132/2132 2156/2156/2156
f 2132/2132/2132 2155/2155/2155 2156/2156/2156
f 2134/2134/2134 2133/2133/2133 2157/2157/2157
f 2133/2133/2133 2156/2156/2156 2157/2157/2157
f 2135/2135/2135 2134/2134/2134 2158/2158/2158
f 2134/2134/2134 2157/2157/2157 2158/2158/2158
f 2136/2136/2136 2135/2135/2135 2159/2159/2159
f 2135/2135/2135 2158/2158/2158 2159/2159/2159
f 2138/2138/2138 2137/2137/2137 2161/2161/2161
f 2137/2137/2137 2160/2160/2160 2161/2161/2161
f 2139/2139/2139 2138/2138/2138 2162/2162/2162
f 2138/2138/2138 2161/2161/2161 2162/2162/2162
f 2140/2140/2140 2139/2139/2139 2163/2163/2163
f 2139/2139/2139 2162/2162/2162 2163/2163/2163
f 2141/2141/2141 2140/2140/2140 2164/2164/2164
f 2140/2140/2140 2163/2163/2163 2164/2164/2164
f 2142/2142/2142 2141/2141/2141 2165/2165/2165
f 2141/2141/2141 2164/2164/2164 2165/2165/2165
f 2143/2143/2143 2142/2142/2142 2166/2166/2166
f 2142/2142/2142 2165/2165/2165 2166/2166/2166
f 2144/2144/2144 2143/2143/2143 2167/2167/2167
f 2143/2143/2143 2166/2166/2166 2167/2167/2167
f 2145/2145/2145 2144/2144/2144 2168/2168/2168
f 2144/2144/2144 2167/2167/2167 2168/2168/2168
f 2146/2146/2146 2145/2145/2145 2169/2169/2169
f 2145/2145/2145 2168/2168/2168 2169/2169/2169
f 2147/2147/2147 2146/2146/2146 2170/2170/2170
f 2146/2146/2146 2169/2169/2169 2170/2170/2170
f 2148/2148/2148 2147/2147/2147 2171/2171/2171
f 2147/2147/2147 2170/2170/2170 2171/2171/2171
f 2149/2149/2149 2148/2148/2148 2172/2172/2172
f 2148/2148/2148 2171/2171/2171 2172/2172/2172
f 2150/2150/2150 2149/2149/2149 2173/2173/2173
f 2149/2149/2149 2172/2172/2172 2173/2173/2173
f 2151/2151/2151 2150/2150/2150 2174/2174/2174
f 2150/2150/2150 2173/2173/2173 2174/2174/2174
f 2152/2152/2152 2151/2151/2151 2175/2175/2175
f 2151/2151/2151 2174/2174/2174 2175/2175/2175
f 2153/2153/2153 2152/2152/2152 2176/2176/2176
f 2152/2152/2152 2175/2175/2175 2176/2176/2176
f 2154/2154/2154 2153/2153/2153 2177/2177/2177
f 2153/2153/2153 2176/2176/2176 2177/2177/2177
f 2155/2155/2155 2154/2154/2154 2178/2178/2178
f 2154/2154/2154 2177/2177/2177 2178/2178/2178
f 2156/2156/2156 2155/2155/2155 2179/2179/2179
f 2155/2155/2155 2178/2178/2178 2179/2179/2179
f 2157/2157/2157 2156/2156/2156 2180/2180/2180
f 2156/2156/2156 2179/2179/2179 2180/2180/2180
f 2158/2158/2158 2157/2157/2157 2181/2181/2181
f 2157/2157/2157 2180/2180/2180 2181/2181/2181
f 2159/2159/2159 2158/2158/2158 2182/2182/2182
f 2158/2158/2158 2181/2181/2181 2182/2182/2182
f 2161/2161/2161 2160/2160/2160 2184/2184/2184
f 2162/2162/2162 2161/2161/2161 2185/2185/2185
f 2163/2163/2163 2162/2162/2162 2186/2186/2186
f 2164/2164/2164 2163/2163/2163 2187/2187/2187
f 2165/2165/2165 2164/2164/2164 2188/2188/2188
f 2166/2166/2166 2165/2165/2165 2189/2189/2189
f 2167/2167/2167 2166/2166/2166 2190/2190/2190
f 2168/2168/2168 2167/2167/2167 2191/2191/2191
f 2169/2169/2169 2168/2168/2168 2192/2192/2192
f 2170/2170/2170 2169/2169/2169 2193/2193/2193
f 2171/2171/2171 2170/2170/2170 2194/2194/2194
f 2172/2172/2172 2171/2171/2171 2195/2195/2195
f 2173/2173/2173 2172/2172/2172 2196/2196/2196
f 2174/2174/2174 2173/2173/2173 2197/2197/2197
f 2175/2175/2175 2174/2174/2174 2198/2198/2198
f 2176/2176/2176 2175/2175/2175 2199/2199/2199
f 2177/2177/2177 2176/2176/2176 2200/2200/2200
f 2178/2178/2178 2177/2177/2177 2201/2201/2201
f 2179/2179/2179 2178/2178/2178 2202/2202/2202
f 2180/2180/2180 2179/2179/2179 2203/2203/2203
f 2181/2181/2181 2180/2180/2180 2204/2204/2204
f 2182/2182/2182 2181/2181/2181 2205/2205/2205
o faceScreen
v 0.2800000011920929 0.17000000178813934 0.05000000074505806
v 0.2800000011920929 0.17000000178813934 -0.05000000074505806
v 0.2800000011920929 -0.17000000178813934 0.05000000074505806
v 0.2800000011920929 -0.17000000178813934 -0.05000000074505806
v -0.2800000011920929 0.17000000178813934 -0.05000000074505806
v -0.2800000011920929 0.17000000178813934 0.05000000074505806
v -0.2800000011920929 -0.17000000178813934 -0.05000000074505806
v -0.2800000011920929 -0.17000000178813934 0.05000000074505806
v -0.2800000011920929 0.17000000178813934 -0.05000000074505806
v 0.2800000011920929 0.17000000178813934 -0.05000000074505806
v -0.2800000011920929 0.17000000178813934 0.05000000074505806
v 0.2800000011920929 0.17000000178813934 0.05000000074505806
v -0.2800000011920929 -0.17000000178813934 0.05000000074505806
v 0.2800000011920929 -0.17000000178813934 0.05000000074505806
v -0.2800000011920929 -0.17000000178813934 -0.05000000074505806
v 0.2800000011920929 -0.17000000178813934 -0.05000000074505806
v -0.2800000011920929 0.17000000178813934 0.05000000074505806
v 0.2800000011920929 0.17000000178813934 0.05000000074505806
v -0.2800000011920929 -0.17000000178813934 0.05000000074505806
v 0.2800000011920929 -0.17000000178813934 0.05000000074505806
v 0.2800000011920929 0.17000000178813934 -0.05000000074505806
v -0.2800000011920929 0.17000000178813934 -0.05000000074505806
v 0.2800000011920929 -0.17000000178813934 -0.05000000074505806
v -0.2800000011920929 -0.17000000178813934 -0.05000000074505806
vt 0 1
vt 1 1
vt 0 0
vt 1 0
vt 0 1
vt 1 1
vt 0 0
vt 1 0
vt 0 1
vt 1 1
vt 0 0
vt 1 0
vt 0 1
vt 1 1
vt 0 0
vt 1 0
vt 0 1
vt 1 1
vt 0 0
vt 1 0
vt 0 1
vt 1 1
vt 0 0
vt 1 0
vn 1 0 0
vn 1 0 0
vn 1 0 0
vn 1 0 0
vn -1 0 0
vn -1 0 0
vn -1 0 0
vn -1 0 0
vn 0 1 0
vn 0 1 0
vn 0 1 0
vn 0 1 0
vn 0 -1 0
vn 0 -1 0
vn 0 -1 0
vn 0 -1 0
vn 0 0 1
vn 0 0 1
vn 0 0 1
vn 0 0 1
vn 0 0 -1
vn 0 0 -1
vn 0 0 -1
vn 0 0 -1
f 2206/2206/2206 2208/2208/2208 2207/2207/2207
f 2208/2208/2208 2209/2209/2209 2207/2207/2207
f 2210/2210/2210 2212/2212/2212 2211/2211/2211
f 2212/2212/2212 2213/2213/2213 2211/2211/2211
f 2214/2214/2214 2216/2216/2216 2215/2215/2215
f 2216/2216/2216 2217/2217/2217 2215/2215/2215
f 2218/2218/2218 2220/2220/2220 2219/2219/2219
f 2220/2220/2220 2221/2221/2221 2219/2219/2219
f 2222/2222/2222 2224/2224/2224 2223/2223/2223
f 2224/2224/2224 2225/2225/2225 2223/2223/2223
f 2226/2226/2226 2228/2228/2228 2227/2227/2227
f 2228/2228/2228 2229/2229/2229 2227/2227/2227
o eyeL
v 0 -0.07999999821186066 -1.010333620295539e-17
v 0 -0.07812592387199402 0.014235047623515129
v 0 -0.07263139635324478 0.027499999850988388
v 0 -0.06389087438583374 0.03889087215065956
v 0 -0.05249999836087227 0.0476313978433609
v 0 -0.03923504799604416 0.05312592163681984
v 0 -0.02500000037252903 0.054999999701976776
v 0 0.02500000037252903 0.054999999701976776
v 0 0.03923504799604416 0.05312592163681984
v 0 0.05249999836087227 0.0476313978433609
v 0 0.06389087438583374 0.03889087215065956
v 0 0.07263139635324478 0.027499999850988388
v 0 0.07812592387199402 0.014235047623515129
v 0 0.07999999821186066 3.367778596455028e-18
v -7.144137266216336e-18 -0.07999999821186066 -7.144137266216336e-18
v 0.010065698996186256 -0.07812592387199402 0.010065698996186256
v 0.01944543607532978 -0.07263139635324478 0.01944543607532978
v 0.027499999850988388 -0.06389087438583374 0.027499999850988388
v 0.03368048369884491 -0.05249999836087227 0.03368048369884491
v 0.037565696984529495 -0.03923504799604416 0.037565696984529495
v 0.03889087215065956 -0.02500000037252903 0.03889087215065956
v 0.03889087215065956 0.02500000037252903 0.03889087215065956
v 0.037565696984529495 0.03923504799604416 0.037565696984529495
v 0.03368048369884491 0.05249999836087227 0.03368048369884491
v 0.027499999850988388 0.06389087438583374 0.027499999850988388
v 0.01944543607532978 0.07263139635324478 0.01944543607532978
v 0.010065698996186256 0.07812592387199402 0.010065698996186256
v 2.3813791576704963e-18 0.07999999821186066 2.3813791576704963e-18
v -1.010333620295539e-17 -0.07999999821186066 -6.186509218942617e-34
v 0.014235047623515129 -0.07812592387199402 8.716452927905094e-19
v 0.027499999850988388 -0.07263139635324478 1.683889298227514e-18
v 0.03889087215065956 -0.06389087438583374 2.3813791576704963e-18
v 0.0476313978433609 -0.05249999836087227 2.9165819711948626e-18
v 0.05312592163681984 -0.03923504799604416 3.2530244504610057e-18
v 0.054999999701976776 -0.02500000037252903 3.367778596455028e-18
v 0.054999999701976776 0.02500000037252903 3.367778596455028e-18
v 0.05312592163681984 0.03923504799604416 3.2530244504610057e-18
v 0.0476313978433609 0.05249999836087227 2.9165819711948626e-18
v 0.03889087215065956 0.06389087438583374 2.3813791576704963e-18
v 0.027499999850988388 0.07263139635324478 1.683889298227514e-18
v 0.014235047623515129 0.07812592387199402 8.716452927905094e-19
v 3.367778596455028e-18 0.07999999821186066 2.062169739647539e-34
v -7.144137266216336e-18 -0.07999999821186066 7.144137266216336e-18
v 0.010065698996186256 -0.07812592387199402 -0.010065698996186256
v 0.01944543607532978 -0.07263139635324478 -0.01944543607532978
v 0.027499999850988388 -0.06389087438583374 -0.027499999850988388
v 0.03368048369884491 -0.05249999836087227 -0.03368048369884491
v 0.037565696984529495 -0.03923504799604416 -0.037565696984529495
v 0.03889087215065956 -0.02500000037252903 -0.03889087215065956
v 0.03889087215065956 0.02500000037252903 -0.03889087215065956
v 0.037565696984529495 0.03923504799604416 -0.037565696984529495
v 0.03368048369884491 0.05249999836087227 -0.03368048369884491
v 0.027499999850988388 0.06389087438583374 -0.027499999850988388
v 0.01944543607532978 0.07263139635324478 -0.01944543607532978
v 0.010065698996186256 0.07812592387199402 -0.010065698996186256
v 2.3813791576704963e-18 0.07999999821186066 -2.3813791576704963e-18
v -1.2373018437885234e-33 -0.07999999821186066 1.010333620295539e-17
v 1.7432905855810188e-18 -0.07812592387199402 -0.014235047623515129
v 3.367778596455028e-18 -0.07263139635324478 -0.027499999850988388
v 4.762758315340993e-18 -0.06389087438583374 -0.03889087215065956
v 5.833163942389725e-18 -0.05249999836087227 -0.0476313978433609
v 6.5060489009220114e-18 -0.03923504799604416 -0.05312592163681984
v 6.735557192910056e-18 -0.02500000037252903 -0.054999999701976776
v 6.735557192910056e-18 0.02500000037252903 -0.054999999701976776
v 6.5060489009220114e-18 0.03923504799604416 -0.05312592163681984
v 5.833163942389725e-18 0.05249999836087227 -0.0476313978433609
v 4.762758315340993e-18 0.06389087438583374 -0.03889087215065956
v 3.367778596455028e-18 0.07263139635324478 -0.027499999850988388
v 1.7432905855810188e-18 0.07812592387199402 -0.014235047623515129
v 4.124339479295078e-34 0.07999999821186066 -3.367778596455028e-18
v 7.144137266216336e-18 -0.07999999821186066 7.144137266216336e-18
v -0.010065698996186256 -0.07812592387199402 -0.010065698996186256
v -0.01944543607532978 -0.07263139635324478 -0.01944543607532978
v -0.027499999850988388 -0.06389087438583374 -0.027499999850988388
v -0.03368048369884491 -0.05249999836087227 -0.03368048369884491
v -0.037565696984529495 -0.03923504799604416 -0.037565696984529495
v -0.03889087215065956 -0.02500000037252903 -0.03889087215065956
v -0.03889087215065956 0.02500000037252903 -0.03889087215065956
v -0.037565696984529495 0.03923504799604416 -0.037565696984529495
v -0.03368048369884491 0.05249999836087227 -0.03368048369884491
v -0.027499999850988388 0.06389087438583374 -0.027499999850988388
v -0.01944543607532978 0.07263139635324478 -0.01944543607532978
v -0.010065698996186256 0.07812592387199402 -0.010065698996186256
v -2.3813791576704963e-18 0.07999999821186066 -2.3813791576704963e-18
v 1.010333620295539e-17 -0.07999999821186066 1.855952765682785e-33
v -0.014235047623515129 -0.07812592387199402 -2.6149358783715282e-18
v -0.027499999850988388 -0.07263139635324478 -5.051668101477695e-18
v -0.03889087215065956 -0.06389087438583374 -7.144137266216336e-18
v -0.0476313978433609 -0.05249999836087227 -8.749746120379741e-18
v -0.05312592163681984 -0.03923504799604416 -9.75907355817817e-18
v -0.054999999701976776 -0.02500000037252903 -1.010333620295539e-17
v -0.054999999701976776 0.02500000037252903 -1.010333620295539e-17
v -0.05312592163681984 0.03923504799604416 -9.75907355817817e-18
v -0.0476313978433609 0.05249999836087227 -8.749746120379741e-18
v -0.03889087215065956 0.06389087438583374 -7.144137266216336e-18
v -0.027499999850988388 0.07263139635324478 -5.051668101477695e-18
v -0.014235047623515129 0.07812592387199402 -2.6149358783715282e-18
v -3.367778596455028e-18 0.07999999821186066 -6.186509218942617e-34
v 7.144137266216336e-18 -0.07999999821186066 -7.144137266216336e-18
v -0.010065698996186256 -0.07812592387199402 0.010065698996186256
v -0.01944543607532978 -0.07263139635324478 0.01944543607532978
v -0.027499999850988388 -0.06389087438583374 0.027499999850988388
v -0.03368048369884491 -0.05249999836087227 0.03368048369884491
v -0.037565696984529495 -0.03923504799604416 0.037565696984529495
v -0.03889087215065956 -0.02500000037252903 0.03889087215065956
v -0.03889087215065956 0.02500000037252903 0.03889087215065956
v -0.037565696984529495 0.03923504799604416 0.037565696984529495
v -0.03368048369884491 0.05249999836087227 0.03368048369884491
v -0.027499999850988388 0.06389087438583374 0.027499999850988388
v -0.01944543607532978 0.07263139635324478 0.01944543607532978
v -0.010065698996186256 0.07812592387199402 0.010065698996186256
v -2.3813791576704963e-18 0.07999999821186066 2.3813791576704963e-18
v 2.4746036875770468e-33 -0.07999999821186066 -1.010333620295539e-17
v -3.4865811711620376e-18 -0.07812592387199402 0.014235047623515129
v -6.735557192910056e-18 -0.07263139635324478 0.027499999850988388
v -9.525516630681985e-18 -0.06389087438583374 0.03889087215065956
v -1.166632788477945e-17 -0.05249999836087227 0.0476313978433609
v -1.3012097801844023e-17 -0.03923504799604416 0.05312592163681984
v -1.3471114385820111e-17 -0.02500000037252903 0.054999999701976776
v -1.3471114385820111e-17 0.02500000037252903 0.054999999701976776
v -1.3012097801844023e-17 0.03923504799604416 0.05312592163681984
v -1.166632788477945e-17 0.05249999836087227 0.0476313978433609
v -9.525516630681985e-18 0.06389087438583374 0.03889087215065956
v -6.735557192910056e-18 0.07263139635324478 0.027499999850988388
v -3.4865811711620376e-18 0.07812592387199402 0.014235047623515129
v -8.248678958590156e-34 0.07999999821186066 3.367778596455028e-18
vt 0 0
vt 0 0.07692307978868484
vt 0 0.1538461595773697
vt 0 0.23076923191547394
vt 0 0.3076923191547394
vt 0 0.38461539149284363
vt 0 0.4615384638309479
vt 0 0.5384615659713745
vt 0 0.6153846383094788
vt 0 0.692307710647583
vt 0 0.7692307829856873
vt 0 0.8461538553237915
vt 0 0.9230769276618958
vt 0 1
vt 0.125 0
vt 0.125 0.07692307978868484
vt 0.125 0.1538461595773697
vt 0.125 0.23076923191547394
vt 0.125 0.3076923191547394
vt 0.125 0.38461539149284363
vt 0.125 0.4615384638309479
vt 0.125 0.5384615659713745
vt 0.125 0.6153846383094788
vt 0.125 0.692307710647583
vt 0.125 0.7692307829856873
vt 0.125 0.8461538553237915
vt 0.125 0.9230769276618958
vt 0.125 1
vt 0.25 0
vt 0.25 0.07692307978868484
vt 0.25 0.1538461595773697
vt 0.25 0.23076923191547394
vt 0.25 0.3076923191547394
vt 0.25 0.38461539149284363
vt 0.25 0.4615384638309479
vt 0.25 0.5384615659713745
vt 0.25 0.6153846383094788
vt 0.25 0.692307710647583
vt 0.25 0.7692307829856873
vt 0.25 0.8461538553237915
vt 0.25 0.9230769276618958
vt 0.25 1
vt 0.375 0
vt 0.375 0.07692307978868484
vt 0.375 0.1538461595773697
vt 0.375 0.23076923191547394
vt 0.375 0.3076923191547394
vt 0.375 0.38461539149284363
vt 0.375 0.4615384638309479
vt 0.375 0.5384615659713745
vt 0.375 0.6153846383094788
vt 0.375 0.692307710647583
vt 0.375 0.7692307829856873
vt 0.375 0.8461538553237915
vt 0.375 0.9230769276618958
vt 0.375 1
vt 0.5 0
vt 0.5 0.07692307978868484
vt 0.5 0.1538461595773697
vt 0.5 0.23076923191547394
vt 0.5 0.3076923191547394
vt 0.5 0.38461539149284363
vt 0.5 0.4615384638309479
vt 0.5 0.5384615659713745
vt 0.5 0.6153846383094788
vt 0.5 0.692307710647583
vt 0.5 0.7692307829856873
vt 0.5 0.8461538553237915
vt 0.5 0.9230769276618958
vt 0.5 1
vt 0.625 0
vt 0.625 0.07692307978868484
vt 0.625 0.1538461595773697
vt 0.625 0.23076923191547394
vt 0.625 0.3076923191547394
vt 0.625 0.38461539149284363
vt 0.625 0.4615384638309479
vt 0.625 0.5384615659713745
vt 0.625 0.6153846383094788
vt 0.625 0.692307710647583
vt 0.625 0.7692307829856873
vt 0.625 0.8461538553237915
vt 0.625 0.9230769276618958
vt 0.625 1
vt 0.75 0
vt 0.75 0.07692307978868484
vt 0.75 0.1538461595773697
vt 0.75 0.23076923191547394
vt 0.75 0.3076923191547394
vt 0.75 0.38461539149284363
vt 0.75 0.4615384638309479
vt 0.75 0.5384615659713745
vt 0.75 0.6153846383094788
vt 0.75 0.692307710647583
vt 0.75 0.7692307829856873
vt 0.75 0.8461538553237915
vt 0.75 0.9230769276618958
vt 0.75 1
vt 0.875 0
vt 0.875 0.07692307978868484
vt 0.875 0.1538461595773697
vt 0.875 0.23076923191547394
vt 0.875 0.3076923191547394
vt 0.875 0.38461539149284363
vt 0.875 0.4615384638309479
vt 0.875 0.5384615659713745
vt 0.875 0.6153846383094788
vt 0.875 0.692307710647583
vt 0.875 0.7692307829856873
vt 0.875 0.8461538553237915
vt 0.875 0.9230769276618958
vt 0.875 1
vt 1 0
vt 1 0.07692307978868484
vt 1 0.1538461595773697
vt 1 0.23076923191547394
vt 1 0.3076923191547394
vt 1 0.38461539149284363
vt 1 0.4615384638309479
vt 1 0.5384615659713745
vt 1 0.6153846383094788
vt 1 0.692307710647583
vt 1 0.7692307829856873
vt 1 0.8461538553237915
vt 1 0.9230769276618958
vt 1 1
vn 0 -0.9914448627185043 0.13052618200608704
vn 0 -0.9659258257467466 0.2588190471264927
vn 0 -0.8660253998985324 0.5000000067305869
vn 0 -0.7071067811865476 0.7071067811865476
vn 0 -0.5000000067305869 0.8660253998985324
vn 0 -0.2588190471264927 0.9659258257467466
vn 0 -0.02916293433947583 0.9995746711780523
vn 0 0.02916293433947583 0.9995746711780523
vn 0 0.2588190471264927 0.9659258257467466
vn 0 0.5000000067305869 0.8660253998985324
vn 0 0.7071067811865476 0.7071067811865476
vn 0 0.8660253998985324 0.5000000067305869
vn 0 0.9659258257467466 0.2588190471264927
vn 0 0.9914448613229329 0.13052619260650544
vn 0.09229594997210035 -0.991444862429321 0.09229594997210035
vn 0.18301271094246616 -0.9659258228595912 0.18301271094246616
vn 0.3535533908144109 -0.8660254036038809 0.3535533908144109
vn 0.5000000042785677 -0.7071067751357388 0.5000000042785677
vn 0.6123724412671231 -0.4999999863530877 0.6123724412671231
vn 0.6830127036271734 -0.2588190359455774 0.6830127036271734
vn 0.706806028277662 -0.029162935049708873 0.706806028277662
vn 0.706806028277662 0.029162935049708873 0.706806028277662
vn 0.6830127036271734 0.2588190359455774 0.6830127036271734
vn 0.6123724412671231 0.4999999863530877 0.6123724412671231
vn 0.5000000042785677 0.7071067751357388 0.5000000042785677
vn 0.3535533908144109 0.8660254036038809 0.3535533908144109
vn 0.18301271094246616 0.9659258228595912 0.18301271094246616
vn 0.09229595404843416 0.9914448616703699 0.09229595404843416
vn 0.13052618200608704 -0.9914448627185043 7.992424033768624e-18
vn 0.2588190471264927 -0.9659258257467466 1.5848095844680132e-17
vn 0.5000000067305869 -0.8660253998985324 3.06161717267588e-17
vn 0.7071067811865476 -0.7071067811865476 4.329780375814312e-17
vn 0.8660253998985324 -0.5000000067305869 5.302876307448087e-17
vn 0.9659258257467466 -0.2588190471264927 5.914589613696059e-17
vn 0.9995746711780523 -0.02916293433947583 6.120629697374921e-17
vn 0.9995746711780523 0.02916293433947583 6.120629697374921e-17
vn 0.9659258257467466 0.2588190471264927 5.914589613696059e-17
vn 0.8660253998985324 0.5000000067305869 5.302876307448087e-17
vn 0.7071067811865476 0.7071067811865476 4.329780375814312e-17
vn 0.5000000067305869 0.8660253998985324 3.06161717267588e-17
vn 0.2588190471264927 0.9659258257467466 1.5848095844680132e-17
vn 0.13052619260650544 0.9914448613229329 7.992424016522215e-18
vn 0.09229594997210035 -0.991444862429321 -0.09229594997210035
vn 0.18301271094246616 -0.9659258228595912 -0.18301271094246616
vn 0.3535533908144109 -0.8660254036038809 -0.3535533908144109
vn 0.5000000042785677 -0.7071067751357388 -0.5000000042785677
vn 0.6123724412671231 -0.4999999863530877 -0.6123724412671231
vn 0.6830127036271734 -0.2588190359455774 -0.6830127036271734
vn 0.706806028277662 -0.029162935049708873 -0.706806028277662
vn 0.706806028277662 0.029162935049708873 -0.706806028277662
vn 0.6830127036271734 0.2588190359455774 -0.6830127036271734
vn 0.6123724412671231 0.4999999863530877 -0.6123724412671231
vn 0.5000000042785677 0.7071067751357388 -0.5000000042785677
vn 0.3535533908144109 0.8660254036038809 -0.3535533908144109
vn 0.18301271094246616 0.9659258228595912 -0.18301271094246616
vn 0.09229595404843416 0.9914448616703699 -0.09229595404843416
vn 1.5984848067537247e-17 -0.9914448627185043 -0.13052618200608704
vn 3.1696191689360264e-17 -0.9659258257467466 -0.2588190471264927
vn 6.12323434535176e-17 -0.8660253998985324 -0.5000000067305869
vn 8.659560751628624e-17 -0.7071067811865476 -0.7071067811865476
vn 1.0605752614896174e-16 -0.5000000067305869 -0.8660253998985324
vn 1.1829179227392118e-16 -0.2588190471264927 -0.9659258257467466
vn 1.2241259394749843e-16 -0.02916293433947583 -0.9995746711780523
vn 1.2241259394749843e-16 0.02916293433947583 -0.9995746711780523
vn 1.1829179227392118e-16 0.2588190471264927 -0.9659258257467466
vn 1.0605752614896174e-16 0.5000000067305869 -0.8660253998985324
vn 8.659560751628624e-17 0.7071067811865476 -0.7071067811865476
vn 6.12323434535176e-17 0.8660253998985324 -0.5000000067305869
vn 3.1696191689360264e-17 0.9659258257467466 -0.2588190471264927
vn 1.598484803304443e-17 0.9914448613229329 -0.13052619260650544
vn -0.09229594997210035 -0.991444862429321 -0.09229594997210035
vn -0.18301271094246616 -0.9659258228595912 -0.18301271094246616
vn -0.3535533908144109 -0.8660254036038809 -0.3535533908144109
vn -0.5000000042785677 -0.7071067751357388 -0.5000000042785677
vn -0.6123724412671231 -0.4999999863530877 -0.6123724412671231
vn -0.6830127036271734 -0.2588190359455774 -0.6830127036271734
vn -0.706806028277662 -0.029162935049708873 -0.706806028277662
vn -0.706806028277662 0.029162935049708873 -0.706806028277662
vn -0.6830127036271734 0.2588190359455774 -0.6830127036271734
vn -0.6123724412671231 0.4999999863530877 -0.6123724412671231
vn -0.5000000042785677 0.7071067751357388 -0.5000000042785677
vn -0.3535533908144109 0.8660254036038809 -0.3535533908144109
vn -0.18301271094246616 0.9659258228595912 -0.18301271094246616
vn -0.09229595404843416 0.9914448616703699 -0.09229595404843416
vn -0.13052618200608704 -0.9914448627185043 -2.3977272101305873e-17
vn -0.2588190471264927 -0.9659258257467466 -4.75442875340404e-17
vn -0.5000000067305869 -0.8660253998985324 -9.18485085628314e-17
vn -0.7071067811865476 -0.7071067811865476 -1.2989340465698435e-16
vn -0.8660253998985324 -0.5000000067305869 -1.5908628922344263e-16
vn -0.9659258257467466 -0.2588190471264927 -1.7743769502832676e-16
vn -0.9995746711780523 -0.02916293433947583 -1.8361889092124766e-16
vn -0.9995746711780523 0.02916293433947583 -1.8361889092124766e-16
vn -0.9659258257467466 0.2588190471264927 -1.7743769502832676e-16
vn -0.8660253998985324 0.5000000067305869 -1.5908628922344263e-16
vn -0.7071067811865476 0.7071067811865476 -1.2989340465698435e-16
vn -0.5000000067305869 0.8660253998985324 -9.18485085628314e-17
vn -0.2588190471264927 0.9659258257467466 -4.75442875340404e-17
vn -0.13052619260650544 0.9914448613229329 -2.3977272049566646e-17
vn -0.09229594997210035 -0.991444862429321 0.09229594997210035
vn -0.18301271094246616 -0.9659258228595912 0.18301271094246616
vn -0.3535533908144109 -0.8660254036038809 0.3535533908144109
vn -0.5000000042785677 -0.7071067751357388 0.5000000042785677
vn -0.6123724412671231 -0.4999999863530877 0.6123724412671231
vn -0.6830127036271734 -0.2588190359455774 0.6830127036271734
vn -0.706806028277662 -0.029162935049708873 0.706806028277662
vn -0.706806028277662 0.029162935049708873 0.706806028277662
vn -0.6830127036271734 0.2588190359455774 0.6830127036271734
vn -0.6123724412671231 0.4999999863530877 0.6123724412671231
vn -0.5000000042785677 0.7071067751357388 0.5000000042785677
vn -0.3535533908144109 0.8660254036038809 0.3535533908144109
vn -0.18301271094246616 0.9659258228595912 0.18301271094246616
vn -0.09229595404843416 0.9914448616703699 0.09229595404843416
vn -3.1969696135074495e-17 -0.9914448627185043 0.13052618200608704
vn -6.339238337872053e-17 -0.9659258257467466 0.2588190471264927
vn -1.224646869070352e-16 -0.8660253998985324 0.5000000067305869
vn -1.7319121503257247e-16 -0.7071067811865476 0.7071067811865476
vn -2.1211505229792348e-16 -0.5000000067305869 0.8660253998985324
vn -2.3658358454784237e-16 -0.2588190471264927 0.9659258257467466
vn -2.4482518789499686e-16 -0.02916293433947583 0.9995746711780523
vn -2.4482518789499686e-16 0.02916293433947583 0.9995746711780523
vn -2.3658358454784237e-16 0.2588190471264927 0.9659258257467466
vn -2.1211505229792348e-16 0.5000000067305869 0.8660253998985324
vn -1.7319121503257247e-16 0.7071067811865476 0.7071067811865476
vn -1.224646869070352e-16 0.8660253998985324 0.5000000067305869
vn -6.339238337872053e-17 0.9659258257467466 0.2588190471264927
vn -3.196969606608886e-17 0.9914448613229329 0.13052619260650544
f 2230/2230/2230 2244/2244/2244 2231/2231/2231
f 2245/2245/2245 2231/2231/2231 2244/2244/2244
f 2231/2231/2231 2245/2245/2245 2232/2232/2232
f 2246/2246/2246 2232/2232/2232 2245/2245/2245
f 2232/2232/2232 2246/2246/2246 2233/2233/2233
f 2247/2247/2247 2233/2233/2233 2246/2246/2246
f 2233/2233/2233 2247/2247/2247 2234/2234/2234
f 2248/2248/2248 2234/2234/2234 2247/2247/2247
f 2234/2234/2234 2248/2248/2248 2235/2235/2235
f 2249/2249/2249 2235/2235/2235 2248/2248/2248
f 2235/2235/2235 2249/2249/2249 2236/2236/2236
f 2250/2250/2250 2236/2236/2236 2249/2249/2249
f 2236/2236/2236 2250/2250/2250 2237/2237/2237
f 2251/2251/2251 2237/2237/2237 2250/2250/2250
f 2237/2237/2237 2251/2251/2251 2238/2238/2238
f 2252/2252/2252 2238/2238/2238 2251/2251/2251
f 2238/2238/2238 2252/2252/2252 2239/2239/2239
f 2253/2253/2253 2239/2239/2239 2252/2252/2252
f 2239/2239/2239 2253/2253/2253 2240/2240/2240
f 2254/2254/2254 2240/2240/2240 2253/2253/2253
f 2240/2240/2240 2254/2254/2254 2241/2241/2241
f 2255/2255/2255 2241/2241/2241 2254/2254/2254
f 2241/2241/2241 2255/2255/2255 2242/2242/2242
f 2256/2256/2256 2242/2242/2242 2255/2255/2255
f 2242/2242/2242 2256/2256/2256 2243/2243/2243
f 2257/2257/2257 2243/2243/2243 2256/2256/2256
f 2244/2244/2244 2258/2258/2258 2245/2245/2245
f 2259/2259/2259 2245/2245/2245 2258/2258/2258
f 2245/2245/2245 2259/2259/2259 2246/2246/2246
f 2260/2260/2260 2246/2246/2246 2259/2259/2259
f 2246/2246/2246 2260/2260/2260 2247/2247/2247
f 2261/2261/2261 2247/2247/2247 2260/2260/2260
f 2247/2247/2247 2261/2261/2261 2248/2248/2248
f 2262/2262/2262 2248/2248/2248 2261/2261/2261
f 2248/2248/2248 2262/2262/2262 2249/2249/2249
f 2263/2263/2263 2249/2249/2249 2262/2262/2262
f 2249/2249/2249 2263/2263/2263 2250/2250/2250
f 2264/2264/2264 2250/2250/2250 2263/2263/2263
f 2250/2250/2250 2264/2264/2264 2251/2251/2251
f 2265/2265/2265 2251/2251/2251 2264/2264/2264
f 2251/2251/2251 2265/2265/2265 2252/2252/2252
f 2266/2266/2266 2252/2252/2252 2265/2265/2265
f 2252/2252/2252 2266/2266/2266 2253/2253/2253
f 2267/2267/2267 2253/2253/2253 2266/2266/2266
f 2253/2253/2253 2267/2267/2267 2254/2254/2254
f 2268/2268/2268 2254/2254/2254 2267/2267/2267
f 2254/2254/2254 2268/2268/2268 2255/2255/2255
f 2269/2269/2269 2255/2255/2255 2268/2268/2268
f 2255/2255/2255 2269/2269/2269 2256/2256/2256
f 2270/2270/2270 2256/2256/2256 2269/2269/2269
f 2256/2256/2256 2270/2270/2270 2257/2257/2257
f 2271/2271/2271 2257/2257/2257 2270/2270/2270
f 2258/2258/2258 2272/2272/2272 2259/2259/2259
f 2273/2273/2273 2259/2259/2259 2272/2272/2272
f 2259/2259/2259 2273/2273/2273 2260/2260/2260
f 2274/2274/2274 2260/2260/2260 2273/2273/2273
f 2260/2260/2260 2274/2274/2274 2261/2261/2261
f 2275/2275/2275 2261/2261/2261 2274/2274/2274
f 2261/2261/2261 2275/2275/2275 2262/2262/2262
f 2276/2276/2276 2262/2262/2262 2275/2275/2275
f 2262/2262/2262 2276/2276/2276 2263/2263/2263
f 2277/2277/2277 2263/2263/2263 2276/2276/2276
f 2263/2263/2263 2277/2277/2277 2264/2264/2264
f 2278/2278/2278 2264/2264/2264 2277/2277/2277
f 2264/2264/2264 2278/2278/2278 2265/2265/2265
f 2279/2279/2279 2265/2265/2265 2278/2278/2278
f 2265/2265/2265 2279/2279/2279 2266/2266/2266
f 2280/2280/2280 2266/2266/2266 2279/2279/2279
f 2266/2266/2266 2280/2280/2280 2267/2267/2267
f 2281/2281/2281 2267/2267/2267 2280/2280/2280
f 2267/2267/2267 2281/2281/2281 2268/2268/2268
f 2282/2282/2282 2268/2268/2268 2281/2281/2281
f 2268/2268/2268 2282/2282/2282 2269/2269/2269
f 2283/2283/2283 2269/2269/2269 2282/2282/2282
f 2269/2269/2269 2283/2283/2283 2270/2270/2270
f 2284/2284/2284 2270/2270/2270 2283/2283/2283
f 2270/2270/2270 2284/2284/2284 2271/2271/2271
f 2285/2285/2285 2271/2271/2271 2284/2284/2284
f 2272/2272/2272 2286/2286/2286 2273/2273/2273
f 2287/2287/2287 2273/2273/2273 2286/2286/2286
f 2273/2273/2273 2287/2287/2287 2274/2274/2274
f 2288/2288/2288 2274/2274/2274 2287/2287/2287
f 2274/2274/2274 2288/2288/2288 2275/2275/2275
f 2289/2289/2289 2275/2275/2275 2288/2288/2288
f 2275/2275/2275 2289/2289/2289 2276/2276/2276
f 2290/2290/2290 2276/2276/2276 2289/2289/2289
f 2276/2276/2276 2290/2290/2290 2277/2277/2277
f 2291/2291/2291 2277/2277/2277 2290/2290/2290
f 2277/2277/2277 2291/2291/2291 2278/2278/2278
f 2292/2292/2292 2278/2278/2278 2291/2291/2291
f 2278/2278/2278 2292/2292/2292 2279/2279/2279
f 2293/2293/2293 2279/2279/2279 2292/2292/2292
f 2279/2279/2279 2293/2293/2293 2280/2280/2280
f 2294/2294/2294 2280/2280/2280 2293/2293/2293
f 2280/2280/2280 2294/2294/2294 2281/2281/2281
f 2295/2295/2295 2281/2281/2281 2294/2294/2294
f 2281/2281/2281 2295/2295/2295 2282/2282/2282
f 2296/2296/2296 2282/2282/2282 2295/2295/2295
f 2282/2282/2282 2296/2296/2296 2283/2283/2283
f 2297/2297/2297 2283/2283/2283 2296/2296/2296
f 2283/2283/2283 2297/2297/2297 2284/2284/2284
f 2298/2298/2298 2284/2284/2284 2297/2297/2297
f 2284/2284/2284 2298/2298/2298 2285/2285/2285
f 2299/2299/2299 2285/2285/2285 2298/2298/2298
f 2286/2286/2286 2300/2300/2300 2287/2287/2287
f 2301/2301/2301 2287/2287/2287 2300/2300/2300
f 2287/2287/2287 2301/2301/2301 2288/2288/2288
f 2302/2302/2302 2288/2288/2288 2301/2301/2301
f 2288/2288/2288 2302/2302/2302 2289/2289/2289
f 2303/2303/2303 2289/2289/2289 2302/2302/2302
f 2289/2289/2289 2303/2303/2303 2290/2290/2290
f 2304/2304/2304 2290/2290/2290 2303/2303/2303
f 2290/2290/2290 2304/2304/2304 2291/2291/2291
f 2305/2305/2305 2291/2291/2291 2304/2304/2304
f 2291/2291/2291 2305/2305/2305 2292/2292/2292
f 2306/2306/2306 2292/2292/2292 2305/2305/2305
f 2292/2292/2292 2306/2306/2306 2293/2293/2293
f 2307/2307/2307 2293/2293/2293 2306/2306/2306
f 2293/2293/2293 2307/2307/2307 2294/2294/2294
f 2308/2308/2308 2294/2294/2294 2307/2307/2307
f 2294/2294/2294 2308/2308/2308 2295/2295/2295
f 2309/2309/2309 2295/2295/2295 2308/2308/2308
f 2295/2295/2295 2309/2309/2309 2296/2296/2296
f 2310/2310/2310 2296/2296/2296 2309/2309/2309
f 2296/2296/2296 2310/2310/2310 2297/2297/2297
f 2311/2311/2311 2297/2297/2297 2310/2310/2310
f 2297/2297/2297 2311/2311/2311 2298/2298/2298
f 2312/2312/2312 2298/2298/2298 2311/2311/2311
f 2298/2298/2298 2312/2312/2312 2299/2299/2299
f 2313/2313/2313 2299/2299/2299 2312/2312/2312
f 2300/2300/2300 2314/2314/2314 2301/2301/2301
f 2315/2315/2315 2301/2301/2301 2314/2314/2314
f 2301/2301/2301 2315/2315/2315 2302/2302/2302
f 2316/2316/2316 2302/2302/2302 2315/2315/2315
f 2302/2302/2302 2316/2316/2316 2303/2303/2303
f 2317/2317/2317 2303/2303/2303 2316/2316/2316
f 2303/2303/2303 2317/2317/2317 2304/2304/2304
f 2318/2318/2318 2304/2304/2304 2317/2317/2317
f 2304/2304/2304 2318/2318/2318 2305/2305/2305
f 2319/2319/2319 2305/2305/2305 2318/2318/2318
f 2305/2305/2305 2319/2319/2319 2306/2306/2306
f 2320/2320/2320 2306/2306/2306 2319/2319/2319
f 2306/2306/2306 2320/2320/2320 2307/2307/2307
f 2321/2321/2321 2307/2307/2307 2320/2320/2320
f 2307/2307/2307 2321/2321/2321 2308/2308/2308
f 2322/2322/2322 2308/2308/2308 2321/2321/2321
f 2308/2308/2308 2322/2322/2322 2309/2309/2309
f 2323/2323/2323 2309/2309/2309 2322/2322/2322
f 2309/2309/2309 2323/2323/2323 2310/2310/2310
f 2324/2324/2324 2310/2310/2310 2323/2323/2323
f 2310/2310/2310 2324/2324/2324 2311/2311/2311
f 2325/2325/2325 2311/2311/2311 2324/2324/2324
f 2311/2311/2311 2325/2325/2325 2312/2312/2312
f 2326/2326/2326 2312/2312/2312 2325/2325/2325
f 2312/2312/2312 2326/2326/2326 2313/2313/2313
f 2327/2327/2327 2313/2313/2313 2326/2326/2326
f 2314/2314/2314 2328/2328/2328 2315/2315/2315
f 2329/2329/2329 2315/2315/2315 2328/2328/2328
f 2315/2315/2315 2329/2329/2329 2316/2316/2316
f 2330/2330/2330 2316/2316/2316 2329/2329/2329
f 2316/2316/2316 2330/2330/2330 2317/2317/2317
f 2331/2331/2331 2317/2317/2317 2330/2330/2330
f 2317/2317/2317 2331/2331/2331 2318/2318/2318
f 2332/2332/2332 2318/2318/2318 2331/2331/2331
f 2318/2318/2318 2332/2332/2332 2319/2319/2319
f 2333/2333/2333 2319/2319/2319 2332/2332/2332
f 2319/2319/2319 2333/2333/2333 2320/2320/2320
f 2334/2334/2334 2320/2320/2320 2333/2333/2333
f 2320/2320/2320 2334/2334/2334 2321/2321/2321
f 2335/2335/2335 2321/2321/2321 2334/2334/2334
f 2321/2321/2321 2335/2335/2335 2322/2322/2322
f 2336/2336/2336 2322/2322/2322 2335/2335/2335
f 2322/2322/2322 2336/2336/2336 2323/2323/2323
f 2337/2337/2337 2323/2323/2323 2336/2336/2336
f 2323/2323/2323 2337/2337/2337 2324/2324/2324
f 2338/2338/2338 2324/2324/2324 2337/2337/2337
f 2324/2324/2324 2338/2338/2338 2325/2325/2325
f 2339/2339/2339 2325/2325/2325 2338/2338/2338
f 2325/2325/2325 2339/2339/2339 2326/2326/2326
f 2340/2340/2340 2326/2326/2326 2339/2339/2339
f 2326/2326/2326 2340/2340/2340 2327/2327/2327
f 2341/2341/2341 2327/2327/2327 2340/2340/2340
f 2328/2328/2328 2342/2342/2342 2329/2329/2329
f 2343/2343/2343 2329/2329/2329 2342/2342/2342
f 2329/2329/2329 2343/2343/2343 2330/2330/2330
f 2344/2344/2344 2330/2330/2330 2343/2343/2343
f 2330/2330/2330 2344/2344/2344 2331/2331/2331
f 2345/2345/2345 2331/2331/2331 2344/2344/2344
f 2331/2331/2331 2345/2345/2345 2332/2332/2332
f 2346/2346/2346 2332/2332/2332 2345/2345/2345
f 2332/2332/2332 2346/2346/2346 2333/2333/2333
f 2347/2347/2347 2333/2333/2333 2346/2346/2346
f 2333/2333/2333 2347/2347/2347 2334/2334/2334
f 2348/2348/2348 2334/2334/2334 2347/2347/2347
f 2334/2334/2334 2348/2348/2348 2335/2335/2335
f 2349/2349/2349 2335/2335/2335 2348/2348/2348
f 2335/2335/2335 2349/2349/2349 2336/2336/2336
f 2350/2350/2350 2336/2336/2336 2349/2349/2349
f 2336/2336/2336 2350/2350/2350 2337/2337/2337
f 2351/2351/2351 2337/2337/2337 2350/2350/2350
f 2337/2337/2337 2351/2351/2351 2338/2338/2338
f 2352/2352/2352 2338/2338/2338 2351/2351/2351
f 2338/2338/2338 2352/2352/2352 2339/2339/2339
f 2353/2353/2353 2339/2339/2339 2352/2352/2352
f 2339/2339/2339 2353/2353/2353 2340/2340/2340
f 2354/2354/2354 2340/2340/2340 2353/2353/2353
f 2340/2340/2340 2354/2354/2354 2341/2341/2341
f 2355/2355/2355 2341/2341/2341 2354/2354/2354
o eyeR
v 0 -0.07999999821186066 -1.010333620295539e-17
v 0 -0.07812592387199402 0.014235047623515129
v 0 -0.07263139635324478 0.027499999850988388
v 0 -0.06389087438583374 0.03889087215065956
v 0 -0.05249999836087227 0.0476313978433609
v 0 -0.03923504799604416 0.05312592163681984
v 0 -0.02500000037252903 0.054999999701976776
v 0 0.02500000037252903 0.054999999701976776
v 0 0.03923504799604416 0.05312592163681984
v 0 0.05249999836087227 0.0476313978433609
v 0 0.06389087438583374 0.03889087215065956
v 0 0.07263139635324478 0.027499999850988388
v 0 0.07812592387199402 0.014235047623515129
v 0 0.07999999821186066 3.367778596455028e-18
v -7.144137266216336e-18 -0.07999999821186066 -7.144137266216336e-18
v 0.010065698996186256 -0.07812592387199402 0.010065698996186256
v 0.01944543607532978 -0.07263139635324478 0.01944543607532978
v 0.027499999850988388 -0.06389087438583374 0.027499999850988388
v 0.03368048369884491 -0.05249999836087227 0.03368048369884491
v 0.037565696984529495 -0.03923504799604416 0.037565696984529495
v 0.03889087215065956 -0.02500000037252903 0.03889087215065956
v 0.03889087215065956 0.02500000037252903 0.03889087215065956
v 0.037565696984529495 0.03923504799604416 0.037565696984529495
v 0.03368048369884491 0.05249999836087227 0.03368048369884491
v 0.027499999850988388 0.06389087438583374 0.027499999850988388
v 0.01944543607532978 0.07263139635324478 0.01944543607532978
v 0.010065698996186256 0.07812592387199402 0.010065698996186256
v 2.3813791576704963e-18 0.07999999821186066 2.3813791576704963e-18
v -1.010333620295539e-17 -0.07999999821186066 -6.186509218942617e-34
v 0.014235047623515129 -0.07812592387199402 8.716452927905094e-19
v 0.027499999850988388 -0.07263139635324478 1.683889298227514e-18
v 0.03889087215065956 -0.06389087438583374 2.3813791576704963e-18
v 0.0476313978433609 -0.05249999836087227 2.9165819711948626e-18
v 0.05312592163681984 -0.03923504799604416 3.2530244504610057e-18
v 0.054999999701976776 -0.02500000037252903 3.367778596455028e-18
v 0.054999999701976776 0.02500000037252903 3.367778596455028e-18
v 0.05312592163681984 0.03923504799604416 3.2530244504610057e-18
v 0.0476313978433609 0.05249999836087227 2.9165819711948626e-18
v 0.03889087215065956 0.06389087438583374 2.3813791576704963e-18
v 0.027499999850988388 0.07263139635324478 1.683889298227514e-18
v 0.014235047623515129 0.07812592387199402 8.716452927905094e-19
v 3.367778596455028e-18 0.07999999821186066 2.062169739647539e-34
v -7.144137266216336e-18 -0.07999999821186066 7.144137266216336e-18
v 0.010065698996186256 -0.07812592387199402 -0.010065698996186256
v 0.01944543607532978 -0.07263139635324478 -0.01944543607532978
v 0.027499999850988388 -0.06389087438583374 -0.027499999850988388
v 0.03368048369884491 -0.05249999836087227 -0.03368048369884491
v 0.037565696984529495 -0.03923504799604416 -0.037565696984529495
v 0.03889087215065956 -0.02500000037252903 -0.03889087215065956
v 0.03889087215065956 0.02500000037252903 -0.03889087215065956
v 0.037565696984529495 0.03923504799604416 -0.037565696984529495
v 0.03368048369884491 0.05249999836087227 -0.03368048369884491
v 0.027499999850988388 0.06389087438583374 -0.027499999850988388
v 0.01944543607532978 0.07263139635324478 -0.01944543607532978
v 0.010065698996186256 0.07812592387199402 -0.010065698996186256
v 2.3813791576704963e-18 0.07999999821186066 -2.3813791576704963e-18
v -1.2373018437885234e-33 -0.07999999821186066 1.010333620295539e-17
v 1.7432905855810188e-18 -0.07812592387199402 -0.014235047623515129
v 3.367778596455028e-18 -0.07263139635324478 -0.027499999850988388
v 4.762758315340993e-18 -0.06389087438583374 -0.03889087215065956
v 5.833163942389725e-18 -0.05249999836087227 -0.0476313978433609
v 6.5060489009220114e-18 -0.03923504799604416 -0.05312592163681984
v 6.735557192910056e-18 -0.02500000037252903 -0.054999999701976776
v 6.735557192910056e-18 0.02500000037252903 -0.054999999701976776
v 6.5060489009220114e-18 0.03923504799604416 -0.05312592163681984
v 5.833163942389725e-18 0.05249999836087227 -0.0476313978433609
v 4.762758315340993e-18 0.06389087438583374 -0.03889087215065956
v 3.367778596455028e-18 0.07263139635324478 -0.027499999850988388
v 1.7432905855810188e-18 0.07812592387199402 -0.014235047623515129
v 4.124339479295078e-34 0.07999999821186066 -3.367778596455028e-18
v 7.144137266216336e-18 -0.07999999821186066 7.144137266216336e-18
v -0.010065698996186256 -0.07812592387199402 -0.010065698996186256
v -0.01944543607532978 -0.07263139635324478 -0.01944543607532978
v -0.027499999850988388 -0.06389087438583374 -0.027499999850988388
v -0.03368048369884491 -0.05249999836087227 -0.03368048369884491
v -0.037565696984529495 -0.03923504799604416 -0.037565696984529495
v -0.03889087215065956 -0.02500000037252903 -0.03889087215065956
v -0.03889087215065956 0.02500000037252903 -0.03889087215065956
v -0.037565696984529495 0.03923504799604416 -0.037565696984529495
v -0.03368048369884491 0.05249999836087227 -0.03368048369884491
v -0.027499999850988388 0.06389087438583374 -0.027499999850988388
v -0.01944543607532978 0.07263139635324478 -0.01944543607532978
v -0.010065698996186256 0.07812592387199402 -0.010065698996186256
v -2.3813791576704963e-18 0.07999999821186066 -2.3813791576704963e-18
v 1.010333620295539e-17 -0.07999999821186066 1.855952765682785e-33
v -0.014235047623515129 -0.07812592387199402 -2.6149358783715282e-18
v -0.027499999850988388 -0.07263139635324478 -5.051668101477695e-18
v -0.03889087215065956 -0.06389087438583374 -7.144137266216336e-18
v -0.0476313978433609 -0.05249999836087227 -8.749746120379741e-18
v -0.05312592163681984 -0.03923504799604416 -9.75907355817817e-18
v -0.054999999701976776 -0.02500000037252903 -1.010333620295539e-17
v -0.054999999701976776 0.02500000037252903 -1.010333620295539e-17
v -0.05312592163681984 0.03923504799604416 -9.75907355817817e-18
v -0.0476313978433609 0.05249999836087227 -8.749746120379741e-18
v -0.03889087215065956 0.06389087438583374 -7.144137266216336e-18
v -0.027499999850988388 0.07263139635324478 -5.051668101477695e-18
v -0.014235047623515129 0.07812592387199402 -2.6149358783715282e-18
v -3.367778596455028e-18 0.07999999821186066 -6.186509218942617e-34
v 7.144137266216336e-18 -0.07999999821186066 -7.144137266216336e-18
v -0.010065698996186256 -0.07812592387199402 0.010065698996186256
v -0.01944543607532978 -0.07263139635324478 0.01944543607532978
v -0.027499999850988388 -0.06389087438583374 0.027499999850988388
v -0.03368048369884491 -0.05249999836087227 0.03368048369884491
v -0.037565696984529495 -0.03923504799604416 0.037565696984529495
v -0.03889087215065956 -0.02500000037252903 0.03889087215065956
v -0.03889087215065956 0.02500000037252903 0.03889087215065956
v -0.037565696984529495 0.03923504799604416 0.037565696984529495
v -0.03368048369884491 0.05249999836087227 0.03368048369884491
v -0.027499999850988388 0.06389087438583374 0.027499999850988388
v -0.01944543607532978 0.07263139635324478 0.01944543607532978
v -0.010065698996186256 0.07812592387199402 0.010065698996186256
v -2.3813791576704963e-18 0.07999999821186066 2.3813791576704963e-18
v 2.4746036875770468e-33 -0.07999999821186066 -1.010333620295539e-17
v -3.4865811711620376e-18 -0.07812592387199402 0.014235047623515129
v -6.735557192910056e-18 -0.07263139635324478 0.027499999850988388
v -9.525516630681985e-18 -0.06389087438583374 0.03889087215065956
v -1.166632788477945e-17 -0.05249999836087227 0.0476313978433609
v -1.3012097801844023e-17 -0.03923504799604416 0.05312592163681984
v -1.3471114385820111e-17 -0.02500000037252903 0.054999999701976776
v -1.3471114385820111e-17 0.02500000037252903 0.054999999701976776
v -1.3012097801844023e-17 0.03923504799604416 0.05312592163681984
v -1.166632788477945e-17 0.05249999836087227 0.0476313978433609
v -9.525516630681985e-18 0.06389087438583374 0.03889087215065956
v -6.735557192910056e-18 0.07263139635324478 0.027499999850988388
v -3.4865811711620376e-18 0.07812592387199402 0.014235047623515129
v -8.248678958590156e-34 0.07999999821186066 3.367778596455028e-18
vt 0 0
vt 0 0.07692307978868484
vt 0 0.1538461595773697
vt 0 0.23076923191547394
vt 0 0.3076923191547394
vt 0 0.38461539149284363
vt 0 0.4615384638309479
vt 0 0.5384615659713745
vt 0 0.6153846383094788
vt 0 0.692307710647583
vt 0 0.7692307829856873
vt 0 0.8461538553237915
vt 0 0.9230769276618958
vt 0 1
vt 0.125 0
vt 0.125 0.07692307978868484
vt 0.125 0.1538461595773697
vt 0.125 0.23076923191547394
vt 0.125 0.3076923191547394
vt 0.125 0.38461539149284363
vt 0.125 0.4615384638309479
vt 0.125 0.5384615659713745
vt 0.125 0.6153846383094788
vt 0.125 0.692307710647583
vt 0.125 0.7692307829856873
vt 0.125 0.8461538553237915
vt 0.125 0.9230769276618958
vt 0.125 1
vt 0.25 0
vt 0.25 0.07692307978868484
vt 0.25 0.1538461595773697
vt 0.25 0.23076923191547394
vt 0.25 0.3076923191547394
vt 0.25 0.38461539149284363
vt 0.25 0.4615384638309479
vt 0.25 0.5384615659713745
vt 0.25 0.6153846383094788
vt 0.25 0.692307710647583
vt 0.25 0.7692307829856873
vt 0.25 0.8461538553237915
vt 0.25 0.9230769276618958
vt 0.25 1
vt 0.375 0
vt 0.375 0.07692307978868484
vt 0.375 0.1538461595773697
vt 0.375 0.23076923191547394
vt 0.375 0.3076923191547394
vt 0.375 0.38461539149284363
vt 0.375 0.4615384638309479
vt 0.375 0.5384615659713745
vt 0.375 0.6153846383094788
vt 0.375 0.692307710647583
vt 0.375 0.7692307829856873
vt 0.375 0.8461538553237915
vt 0.375 0.9230769276618958
vt 0.375 1
vt 0.5 0
vt 0.5 0.07692307978868484
vt 0.5 0.1538461595773697
vt 0.5 0.23076923191547394
vt 0.5 0.3076923191547394
vt 0.5 0.38461539149284363
vt 0.5 0.4615384638309479
vt 0.5 0.5384615659713745
vt 0.5 0.6153846383094788
vt 0.5 0.692307710647583
vt 0.5 0.7692307829856873
vt 0.5 0.8461538553237915
vt 0.5 0.9230769276618958
vt 0.5 1
vt 0.625 0
vt 0.625 0.07692307978868484
vt 0.625 0.1538461595773697
vt 0.625 0.23076923191547394
vt 0.625 0.3076923191547394
vt 0.625 0.38461539149284363
vt 0.625 0.4615384638309479
vt 0.625 0.5384615659713745
vt 0.625 0.6153846383094788
vt 0.625 0.692307710647583
vt 0.625 0.7692307829856873
vt 0.625 0.8461538553237915
vt 0.625 0.9230769276618958
vt 0.625 1
vt 0.75 0
vt 0.75 0.07692307978868484
vt 0.75 0.1538461595773697
vt 0.75 0.23076923191547394
vt 0.75 0.3076923191547394
vt 0.75 0.38461539149284363
vt 0.75 0.4615384638309479
vt 0.75 0.5384615659713745
vt 0.75 0.6153846383094788
vt 0.75 0.692307710647583
vt 0.75 0.7692307829856873
vt 0.75 0.8461538553237915
vt 0.75 0.9230769276618958
vt 0.75 1
vt 0.875 0
vt 0.875 0.07692307978868484
vt 0.875 0.1538461595773697
vt 0.875 0.23076923191547394
vt 0.875 0.3076923191547394
vt 0.875 0.38461539149284363
vt 0.875 0.4615384638309479
vt 0.875 0.5384615659713745
vt 0.875 0.6153846383094788
vt 0.875 0.692307710647583
vt 0.875 0.7692307829856873
vt 0.875 0.8461538553237915
vt 0.875 0.9230769276618958
vt 0.875 1
vt 1 0
vt 1 0.07692307978868484
vt 1 0.1538461595773697
vt 1 0.23076923191547394
vt 1 0.3076923191547394
vt 1 0.38461539149284363
vt 1 0.4615384638309479
vt 1 0.5384615659713745
vt 1 0.6153846383094788
vt 1 0.692307710647583
vt 1 0.7692307829856873
vt 1 0.8461538553237915
vt 1 0.9230769276618958
vt 1 1
vn 0 -0.9914448627185043 0.13052618200608704
vn 0 -0.9659258257467466 0.2588190471264927
vn 0 -0.8660253998985324 0.5000000067305869
vn 0 -0.7071067811865476 0.7071067811865476
vn 0 -0.5000000067305869 0.8660253998985324
vn 0 -0.2588190471264927 0.9659258257467466
vn 0 -0.02916293433947583 0.9995746711780523
vn 0 0.02916293433947583 0.9995746711780523
vn 0 0.2588190471264927 0.9659258257467466
vn 0 0.5000000067305869 0.8660253998985324
vn 0 0.7071067811865476 0.7071067811865476
vn 0 0.8660253998985324 0.5000000067305869
vn 0 0.9659258257467466 0.2588190471264927
vn 0 0.9914448613229329 0.13052619260650544
vn 0.09229594997210035 -0.991444862429321 0.09229594997210035
vn 0.18301271094246616 -0.9659258228595912 0.18301271094246616
vn 0.3535533908144109 -0.8660254036038809 0.3535533908144109
vn 0.5000000042785677 -0.7071067751357388 0.5000000042785677
vn 0.6123724412671231 -0.4999999863530877 0.6123724412671231
vn 0.6830127036271734 -0.2588190359455774 0.6830127036271734
vn 0.706806028277662 -0.029162935049708873 0.706806028277662
vn 0.706806028277662 0.029162935049708873 0.706806028277662
vn 0.6830127036271734 0.2588190359455774 0.6830127036271734
vn 0.6123724412671231 0.4999999863530877 0.6123724412671231
vn 0.5000000042785677 0.7071067751357388 0.5000000042785677
vn 0.3535533908144109 0.8660254036038809 0.3535533908144109
vn 0.18301271094246616 0.9659258228595912 0.18301271094246616
vn 0.09229595404843416 0.9914448616703699 0.09229595404843416
vn 0.13052618200608704 -0.9914448627185043 7.992424033768624e-18
vn 0.2588190471264927 -0.9659258257467466 1.5848095844680132e-17
vn 0.5000000067305869 -0.8660253998985324 3.06161717267588e-17
vn 0.7071067811865476 -0.7071067811865476 4.329780375814312e-17
vn 0.8660253998985324 -0.5000000067305869 5.302876307448087e-17
vn 0.9659258257467466 -0.2588190471264927 5.914589613696059e-17
vn 0.9995746711780523 -0.02916293433947583 6.120629697374921e-17
vn 0.9995746711780523 0.02916293433947583 6.120629697374921e-17
vn 0.9659258257467466 0.2588190471264927 5.914589613696059e-17
vn 0.8660253998985324 0.5000000067305869 5.302876307448087e-17
vn 0.7071067811865476 0.7071067811865476 4.329780375814312e-17
vn 0.5000000067305869 0.8660253998985324 3.06161717267588e-17
vn 0.2588190471264927 0.9659258257467466 1.5848095844680132e-17
vn 0.13052619260650544 0.9914448613229329 7.992424016522215e-18
vn 0.09229594997210035 -0.991444862429321 -0.09229594997210035
vn 0.18301271094246616 -0.9659258228595912 -0.18301271094246616
vn 0.3535533908144109 -0.8660254036038809 -0.3535533908144109
vn 0.5000000042785677 -0.7071067751357388 -0.5000000042785677
vn 0.6123724412671231 -0.4999999863530877 -0.6123724412671231
vn 0.6830127036271734 -0.2588190359455774 -0.6830127036271734
vn 0.706806028277662 -0.029162935049708873 -0.706806028277662
vn 0.706806028277662 0.029162935049708873 -0.706806028277662
vn 0.6830127036271734 0.2588190359455774 -0.6830127036271734
vn 0.6123724412671231 0.4999999863530877 -0.6123724412671231
vn 0.5000000042785677 0.7071067751357388 -0.5000000042785677
vn 0.3535533908144109 0.8660254036038809 -0.3535533908144109
vn 0.18301271094246616 0.9659258228595912 -0.18301271094246616
vn 0.09229595404843416 0.9914448616703699 -0.09229595404843416
vn 1.5984848067537247e-17 -0.9914448627185043 -0.13052618200608704
vn 3.1696191689360264e-17 -0.9659258257467466 -0.2588190471264927
vn 6.12323434535176e-17 -0.8660253998985324 -0.5000000067305869
vn 8.659560751628624e-17 -0.7071067811865476 -0.7071067811865476
vn 1.0605752614896174e-16 -0.5000000067305869 -0.8660253998985324
vn 1.1829179227392118e-16 -0.2588190471264927 -0.9659258257467466
vn 1.2241259394749843e-16 -0.02916293433947583 -0.9995746711780523
vn 1.2241259394749843e-16 0.02916293433947583 -0.9995746711780523
vn 1.1829179227392118e-16 0.2588190471264927 -0.9659258257467466
vn 1.0605752614896174e-16 0.5000000067305869 -0.8660253998985324
vn 8.659560751628624e-17 0.7071067811865476 -0.7071067811865476
vn 6.12323434535176e-17 0.8660253998985324 -0.5000000067305869
vn 3.1696191689360264e-17 0.9659258257467466 -0.2588190471264927
vn 1.598484803304443e-17 0.9914448613229329 -0.13052619260650544
vn -0.09229594997210035 -0.991444862429321 -0.09229594997210035
vn -0.18301271094246616 -0.9659258228595912 -0.18301271094246616
vn -0.3535533908144109 -0.8660254036038809 -0.3535533908144109
vn -0.5000000042785677 -0.7071067751357388 -0.5000000042785677
vn -0.6123724412671231 -0.4999999863530877 -0.6123724412671231
vn -0.6830127036271734 -0.2588190359455774 -0.6830127036271734
vn -0.706806028277662 -0.029162935049708873 -0.706806028277662
vn -0.706806028277662 0.029162935049708873 -0.706806028277662
vn -0.6830127036271734 0.2588190359455774 -0.6830127036271734
vn -0.6123724412671231 0.4999999863530877 -0.6123724412671231
vn -0.5000000042785677 0.7071067751357388 -0.5000000042785677
vn -0.3535533908144109 0.8660254036038809 -0.3535533908144109
vn -0.18301271094246616 0.9659258228595912 -0.18301271094246616
vn -0.09229595404843416 0.9914448616703699 -0.09229595404843416
vn -0.13052618200608704 -0.9914448627185043 -2.3977272101305873e-17
vn -0.2588190471264927 -0.9659258257467466 -4.75442875340404e-17
vn -0.5000000067305869 -0.8660253998985324 -9.18485085628314e-17
vn -0.7071067811865476 -0.7071067811865476 -1.2989340465698435e-16
vn -0.8660253998985324 -0.5000000067305869 -1.5908628922344263e-16
vn -0.9659258257467466 -0.2588190471264927 -1.7743769502832676e-16
vn -0.9995746711780523 -0.02916293433947583 -1.8361889092124766e-16
vn -0.9995746711780523 0.02916293433947583 -1.8361889092124766e-16
vn -0.9659258257467466 0.2588190471264927 -1.7743769502832676e-16
vn -0.8660253998985324 0.5000000067305869 -1.5908628922344263e-16
vn -0.7071067811865476 0.7071067811865476 -1.2989340465698435e-16
vn -0.5000000067305869 0.8660253998985324 -9.18485085628314e-17
vn -0.2588190471264927 0.9659258257467466 -4.75442875340404e-17
vn -0.13052619260650544 0.9914448613229329 -2.3977272049566646e-17
vn -0.09229594997210035 -0.991444862429321 0.09229594997210035
vn -0.18301271094246616 -0.9659258228595912 0.18301271094246616
vn -0.3535533908144109 -0.8660254036038809 0.3535533908144109
vn -0.5000000042785677 -0.7071067751357388 0.5000000042785677
vn -0.6123724412671231 -0.4999999863530877 0.6123724412671231
vn -0.6830127036271734 -0.2588190359455774 0.6830127036271734
vn -0.706806028277662 -0.029162935049708873 0.706806028277662
vn -0.706806028277662 0.029162935049708873 0.706806028277662
vn -0.6830127036271734 0.2588190359455774 0.6830127036271734
vn -0.6123724412671231 0.4999999863530877 0.6123724412671231
vn -0.5000000042785677 0.7071067751357388 0.5000000042785677
vn -0.3535533908144109 0.8660254036038809 0.3535533908144109
vn -0.18301271094246616 0.9659258228595912 0.18301271094246616
vn -0.09229595404843416 0.9914448616703699 0.09229595404843416
vn -3.1969696135074495e-17 -0.9914448627185043 0.13052618200608704
vn -6.339238337872053e-17 -0.9659258257467466 0.2588190471264927
vn -1.224646869070352e-16 -0.8660253998985324 0.5000000067305869
vn -1.7319121503257247e-16 -0.7071067811865476 0.7071067811865476
vn -2.1211505229792348e-16 -0.5000000067305869 0.8660253998985324
vn -2.3658358454784237e-16 -0.2588190471264927 0.9659258257467466
vn -2.4482518789499686e-16 -0.02916293433947583 0.9995746711780523
vn -2.4482518789499686e-16 0.02916293433947583 0.9995746711780523
vn -2.3658358454784237e-16 0.2588190471264927 0.9659258257467466
vn -2.1211505229792348e-16 0.5000000067305869 0.8660253998985324
vn -1.7319121503257247e-16 0.7071067811865476 0.7071067811865476
vn -1.224646869070352e-16 0.8660253998985324 0.5000000067305869
vn -6.339238337872053e-17 0.9659258257467466 0.2588190471264927
vn -3.196969606608886e-17 0.9914448613229329 0.13052619260650544
f 2356/2356/2356 2370/2370/2370 2357/2357/2357
f 2371/2371/2371 2357/2357/2357 2370/2370/2370
f 2357/2357/2357 2371/2371/2371 2358/2358/2358
f 2372/2372/2372 2358/2358/2358 2371/2371/2371
f 2358/2358/2358 2372/2372/2372 2359/2359/2359
f 2373/2373/2373 2359/2359/2359 2372/2372/2372
f 2359/2359/2359 2373/2373/2373 2360/2360/2360
f 2374/2374/2374 2360/2360/2360 2373/2373/2373
f 2360/2360/2360 2374/2374/2374 2361/2361/2361
f 2375/2375/2375 2361/2361/2361 2374/2374/2374
f 2361/2361/2361 2375/2375/2375 2362/2362/2362
f 2376/2376/2376 2362/2362/2362 2375/2375/2375
f 2362/2362/2362 2376/2376/2376 2363/2363/2363
f 2377/2377/2377 2363/2363/2363 2376/2376/2376
f 2363/2363/2363 2377/2377/2377 2364/2364/2364
f 2378/2378/2378 2364/2364/2364 2377/2377/2377
f 2364/2364/2364 2378/2378/2378 2365/2365/2365
f 2379/2379/2379 2365/2365/2365 2378/2378/2378
f 2365/2365/2365 2379/2379/2379 2366/2366/2366
f 2380/2380/2380 2366/2366/2366 2379/2379/2379
f 2366/2366/2366 2380/2380/2380 2367/2367/2367
f 2381/2381/2381 2367/2367/2367 2380/2380/2380
f 2367/2367/2367 2381/2381/2381 2368/2368/2368
f 2382/2382/2382 2368/2368/2368 2381/2381/2381
f 2368/2368/2368 2382/2382/2382 2369/2369/2369
f 2383/2383/2383 2369/2369/2369 2382/2382/2382
f 2370/2370/2370 2384/2384/2384 2371/2371/2371
f 2385/2385/2385 2371/2371/2371 2384/2384/2384
f 2371/2371/2371 2385/2385/2385 2372/2372/2372
f 2386/2386/2386 2372/2372/2372 2385/2385/2385
f 2372/2372/2372 2386/2386/2386 2373/2373/2373
f 2387/2387/2387 2373/2373/2373 2386/2386/2386
f 2373/2373/2373 2387/2387/2387 2374/2374/2374
f 2388/2388/2388 2374/2374/2374 2387/2387/2387
f 2374/2374/2374 2388/2388/2388 2375/2375/2375
f 2389/2389/2389 2375/2375/2375 2388/2388/2388
f 2375/2375/2375 2389/2389/2389 2376/2376/2376
f 2390/2390/2390 2376/2376/2376 2389/2389/2389
f 2376/2376/2376 2390/2390/2390 2377/2377/2377
f 2391/2391/2391 2377/2377/2377 2390/2390/2390
f 2377/2377/2377 2391/2391/2391 2378/2378/2378
f 2392/2392/2392 2378/2378/2378 2391/2391/2391
f 2378/2378/2378 2392/2392/2392 2379/2379/2379
f 2393/2393/2393 2379/2379/2379 2392/2392/2392
f 2379/2379/2379 2393/2393/2393 2380/2380/2380
f 2394/2394/2394 2380/2380/2380 2393/2393/2393
f 2380/2380/2380 2394/2394/2394 2381/2381/2381
f 2395/2395/2395 2381/2381/2381 2394/2394/2394
f 2381/2381/2381 2395/2395/2395 2382/2382/2382
f 2396/2396/2396 2382/2382/2382 2395/2395/2395
f 2382/2382/2382 2396/2396/2396 2383/2383/2383
f 2397/2397/2397 2383/2383/2383 2396/2396/2396
f 2384/2384/2384 2398/2398/2398 2385/2385/2385
f 2399/2399/2399 2385/2385/2385 2398/2398/2398
f 2385/2385/2385 2399/2399/2399 2386/2386/2386
f 2400/2400/2400 2386/2386/2386 2399/2399/2399
f 2386/2386/2386 2400/2400/2400 2387/2387/2387
f 2401/2401/2401 2387/2387/2387 2400/2400/2400
f 2387/2387/2387 2401/2401/2401 2388/2388/2388
f 2402/2402/2402 2388/2388/2388 2401/2401/2401
f 2388/2388/2388 2402/2402/2402 2389/2389/2389
f 2403/2403/2403 2389/2389/2389 2402/2402/2402
f 2389/2389/2389 2403/2403/2403 2390/2390/2390
f 2404/2404/2404 2390/2390/2390 2403/2403/2403
f 2390/2390/2390 2404/2404/2404 2391/2391/2391
f 2405/2405/2405 2391/2391/2391 2404/2404/2404
f 2391/2391/2391 2405/2405/2405 2392/2392/2392
f 2406/2406/2406 2392/2392/2392 2405/2405/2405
f 2392/2392/2392 2406/2406/2406 2393/2393/2393
f 2407/2407/2407 2393/2393/2393 2406/2406/2406
f 2393/2393/2393 2407/2407/2407 2394/2394/2394
f 2408/2408/2408 2394/2394/2394 2407/2407/2407
f 2394/2394/2394 2408/2408/2408 2395/2395/2395
f 2409/2409/2409 2395/2395/2395 2408/2408/2408
f 2395/2395/2395 2409/2409/2409 2396/2396/2396
f 2410/2410/2410 2396/2396/2396 2409/2409/2409
f 2396/2396/2396 2410/2410/2410 2397/2397/2397
f 2411/2411/2411 2397/2397/2397 2410/2410/2410
f 2398/2398/2398 2412/2412/2412 2399/2399/2399
f 2413/2413/2413 2399/2399/2399 2412/2412/2412
f 2399/2399/2399 2413/2413/2413 2400/2400/2400
f 2414/2414/2414 2400/2400/2400 2413/2413/2413
f 2400/2400/2400 2414/2414/2414 2401/2401/2401
f 2415/2415/2415 2401/2401/2401 2414/2414/2414
f 2401/2401/2401 2415/2415/2415 2402/2402/2402
f 2416/2416/2416 2402/2402/2402 2415/2415/2415
f 2402/2402/2402 2416/2416/2416 2403/2403/2403
f 2417/2417/2417 2403/2403/2403 2416/2416/2416
f 2403/2403/2403 2417/2417/2417 2404/2404/2404
f 2418/2418/2418 2404/2404/2404 2417/2417/2417
f 2404/2404/2404 2418/2418/2418 2405/2405/2405
f 2419/2419/2419 2405/2405/2405 2418/2418/2418
f 2405/2405/2405 2419/2419/2419 2406/2406/2406
f 2420/2420/2420 2406/2406/2406 2419/2419/2419
f 2406/2406/2406 2420/2420/2420 2407/2407/2407
f 2421/2421/2421 2407/2407/2407 2420/2420/2420
f 2407/2407/2407 2421/2421/2421 2408/2408/2408
f 2422/2422/2422 2408/2408/2408 2421/2421/2421
f 2408/2408/2408 2422/2422/2422 2409/2409/2409
f 2423/2423/2423 2409/2409/2409 2422/2422/2422
f 2409/2409/2409 2423/2423/2423 2410/2410/2410
f 2424/2424/2424 2410/2410/2410 2423/2423/2423
f 2410/2410/2410 2424/2424/2424 2411/2411/2411
f 2425/2425/2425 2411/2411/2411 2424/2424/2424
f 2412/2412/2412 2426/2426/2426 2413/2413/2413
f 2427/2427/2427 2413/2413/2413 2426/2426/2426
f 2413/2413/2413 2427/2427/2427 2414/2414/2414
f 2428/2428/2428 2414/2414/2414 2427/2427/2427
f 2414/2414/2414 2428/2428/2428 2415/2415/2415
f 2429/2429/2429 2415/2415/2415 2428/2428/2428
f 2415/2415/2415 2429/2429/2429 2416/2416/2416
f 2430/2430/2430 2416/2416/2416 2429/2429/2429
f 2416/2416/2416 2430/2430/2430 2417/2417/2417
f 2431/2431/2431 2417/2417/2417 2430/2430/2430
f 2417/2417/2417 2431/2431/2431 2418/2418/2418
f 2432/2432/2432 2418/2418/2418 2431/2431/2431
f 2418/2418/2418 2432/2432/2432 2419/2419/2419
f 2433/2433/2433 2419/2419/2419 2432/2432/2432
f 2419/2419/2419 2433/2433/2433 2420/2420/2420
f 2434/2434/2434 2420/2420/2420 2433/2433/2433
f 2420/2420/2420 2434/2434/2434 2421/2421/2421
f 2435/2435/2435 2421/2421/2421 2434/2434/2434
f 2421/2421/2421 2435/2435/2435 2422/2422/2422
f 2436/2436/2436 2422/2422/2422 2435/2435/2435
f 2422/2422/2422 2436/2436/2436 2423/2423/2423
f 2437/2437/2437 2423/2423/2423 2436/2436/2436
f 2423/2423/2423 2437/2437/2437 2424/2424/2424
f 2438/2438/2438 2424/2424/2424 2437/2437/2437
f 2424/2424/2424 2438/2438/2438 2425/2425/2425
f 2439/2439/2439 2425/2425/2425 2438/2438/2438
f 2426/2426/2426 2440/2440/2440 2427/2427/2427
f 2441/2441/2441 2427/2427/2427 2440/2440/2440
f 2427/2427/2427 2441/2441/2441 2428/2428/2428
f 2442/2442/2442 2428/2428/2428 2441/2441/2441
f 2428/2428/2428 2442/2442/2442 2429/2429/2429
f 2443/2443/2443 2429/2429/2429 2442/2442/2442
f 2429/2429/2429 2443/2443/2443 2430/2430/2430
f 2444/2444/2444 2430/2430/2430 2443/2443/2443
f 2430/2430/2430 2444/2444/2444 2431/2431/2431
f 2445/2445/2445 2431/2431/2431 2444/2444/2444
f 2431/2431/2431 2445/2445/2445 2432/2432/2432
f 2446/2446/2446 2432/2432/2432 2445/2445/2445
f 2432/2432/2432 2446/2446/2446 2433/2433/2433
f 2447/2447/2447 2433/2433/2433 2446/2446/2446
f 2433/2433/2433 2447/2447/2447 2434/2434/2434
f 2448/2448/2448 2434/2434/2434 2447/2447/2447
f 2434/2434/2434 2448/2448/2448 2435/2435/2435
f 2449/2449/2449 2435/2435/2435 2448/2448/2448
f 2435/2435/2435 2449/2449/2449 2436/2436/2436
f 2450/2450/2450 2436/2436/2436 2449/2449/2449
f 2436/2436/2436 2450/2450/2450 2437/2437/2437
f 2451/2451/2451 2437/2437/2437 2450/2450/2450
f 2437/2437/2437 2451/2451/2451 2438/2438/2438
f 2452/2452/2452 2438/2438/2438 2451/2451/2451
f 2438/2438/2438 2452/2452/2452 2439/2439/2439
f 2453/2453/2453 2439/2439/2439 2452/2452/2452
f 2440/2440/2440 2454/2454/2454 2441/2441/2441
f 2455/2455/2455 2441/2441/2441 2454/2454/2454
f 2441/2441/2441 2455/2455/2455 2442/2442/2442
f 2456/2456/2456 2442/2442/2442 2455/2455/2455
f 2442/2442/2442 2456/2456/2456 2443/2443/2443
f 2457/2457/2457 2443/2443/2443 2456/2456/2456
f 2443/2443/2443 2457/2457/2457 2444/2444/2444
f 2458/2458/2458 2444/2444/2444 2457/2457/2457
f 2444/2444/2444 2458/2458/2458 2445/2445/2445
f 2459/2459/2459 2445/2445/2445 2458/2458/2458
f 2445/2445/2445 2459/2459/2459 2446/2446/2446
f 2460/2460/2460 2446/2446/2446 2459/2459/2459
f 2446/2446/2446 2460/2460/2460 2447/2447/2447
f 2461/2461/2461 2447/2447/2447 2460/2460/2460
f 2447/2447/2447 2461/2461/2461 2448/2448/2448
f 2462/2462/2462 2448/2448/2448 2461/2461/2461
f 2448/2448/2448 2462/2462/2462 2449/2449/2449
f 2463/2463/2463 2449/2449/2449 2462/2462/2462
f 2449/2449/2449 2463/2463/2463 2450/2450/2450
f 2464/2464/2464 2450/2450/2450 2463/2463/2463
f 2450/2450/2450 2464/2464/2464 2451/2451/2451
f 2465/2465/2465 2451/2451/2451 2464/2464/2464
f 2451/2451/2451 2465/2465/2465 2452/2452/2452
f 2466/2466/2466 2452/2452/2452 2465/2465/2465
f 2452/2452/2452 2466/2466/2466 2453/2453/2453
f 2467/2467/2467 2453/2453/2453 2466/2466/2466
f 2454/2454/2454 2468/2468/2468 2455/2455/2455
f 2469/2469/2469 2455/2455/2455 2468/2468/2468
f 2455/2455/2455 2469/2469/2469 2456/2456/2456
f 2470/2470/2470 2456/2456/2456 2469/2469/2469
f 2456/2456/2456 2470/2470/2470 2457/2457/2457
f 2471/2471/2471 2457/2457/2457 2470/2470/2470
f 2457/2457/2457 2471/2471/2471 2458/2458/2458
f 2472/2472/2472 2458/2458/2458 2471/2471/2471
f 2458/2458/2458 2472/2472/2472 2459/2459/2459
f 2473/2473/2473 2459/2459/2459 2472/2472/2472
f 2459/2459/2459 2473/2473/2473 2460/2460/2460
f 2474/2474/2474 2460/2460/2460 2473/2473/2473
f 2460/2460/2460 2474/2474/2474 2461/2461/2461
f 2475/2475/2475 2461/2461/2461 2474/2474/2474
f 2461/2461/2461 2475/2475/2475 2462/2462/2462
f 2476/2476/2476 2462/2462/2462 2475/2475/2475
f 2462/2462/2462 2476/2476/2476 2463/2463/2463
f 2477/2477/2477 2463/2463/2463 2476/2476/2476
f 2463/2463/2463 2477/2477/2477 2464/2464/2464
f 2478/2478/2478 2464/2464/2464 2477/2477/2477
f 2464/2464/2464 2478/2478/2478 2465/2465/2465
f 2479/2479/2479 2465/2465/2465 2478/2478/2478
f 2465/2465/2465 2479/2479/2479 2466/2466/2466
f 2480/2480/2480 2466/2466/2466 2479/2479/2479
f 2466/2466/2466 2480/2480/2480 2467/2467/2467
f 2481/2481/2481 2467/2467/2467 2480/2480/2480
o neck
v 0 0.07000000029802322 0.10000000149011612
v 0.05877852439880371 0.07000000029802322 0.08090169727802277
v 0.09510564804077148 0.07000000029802322 0.030901700258255005
v 0.09510564804077148 0.07000000029802322 -0.030901700258255005
v 0.05877852439880371 0.07000000029802322 -0.08090169727802277
v 1.2246467698671066e-17 0.07000000029802322 -0.10000000149011612
v -0.05877852439880371 0.07000000029802322 -0.08090169727802277
v -0.09510564804077148 0.07000000029802322 -0.030901700258255005
v -0.09510564804077148 0.07000000029802322 0.030901700258255005
v -0.05877852439880371 0.07000000029802322 0.08090169727802277
v -2.4492935397342132e-17 0.07000000029802322 0.10000000149011612
v 0 -0.07000000029802322 0.11999999731779099
v 0.07053422927856445 -0.07000000029802322 0.09708204120397568
v 0.1141267791390419 -0.07000000029802322 0.037082038819789886
v 0.1141267791390419 -0.07000000029802322 -0.037082038819789886
v 0.07053422927856445 -0.07000000029802322 -0.09708204120397568
v 1.469576190014977e-17 -0.07000000029802322 -0.11999999731779099
v -0.07053422927856445 -0.07000000029802322 -0.09708204120397568
v -0.1141267791390419 -0.07000000029802322 -0.037082038819789886
v -0.1141267791390419 -0.07000000029802322 0.037082038819789886
v -0.07053422927856445 -0.07000000029802322 0.09708204120397568
v -2.939152380029954e-17 -0.07000000029802322 0.11999999731779099
v 0 0.07000000029802322 0
v 0 0.07000000029802322 0
v 0 0.07000000029802322 0
v 0 0.07000000029802322 0
v 0 0.07000000029802322 0
v 0 0.07000000029802322 0
v 0 0.07000000029802322 0
v 0 0.07000000029802322 0
v 0 0.07000000029802322 0
v 0 0.07000000029802322 0
v 0 0.07000000029802322 0.10000000149011612
v 0.05877852439880371 0.07000000029802322 0.08090169727802277
v 0.09510564804077148 0.07000000029802322 0.030901700258255005
v 0.09510564804077148 0.07000000029802322 -0.030901700258255005
v 0.05877852439880371 0.07000000029802322 -0.08090169727802277
v 1.2246467698671066e-17 0.07000000029802322 -0.10000000149011612
v -0.05877852439880371 0.07000000029802322 -0.08090169727802277
v -0.09510564804077148 0.07000000029802322 -0.030901700258255005
v -0.09510564804077148 0.07000000029802322 0.030901700258255005
v -0.05877852439880371 0.07000000029802322 0.08090169727802277
v -2.4492935397342132e-17 0.07000000029802322 0.10000000149011612
v 0 -0.07000000029802322 0
v 0 -0.07000000029802322 0
v 0 -0.07000000029802322 0
v 0 -0.07000000029802322 0
v 0 -0.07000000029802322 0
v 0 -0.07000000029802322 0
v 0 -0.07000000029802322 0
v 0 -0.07000000029802322 0
v 0 -0.07000000029802322 0
v 0 -0.07000000029802322 0
v 0 -0.07000000029802322 0.11999999731779099
v 0.07053422927856445 -0.07000000029802322 0.09708204120397568
v 0.1141267791390419 -0.07000000029802322 0.037082038819789886
v 0.1141267791390419 -0.07000000029802322 -0.037082038819789886
v 0.07053422927856445 -0.07000000029802322 -0.09708204120397568
v 1.469576190014977e-17 -0.07000000029802322 -0.11999999731779099
v -0.07053422927856445 -0.07000000029802322 -0.09708204120397568
v -0.1141267791390419 -0.07000000029802322 -0.037082038819789886
v -0.1141267791390419 -0.07000000029802322 0.037082038819789886
v -0.07053422927856445 -0.07000000029802322 0.09708204120397568
v -2.939152380029954e-17 -0.07000000029802322 0.11999999731779099
vt 0 1
vt 0.10000000149011612 1
vt 0.20000000298023224 1
vt 0.30000001192092896 1
vt 0.4000000059604645 1
vt 0.5 1
vt 0.6000000238418579 1
vt 0.699999988079071 1
vt 0.800000011920929 1
vt 0.8999999761581421 1
vt 1 1
vt 0 0
vt 0.10000000149011612 0
vt 0.20000000298023224 0
vt 0.30000001192092896 0
vt 0.4000000059604645 0
vt 0.5 0
vt 0.6000000238418579 0
vt 0.699999988079071 0
vt 0.800000011920929 0
vt 0.8999999761581421 0
vt 1 0
vt 0.5 0.5
vt 0.5 0.5
vt 0.5 0.5
vt 0.5 0.5
vt 0.5 0.5
vt 0.5 0.5
vt 0.5 0.5
vt 0.5 0.5
vt 0.5 0.5
vt 0.5 0.5
vt 1 0.5
vt 0.9045084714889526 0.7938926219940186
vt 0.6545084714889526 0.9755282402038574
vt 0.345491498708725 0.9755282402038574
vt 0.09549150615930557 0.7938926219940186
vt 0 0.5
vt 0.09549150615930557 0.20610737800598145
vt 0.345491498708725 0.024471741169691086
vt 0.6545084714889526 0.024471741169691086
vt 0.9045084714889526 0.20610737800598145
vt 1 0.5
vt 0.5 0.5
vt 0.5 0.5
vt 0.5 0.5
vt 0.5 0.5
vt 0.5 0.5
vt 0.5 0.5
vt 0.5 0.5
vt 0.5 0.5
vt 0.5 0.5
vt 0.5 0.5
vt 1 0.5
vt 0.9045084714889526 0.20610737800598145
vt 0.6545084714889526 0.024471741169691086
vt 0.345491498708725 0.024471741169691086
vt 0.09549150615930557 0.20610737800598145
vt 0 0.5
vt 0.09549150615930557 0.7938926219940186
vt 0.345491498708725 0.9755282402038574
vt 0.6545084714889526 0.9755282402038574
vt 0.9045084714889526 0.7938926219940186
vt 1 0.5
vn 0 0.1414213666681226 0.9899494921710502
vn 0.5818777040862189 0.1414213617007273 0.8008859693752058
vn 0.9414979176103107 0.1414213621067745 0.30591121175156916
vn 0.9414979176103107 0.1414213621067745 -0.30591121175156916
vn 0.5818777040862189 0.1414213617007273 -0.8008859693752058
vn 1.21233857094163e-16 0.1414213666681226 -0.9899494921710502
vn -0.5818777040862189 0.1414213617007273 -0.8008859693752058
vn -0.9414979176103107 0.1414213621067745 -0.30591121175156916
vn -0.9414979176103107 0.1414213621067745 0.30591121175156916
vn -0.5818777040862189 0.1414213617007273 0.8008859693752058
vn -2.42467714188326e-16 0.1414213666681226 0.9899494921710502
vn 0 0.1414213666681226 0.9899494921710502
vn 0.5818777040862189 0.1414213617007273 0.8008859693752058
vn 0.9414979176103107 0.1414213621067745 0.30591121175156916
vn 0.9414979176103107 0.1414213621067745 -0.30591121175156916
vn 0.5818777040862189 0.1414213617007273 -0.8008859693752058
vn 1.21233857094163e-16 0.1414213666681226 -0.9899494921710502
vn -0.5818777040862189 0.1414213617007273 -0.8008859693752058
vn -0.9414979176103107 0.1414213621067745 -0.30591121175156916
vn -0.9414979176103107 0.1414213621067745 0.30591121175156916
vn -0.5818777040862189 0.1414213617007273 0.8008859693752058
vn -2.42467714188326e-16 0.1414213666681226 0.9899494921710502
vn 0 1 0
vn 0 1 0
vn 0 1 0
vn 0 1 0
vn 0 1 0
vn 0 1 0
vn 0 1 0
vn 0 1 0
vn 0 1 0
vn 0 1 0
vn 0 1 0
vn 0 1 0
vn 0 1 0
vn 0 1 0
vn 0 1 0
vn 0 1 0
vn 0 1 0
vn 0 1 0
vn 0 1 0
vn 0 1 0
vn 0 1 0
vn 0 -1 0
vn 0 -1 0
vn 0 -1 0
vn 0 -1 0
vn 0 -1 0
vn 0 -1 0
vn 0 -1 0
vn 0 -1 0
vn 0 -1 0
vn 0 -1 0
vn 0 -1 0
vn 0 -1 0
vn 0 -1 0
vn 0 -1 0
vn 0 -1 0
vn 0 -1 0
vn 0 -1 0
vn 0 -1 0
vn 0 -1 0
vn 0 -1 0
vn 0 -1 0
f 2482/2482/2482 2493/2493/2493 2483/2483/2483
f 2493/2493/2493 2494/2494/2494 2483/2483/2483
f 2483/2483/2483 2494/2494/2494 2484/2484/2484
f 2494/2494/2494 2495/2495/2495 2484/2484/2484
f 2484/2484/2484 2495/2495/2495 2485/2485/2485
f 2495/2495/2495 2496/2496/2496 2485/2485/2485
f 2485/2485/2485 2496/2496/2496 2486/2486/2486
f 2496/2496/2496 2497/2497/2497 2486/2486/2486
f 2486/2486/2486 2497/2497/2497 2487/2487/2487
f 2497/2497/2497 2498/2498/2498 2487/2487/2487
f 2487/2487/2487 2498/2498/2498 2488/2488/2488
f 2498/2498/2498 2499/2499/2499 2488/2488/2488
f 2488/2488/2488 2499/2499/2499 2489/2489/2489
f 2499/2499/2499 2500/2500/2500 2489/2489/2489
f 2489/2489/2489 2500/2500/2500 2490/2490/2490
f 2500/2500/2500 2501/2501/2501 2490/2490/2490
f 2490/2490/2490 2501/2501/2501 2491/2491/2491
f 2501/2501/2501 2502/2502/2502 2491/2491/2491
f 2491/2491/2491 2502/2502/2502 2492/2492/2492
f 2502/2502/2502 2503/2503/2503 2492/2492/2492
f 2514/2514/2514 2515/2515/2515 2504/2504/2504
f 2515/2515/2515 2516/2516/2516 2505/2505/2505
f 2516/2516/2516 2517/2517/2517 2506/2506/2506
f 2517/2517/2517 2518/2518/2518 2507/2507/2507
f 2518/2518/2518 2519/2519/2519 2508/2508/2508
f 2519/2519/2519 2520/2520/2520 2509/2509/2509
f 2520/2520/2520 2521/2521/2521 2510/2510/2510
f 2521/2521/2521 2522/2522/2522 2511/2511/2511
f 2522/2522/2522 2523/2523/2523 2512/2512/2512
f 2523/2523/2523 2524/2524/2524 2513/2513/2513
f 2536/2536/2536 2535/2535/2535 2525/2525/2525
f 2537/2537/2537 2536/2536/2536 2526/2526/2526
f 2538/2538/2538 2537/2537/2537 2527/2527/2527
f 2539/2539/2539 2538/2538/2538 2528/2528/2528
f 2540/2540/2540 2539/2539/2539 2529/2529/2529
f 2541/2541/2541 2540/2540/2540 2530/2530/2530
f 2542/2542/2542 2541/2541/2541 2531/2531/2531
f 2543/2543/2543 2542/2542/2542 2532/2532/2532
f 2544/2544/2544 2543/2543/2543 2533/2533/2533
f 2545/2545/2545 2544/2544/2544 2534/2534/2534
o 
v 0 0.15000000596046448 0.019999999552965164
v 0.01414213515818119 0.15000000596046448 0.01414213515818119
v 0.019999999552965164 0.15000000596046448 1.224646790546622e-18
v 0.01414213515818119 0.15000000596046448 -0.01414213515818119
v 2.449293581093244e-18 0.15000000596046448 -0.019999999552965164
v -0.01414213515818119 0.15000000596046448 -0.01414213515818119
v -0.019999999552965164 0.15000000596046448 -3.673940475037442e-18
v -0.01414213515818119 0.15000000596046448 0.01414213515818119
v -4.898587162186488e-18 0.15000000596046448 0.019999999552965164
v 0 -0.15000000596046448 0.029999999329447746
v 0.02121320366859436 -0.15000000596046448 0.02121320366859436
v 0.029999999329447746 -0.15000000596046448 1.836970237518721e-18
v 0.02121320366859436 -0.15000000596046448 -0.02121320366859436
v 3.673940475037442e-18 -0.15000000596046448 -0.029999999329447746
v -0.02121320366859436 -0.15000000596046448 -0.02121320366859436
v -0.029999999329447746 -0.15000000596046448 -5.51091050576101e-18
v -0.02121320366859436 -0.15000000596046448 0.02121320366859436
v -7.347880950074885e-18 -0.15000000596046448 0.029999999329447746
v 0 0.15000000596046448 0
v 0 0.15000000596046448 0
v 0 0.15000000596046448 0
v 0 0.15000000596046448 0
v 0 0.15000000596046448 0
v 0 0.15000000596046448 0
v 0 0.15000000596046448 0
v 0 0.15000000596046448 0
v 0 0.15000000596046448 0.019999999552965164
v 0.01414213515818119 0.15000000596046448 0.01414213515818119
v 0.019999999552965164 0.15000000596046448 1.224646790546622e-18
v 0.01414213515818119 0.15000000596046448 -0.01414213515818119
v 2.449293581093244e-18 0.15000000596046448 -0.019999999552965164
v -0.01414213515818119 0.15000000596046448 -0.01414213515818119
v -0.019999999552965164 0.15000000596046448 -3.673940475037442e-18
v -0.01414213515818119 0.15000000596046448 0.01414213515818119
v -4.898587162186488e-18 0.15000000596046448 0.019999999552965164
v 0 -0.15000000596046448 0
v 0 -0.15000000596046448 0
v 0 -0.15000000596046448 0
v 0 -0.15000000596046448 0
v 0 -0.15000000596046448 0
v 0 -0.15000000596046448 0
v 0 -0.15000000596046448 0
v 0 -0.15000000596046448 0
v 0 -0.15000000596046448 0.029999999329447746
v 0.02121320366859436 -0.15000000596046448 0.02121320366859436
v 0.029999999329447746 -0.15000000596046448 1.836970237518721e-18
v 0.02121320366859436 -0.15000000596046448 -0.02121320366859436
v 3.673940475037442e-18 -0.15000000596046448 -0.029999999329447746
v -0.02121320366859436 -0.15000000596046448 -0.02121320366859436
v -0.029999999329447746 -0.15000000596046448 -5.51091050576101e-18
v -0.02121320366859436 -0.15000000596046448 0.02121320366859436
v -7.347880950074885e-18 -0.15000000596046448 0.029999999329447746
vt 0 1
vt 0.125 1
vt 0.25 1
vt 0.375 1
vt 0.5 1
vt 0.625 1
vt 0.75 1
vt 0.875 1
vt 1 1
vt 0 0
vt 0.125 0
vt 0.25 0
vt 0.375 0
vt 0.5 0
vt 0.625 0
vt 0.75 0
vt 0.875 0
vt 1 0
vt 0.5 0.5
vt 0.5 0.5
vt 0.5 0.5
vt 0.5 0.5
vt 0.5 0.5
vt 0.5 0.5
vt 0.5 0.5
vt 0.5 0.5
vt 1 0.5
vt 0.8535534143447876 0.8535534143447876
vt 0.5 1
vt 0.1464466154575348 0.8535534143447876
vt 0 0.5
vt 0.1464466154575348 0.1464466154575348
vt 0.5 0
vt 0.8535534143447876 0.1464466154575348
vt 1 0.5
vt 0.5 0.5
vt 0.5 0.5
vt 0.5 0.5
vt 0.5 0.5
vt 0.5 0.5
vt 0.5 0.5
vt 0.5 0.5
vt 0.5 0.5
vt 1 0.5
vt 0.8535534143447876 0.1464466154575348
vt 0.5 0
vt 0.1464466154575348 0.1464466154575348
vt 0 0.5
vt 0.1464466154575348 0.8535534143447876
vt 0.5 1
vt 0.8535534143447876 0.8535534143447876
vt 1 0.5
vn 0 0.03331483172110076 0.9994449069295389
vn 0.7067142711176874 0.03331483148976999 0.7067142711176874
vn 0.9994449069295389 0.03331483172110076 6.119834912012969e-17
vn 0.7067142711176874 0.03331483148976999 -0.7067142711176874
vn 1.2239669824025939e-16 0.03331483172110076 -0.9994449069295389
vn -0.7067142711176874 0.03331483148976999 -0.7067142711176874
vn -0.9994449069295389 0.03331483172110076 -1.8359505397783402e-16
vn -0.7067142711176874 0.03331483148976999 0.7067142711176874
vn -2.4479339648051877e-16 0.03331483172110076 0.9994449069295389
vn 0 0.03331483172110076 0.9994449069295389
vn 0.7067142711176874 0.03331483148976999 0.7067142711176874
vn 0.9994449069295389 0.03331483172110076 6.119834912012969e-17
vn 0.7067142711176874 0.03331483148976999 -0.7067142711176874
vn 1.2239669824025939e-16 0.03331483172110076 -0.9994449069295389
vn -0.7067142711176874 0.03331483148976999 -0.7067142711176874
vn -0.9994449069295389 0.03331483172110076 -1.8359505397783402e-16
vn -0.7067142711176874 0.03331483148976999 0.7067142711176874
vn -2.4479339648051877e-16 0.03331483172110076 0.9994449069295389
vn 0 1 0
vn 0 1 0
vn 0 1 0
vn 0 1 0
vn 0 1 0
vn 0 1 0
vn 0 1 0
vn 0 1 0
vn 0 1 0
vn 0 1 0
vn 0 1 0
vn 0 1 0
vn 0 1 0
vn 0 1 0
vn 0 1 0
vn 0 1 0
vn 0 1 0
vn 0 -1 0
vn 0 -1 0
vn 0 -1 0
vn 0 -1 0
vn 0 -1 0
vn 0 -1 0
vn 0 -1 0
vn 0 -1 0
vn 0 -1 0
vn 0 -1 0
vn 0 -1 0
vn 0 -1 0
vn 0 -1 0
vn 0 -1 0
vn 0 -1 0
vn 0 -1 0
vn 0 -1 0
f 2546/2546/2546 2555/2555/2555 2547/2547/2547
f 2555/2555/2555 2556/2556/2556 2547/2547/2547
f 2547/2547/2547 2556/2556/2556 2548/2548/2548
f 2556/2556/2556 2557/2557/2557 2548/2548/2548
f 2548/2548/2548 2557/2557/2557 2549/2549/2549
f 2557/2557/2557 2558/2558/2558 2549/2549/2549
f 2549/2549/2549 2558/2558/2558 2550/2550/2550
f 2558/2558/2558 2559/2559/2559 2550/2550/2550
f 2550/2550/2550 2559/2559/2559 2551/2551/2551
f 2559/2559/2559 2560/2560/2560 2551/2551/2551
f 2551/2551/2551 2560/2560/2560 2552/2552/2552
f 2560/2560/2560 2561/2561/2561 2552/2552/2552
f 2552/2552/2552 2561/2561/2561 2553/2553/2553
f 2561/2561/2561 2562/2562/2562 2553/2553/2553
f 2553/2553/2553 2562/2562/2562 2554/2554/2554
f 2562/2562/2562 2563/2563/2563 2554/2554/2554
f 2572/2572/2572 2573/2573/2573 2564/2564/2564
f 2573/2573/2573 2574/2574/2574 2565/2565/2565
f 2574/2574/2574 2575/2575/2575 2566/2566/2566
f 2575/2575/2575 2576/2576/2576 2567/2567/2567
f 2576/2576/2576 2577/2577/2577 2568/2568/2568
f 2577/2577/2577 2578/2578/2578 2569/2569/2569
f 2578/2578/2578 2579/2579/2579 2570/2570/2570
f 2579/2579/2579 2580/2580/2580 2571/2571/2571
f 2590/2590/2590 2589/2589/2589 2581/2581/2581
f 2591/2591/2591 2590/2590/2590 2582/2582/2582
f 2592/2592/2592 2591/2591/2591 2583/2583/2583
f 2593/2593/2593 2592/2592/2592 2584/2584/2584
f 2594/2594/2594 2593/2593/2593 2585/2585/2585
f 2595/2595/2595 2594/2594/2594 2586/2586/2586
f 2596/2596/2596 2595/2595/2595 2587/2587/2587
f 2597/2597/2597 2596/2596/2596 2588/2588/2588
o antennaTip
v 0 0.07000000029802322 0
v 0 0.07000000029802322 0
v 0 0.07000000029802322 0
v 0 0.07000000029802322 0
v 0 0.07000000029802322 0
v 0 0.07000000029802322 0
v 0 0.07000000029802322 0
v 0 0.07000000029802322 0
v 0 0.07000000029802322 0
v 0 0.07000000029802322 0
v 0 0.07000000029802322 0
v 0 0.07000000029802322 0
v 0 0.07000000029802322 0
v -0.021631188690662384 0.06657395511865616 0
v -0.018733160570263863 0.06657395511865616 0.010815594345331192
v -0.010815594345331192 0.06657395511865616 0.018733160570263863
v -1.3245283325245172e-18 0.06657395511865616 0.021631188690662384
v 0.010815594345331192 0.06657395511865616 0.018733160570263863
v 0.018733160570263863 0.06657395511865616 0.010815594345331192
v 0.021631188690662384 0.06657395511865616 2.6490566650490343e-18
v 0.018733160570263863 0.06657395511865616 -0.010815594345331192
v 0.010815594345331192 0.06657395511865616 -0.018733160570263863
v 3.9735849975735515e-18 0.06657395511865616 -0.021631188690662384
v -0.010815594345331192 0.06657395511865616 -0.018733160570263863
v -0.018733160570263863 0.06657395511865616 -0.010815594345331192
v -0.021631188690662384 0.06657395511865616 -5.298113330098069e-18
v -0.0411449670791626 0.056631188839673996 0
v -0.03563258796930313 0.056631188839673996 0.0205724835395813
v -0.0205724835395813 0.056631188839673996 0.03563258796930313
v -2.5194027214762477e-18 0.056631188839673996 0.0411449670791626
v 0.0205724835395813 0.056631188839673996 0.03563258796930313
v 0.03563258796930313 0.056631188839673996 0.0205724835395813
v 0.0411449670791626 0.056631188839673996 5.038805442952495e-18
v 0.03563258796930313 0.056631188839673996 -0.0205724835395813
v 0.0205724835395813 0.056631188839673996 -0.03563258796930313
v 7.558208164428743e-18 0.056631188839673996 -0.0411449670791626
v -0.0205724835395813 0.056631188839673996 -0.03563258796930313
v -0.03563258796930313 0.056631188839673996 -0.0205724835395813
v -0.0411449670791626 0.056631188839673996 -1.007761088590499e-17
v -0.056631188839673996 0.0411449670791626 0
v -0.04904405027627945 0.0411449670791626 0.028315594419836998
v -0.028315594419836998 0.0411449670791626 0.04904405027627945
v -3.4676602418304996e-18 0.0411449670791626 0.056631188839673996
v 0.028315594419836998 0.0411449670791626 0.04904405027627945
v 0.04904405027627945 0.0411449670791626 0.028315594419836998
v 0.056631188839673996 0.0411449670791626 6.935320483660999e-18
v 0.04904405027627945 0.0411449670791626 -0.028315594419836998
v 0.028315594419836998 0.0411449670791626 -0.04904405027627945
v 1.0402980725491499e-17 0.0411449670791626 -0.056631188839673996
v -0.028315594419836998 0.0411449670791626 -0.04904405027627945
v -0.04904405027627945 0.0411449670791626 -0.028315594419836998
v -0.056631188839673996 0.0411449670791626 -1.3870640967321999e-17
v -0.06657395511865616 0.021631188690662384 0
v -0.057654738426208496 0.021631188690662384 0.03328697755932808
v -0.03328697755932808 0.021631188690662384 0.057654738426208496
v -4.0764792347399414e-18 0.021631188690662384 0.06657395511865616
v 0.03328697755932808 0.021631188690662384 0.057654738426208496
v 0.057654738426208496 0.021631188690662384 0.03328697755932808
v 0.06657395511865616 0.021631188690662384 8.152958469479883e-18
v 0.057654738426208496 0.021631188690662384 -0.03328697755932808
v 0.03328697755932808 0.021631188690662384 -0.057654738426208496
v 1.2229437704219824e-17 0.021631188690662384 -0.06657395511865616
v -0.03328697755932808 0.021631188690662384 -0.057654738426208496
v -0.057654738426208496 0.021631188690662384 -0.03328697755932808
v -0.06657395511865616 0.021631188690662384 -1.6305916938959766e-17
v -0.07000000029802322 4.286263818611965e-18 0
v -0.060621779412031174 4.286263818611965e-18 0.03500000014901161
v -0.03500000014901161 4.286263818611965e-18 0.060621779412031174
v -4.286263818611965e-18 4.286263818611965e-18 0.07000000029802322
v 0.03500000014901161 4.286263818611965e-18 0.060621779412031174
v 0.060621779412031174 4.286263818611965e-18 0.03500000014901161
v 0.07000000029802322 4.286263818611965e-18 8.57252763722393e-18
v 0.060621779412031174 4.286263818611965e-18 -0.03500000014901161
v 0.03500000014901161 4.286263818611965e-18 -0.060621779412031174
v 1.2858791455835895e-17 4.286263818611965e-18 -0.07000000029802322
v -0.03500000014901161 4.286263818611965e-18 -0.060621779412031174
v -0.060621779412031174 4.286263818611965e-18 -0.03500000014901161
v -0.07000000029802322 4.286263818611965e-18 -1.714505527444786e-17
v -0.06657395511865616 -0.021631188690662384 0
v -0.057654738426208496 -0.021631188690662384 0.03328697755932808
v -0.03328697755932808 -0.021631188690662384 0.057654738426208496
v -4.0764792347399414e-18 -0.021631188690662384 0.06657395511865616
v 0.03328697755932808 -0.021631188690662384 0.057654738426208496
v 0.057654738426208496 -0.021631188690662384 0.03328697755932808
v 0.06657395511865616 -0.021631188690662384 8.152958469479883e-18
v 0.057654738426208496 -0.021631188690662384 -0.03328697755932808
v 0.03328697755932808 -0.021631188690662384 -0.057654738426208496
v 1.2229437704219824e-17 -0.021631188690662384 -0.06657395511865616
v -0.03328697755932808 -0.021631188690662384 -0.057654738426208496
v -0.057654738426208496 -0.021631188690662384 -0.03328697755932808
v -0.06657395511865616 -0.021631188690662384 -1.6305916938959766e-17
v -0.056631188839673996 -0.0411449670791626 0
v -0.04904405027627945 -0.0411449670791626 0.028315594419836998
v -0.028315594419836998 -0.0411449670791626 0.04904405027627945
v -3.4676602418304996e-18 -0.0411449670791626 0.056631188839673996
v 0.028315594419836998 -0.0411449670791626 0.04904405027627945
v 0.04904405027627945 -0.0411449670791626 0.028315594419836998
v 0.056631188839673996 -0.0411449670791626 6.935320483660999e-18
v 0.04904405027627945 -0.0411449670791626 -0.028315594419836998
v 0.028315594419836998 -0.0411449670791626 -0.04904405027627945
v 1.0402980725491499e-17 -0.0411449670791626 -0.056631188839673996
v -0.028315594419836998 -0.0411449670791626 -0.04904405027627945
v -0.04904405027627945 -0.0411449670791626 -0.028315594419836998
v -0.056631188839673996 -0.0411449670791626 -1.3870640967321999e-17
v -0.0411449670791626 -0.056631188839673996 0
v -0.03563258796930313 -0.056631188839673996 0.0205724835395813
v -0.0205724835395813 -0.056631188839673996 0.03563258796930313
v -2.5194027214762477e-18 -0.056631188839673996 0.0411449670791626
v 0.0205724835395813 -0.056631188839673996 0.03563258796930313
v 0.03563258796930313 -0.056631188839673996 0.0205724835395813
v 0.0411449670791626 -0.056631188839673996 5.038805442952495e-18
v 0.03563258796930313 -0.056631188839673996 -0.0205724835395813
v 0.0205724835395813 -0.056631188839673996 -0.03563258796930313
v 7.558208164428743e-18 -0.056631188839673996 -0.0411449670791626
v -0.0205724835395813 -0.056631188839673996 -0.03563258796930313
v -0.03563258796930313 -0.056631188839673996 -0.0205724835395813
v -0.0411449670791626 -0.056631188839673996 -1.007761088590499e-17
v -0.021631188690662384 -0.06657395511865616 0
v -0.018733160570263863 -0.06657395511865616 0.010815594345331192
v -0.010815594345331192 -0.06657395511865616 0.018733160570263863
v -1.3245283325245172e-18 -0.06657395511865616 0.021631188690662384
v 0.010815594345331192 -0.06657395511865616 0.018733160570263863
v 0.018733160570263863 -0.06657395511865616 0.010815594345331192
v 0.021631188690662384 -0.06657395511865616 2.6490566650490343e-18
v 0.018733160570263863 -0.06657395511865616 -0.010815594345331192
v 0.010815594345331192 -0.06657395511865616 -0.018733160570263863
v 3.9735849975735515e-18 -0.06657395511865616 -0.021631188690662384
v -0.010815594345331192 -0.06657395511865616 -0.018733160570263863
v -0.018733160570263863 -0.06657395511865616 -0.010815594345331192
v -0.021631188690662384 -0.06657395511865616 -5.298113330098069e-18
v -8.57252763722393e-18 -0.07000000029802322 0
v -7.424027061363454e-18 -0.07000000029802322 4.286263818611965e-18
v -4.286263818611965e-18 -0.07000000029802322 7.424027061363454e-18
v -5.249159462514867e-34 -0.07000000029802322 8.57252763722393e-18
v 4.286263818611965e-18 -0.07000000029802322 7.424027061363454e-18
v 7.424027061363454e-18 -0.07000000029802322 4.286263818611965e-18
v 8.57252763722393e-18 -0.07000000029802322 1.0498318925029733e-33
v 7.424027061363454e-18 -0.07000000029802322 -4.286263818611965e-18
v 4.286263818611965e-18 -0.07000000029802322 -7.424027061363454e-18
v 1.5747477010012158e-33 -0.07000000029802322 -8.57252763722393e-18
v -4.286263818611965e-18 -0.07000000029802322 -7.424027061363454e-18
v -7.424027061363454e-18 -0.07000000029802322 -4.286263818611965e-18
v -8.57252763722393e-18 -0.07000000029802322 -2.0996637850059467e-33
vt 0.0416666679084301 1
vt 0.125 1
vt 0.2083333283662796 1
vt 0.2916666567325592 1
vt 0.375 1
vt 0.4583333432674408 1
vt 0.5416666865348816 1
vt 0.625 1
vt 0.7083333134651184 1
vt 0.7916666865348816 1
vt 0.875 1
vt 0.9583333134651184 1
vt 1.0416666269302368 1
vt 0 0.8999999761581421
vt 0.0833333358168602 0.8999999761581421
vt 0.1666666716337204 0.8999999761581421
vt 0.25 0.8999999761581421
vt 0.3333333432674408 0.8999999761581421
vt 0.4166666567325592 0.8999999761581421
vt 0.5 0.8999999761581421
vt 0.5833333134651184 0.8999999761581421
vt 0.6666666865348816 0.8999999761581421
vt 0.75 0.8999999761581421
vt 0.8333333134651184 0.8999999761581421
vt 0.9166666865348816 0.8999999761581421
vt 1 0.8999999761581421
vt 0 0.800000011920929
vt 0.0833333358168602 0.800000011920929
vt 0.1666666716337204 0.800000011920929
vt 0.25 0.800000011920929
vt 0.3333333432674408 0.800000011920929
vt 0.4166666567325592 0.800000011920929
vt 0.5 0.800000011920929
vt 0.5833333134651184 0.800000011920929
vt 0.6666666865348816 0.800000011920929
vt 0.75 0.800000011920929
vt 0.8333333134651184 0.800000011920929
vt 0.9166666865348816 0.800000011920929
vt 1 0.800000011920929
vt 0 0.699999988079071
vt 0.0833333358168602 0.699999988079071
vt 0.1666666716337204 0.699999988079071
vt 0.25 0.699999988079071
vt 0.3333333432674408 0.699999988079071
vt 0.4166666567325592 0.699999988079071
vt 0.5 0.699999988079071
vt 0.5833333134651184 0.699999988079071
vt 0.6666666865348816 0.699999988079071
vt 0.75 0.699999988079071
vt 0.8333333134651184 0.699999988079071
vt 0.9166666865348816 0.699999988079071
vt 1 0.699999988079071
vt 0 0.6000000238418579
vt 0.0833333358168602 0.6000000238418579
vt 0.1666666716337204 0.6000000238418579
vt 0.25 0.6000000238418579
vt 0.3333333432674408 0.6000000238418579
vt 0.4166666567325592 0.6000000238418579
vt 0.5 0.6000000238418579
vt 0.5833333134651184 0.6000000238418579
vt 0.6666666865348816 0.6000000238418579
vt 0.75 0.6000000238418579
vt 0.8333333134651184 0.6000000238418579
vt 0.9166666865348816 0.6000000238418579
vt 1 0.6000000238418579
vt 0 0.5
vt 0.0833333358168602 0.5
vt 0.1666666716337204 0.5
vt 0.25 0.5
vt 0.3333333432674408 0.5
vt 0.4166666567325592 0.5
vt 0.5 0.5
vt 0.5833333134651184 0.5
vt 0.6666666865348816 0.5
vt 0.75 0.5
vt 0.8333333134651184 0.5
vt 0.9166666865348816 0.5
vt 1 0.5
vt 0 0.4000000059604645
vt 0.0833333358168602 0.4000000059604645
vt 0.1666666716337204 0.4000000059604645
vt 0.25 0.4000000059604645
vt 0.3333333432674408 0.4000000059604645
vt 0.4166666567325592 0.4000000059604645
vt 0.5 0.4000000059604645
vt 0.5833333134651184 0.4000000059604645
vt 0.6666666865348816 0.4000000059604645
vt 0.75 0.4000000059604645
vt 0.8333333134651184 0.4000000059604645
vt 0.9166666865348816 0.4000000059604645
vt 1 0.4000000059604645
vt 0 0.30000001192092896
vt 0.0833333358168602 0.30000001192092896
vt 0.1666666716337204 0.30000001192092896
vt 0.25 0.30000001192092896
vt 0.3333333432674408 0.30000001192092896
vt 0.4166666567325592 0.30000001192092896
vt 0.5 0.30000001192092896
vt 0.5833333134651184 0.30000001192092896
vt 0.6666666865348816 0.30000001192092896
vt 0.75 0.30000001192092896
vt 0.8333333134651184 0.30000001192092896
vt 0.9166666865348816 0.30000001192092896
vt 1 0.30000001192092896
vt 0 0.20000000298023224
vt 0.0833333358168602 0.20000000298023224
vt 0.1666666716337204 0.20000000298023224
vt 0.25 0.20000000298023224
vt 0.3333333432674408 0.20000000298023224
vt 0.4166666567325592 0.20000000298023224
vt 0.5 0.20000000298023224
vt 0.5833333134651184 0.20000000298023224
vt 0.6666666865348816 0.20000000298023224
vt 0.75 0.20000000298023224
vt 0.8333333134651184 0.20000000298023224
vt 0.9166666865348816 0.20000000298023224
vt 1 0.20000000298023224
vt 0 0.10000000149011612
vt 0.0833333358168602 0.10000000149011612
vt 0.1666666716337204 0.10000000149011612
vt 0.25 0.10000000149011612
vt 0.3333333432674408 0.10000000149011612
vt 0.4166666567325592 0.10000000149011612
vt 0.5 0.10000000149011612
vt 0.5833333134651184 0.10000000149011612
vt 0.6666666865348816 0.10000000149011612
vt 0.75 0.10000000149011612
vt 0.8333333134651184 0.10000000149011612
vt 0.9166666865348816 0.10000000149011612
vt 1 0.10000000149011612
vt -0.0416666679084301 0
vt 0.0416666679084301 0
vt 0.125 0
vt 0.2083333283662796 0
vt 0.2916666567325592 0
vt 0.375 0
vt 0.4583333432674408 0
vt 0.5416666865348816 0
vt 0.625 0
vt 0.7083333134651184 0
vt 0.7916666865348816 0
vt 0.875 0
vt 0.9583333134651184 0
vn 0 1 0
vn 0 1 0
vn 0 1 0
vn 0 1 0
vn 0 1 0
vn 0 1 0
vn 0 1 0
vn 0 1 0
vn 0 1 0
vn 0 1 0
vn 0 1 0
vn 0 1 0
vn 0 1 0
vn -0.3090169948284817 0.9510565161477913 0
vn -0.267616563598785 0.9510565172783444 0.15450849759791035
vn -0.15450849759791035 0.9510565172783444 0.267616563598785
vn -1.892183379232834e-17 0.9510565161477913 0.3090169948284817
vn 0.15450849759791035 0.9510565172783444 0.267616563598785
vn 0.267616563598785 0.9510565172783444 0.15450849759791035
vn 0.3090169948284817 0.9510565161477913 3.784366758465668e-17
vn 0.267616563598785 0.9510565172783444 -0.15450849759791035
vn 0.15450849759791035 0.9510565172783444 -0.267616563598785
vn 5.676549972262383e-17 0.9510565161477913 -0.3090169948284817
vn -0.15450849759791035 0.9510565172783444 -0.267616563598785
vn -0.267616563598785 0.9510565172783444 -0.15450849759791035
vn -0.3090169948284817 0.9510565161477913 -7.568733516931335e-17
vn -0.5877852429542022 0.8090170011595983 0
vn -0.5090369560385302 0.8090169991193017 0.29389262073592
vn -0.29389262073592 0.8090169991193017 0.5090369560385302
vn -3.5991465495658004e-17 0.8090170011595983 0.5877852429542022
vn 0.29389262073592 0.8090169991193017 0.5090369560385302
vn 0.5090369560385302 0.8090169991193017 0.29389262073592
vn 0.5877852429542022 0.8090170011595983 7.198293099131601e-17
vn 0.5090369560385302 0.8090169991193017 -0.29389262073592
vn 0.29389262073592 0.8090169991193017 -0.5090369560385302
vn 1.0797439979569647e-16 0.8090170011595983 -0.5877852429542022
vn -0.29389262073592 0.8090169991193017 -0.5090369560385302
vn -0.5090369560385302 0.8090169991193017 -0.29389262073592
vn -0.5877852429542022 0.8090170011595983 -1.4396586198263202e-16
vn -0.8090170011595983 0.5877852429542022 0
vn -0.7006292840523903 0.5877852357108809 0.40450849559501084
vn -0.40450849559501084 0.5877852357108809 0.7006292840523903
vn -4.953800384026539e-17 0.5877852429542022 0.8090170011595983
vn 0.40450849559501084 0.5877852357108809 0.7006292840523903
vn 0.7006292840523903 0.5877852357108809 0.40450849559501084
vn 0.8090170011595983 0.5877852429542022 9.907600768053078e-17
vn 0.7006292840523903 0.5877852357108809 -0.40450849559501084
vn 0.40450849559501084 0.5877852357108809 -0.7006292840523903
vn 1.4861400821207373e-16 0.5877852429542022 -0.8090170011595983
vn -0.40450849559501084 0.5877852357108809 -0.7006292840523903
vn -0.7006292840523903 0.5877852357108809 -0.40450849559501084
vn -0.8090170011595983 0.5877852429542022 -1.9815201536106157e-16
vn -0.9510565161477913 0.3090169948284817 0
vn -0.8236390940092849 0.3090170022747954 0.47552826953259414
vn -0.47552826953259414 0.3090170022747954 0.8236390940092849
vn -5.823541286913628e-17 0.3090169948284817 0.9510565161477913
vn 0.47552826953259414 0.3090170022747954 0.8236390940092849
vn 0.8236390940092849 0.3090170022747954 0.47552826953259414
vn 0.9510565161477913 0.3090169948284817 1.1647082573827256e-16
vn 0.8236390940092849 0.3090170022747954 -0.47552826953259414
vn 0.47552826953259414 0.3090170022747954 -0.8236390940092849
vn 1.7470624522485358e-16 0.3090169948284817 -0.9510565161477913
vn -0.47552826953259414 0.3090170022747954 -0.8236390940092849
vn -0.8236390940092849 0.3090170022747954 -0.47552826953259414
vn -0.9510565161477913 0.3090169948284817 -2.329416514765451e-16
vn -1 6.123234262925839e-17 0
vn -0.8660253998985324 6.12323434535176e-17 0.5000000067305869
vn -0.5000000067305869 6.12323434535176e-17 0.8660253998985324
vn -6.123234262925839e-17 6.123234262925839e-17 1
vn 0.5000000067305869 6.12323434535176e-17 0.8660253998985324
vn 0.8660253998985324 6.12323434535176e-17 0.5000000067305869
vn 1 6.123234262925839e-17 1.2246468525851679e-16
vn 0.8660253998985324 6.12323434535176e-17 -0.5000000067305869
vn 0.5000000067305869 6.12323434535176e-17 -0.8660253998985324
vn 1.8369701465288538e-16 6.123234262925839e-17 -1
vn -0.5000000067305869 6.12323434535176e-17 -0.8660253998985324
vn -0.8660253998985324 6.12323434535176e-17 -0.5000000067305869
vn -1 6.123234262925839e-17 -2.4492937051703357e-16
vn -0.9510565161477913 -0.3090169948284817 0
vn -0.8236390940092849 -0.3090170022747954 0.47552826953259414
vn -0.47552826953259414 -0.3090170022747954 0.8236390940092849
vn -5.823541286913628e-17 -0.3090169948284817 0.9510565161477913
vn 0.47552826953259414 -0.3090170022747954 0.8236390940092849
vn 0.8236390940092849 -0.3090170022747954 0.47552826953259414
vn 0.9510565161477913 -0.3090169948284817 1.1647082573827256e-16
vn 0.8236390940092849 -0.3090170022747954 -0.47552826953259414
vn 0.47552826953259414 -0.3090170022747954 -0.8236390940092849
vn 1.7470624522485358e-16 -0.3090169948284817 -0.9510565161477913
vn -0.47552826953259414 -0.3090170022747954 -0.8236390940092849
vn -0.8236390940092849 -0.3090170022747954 -0.47552826953259414
vn -0.9510565161477913 -0.3090169948284817 -2.329416514765451e-16
vn -0.8090170011595983 -0.5877852429542022 0
vn -0.7006292840523903 -0.5877852357108809 0.40450849559501084
vn -0.40450849559501084 -0.5877852357108809 0.7006292840523903
vn -4.953800384026539e-17 -0.5877852429542022 0.8090170011595983
vn 0.40450849559501084 -0.5877852357108809 0.7006292840523903
vn 0.7006292840523903 -0.5877852357108809 0.40450849559501084
vn 0.8090170011595983 -0.5877852429542022 9.907600768053078e-17
vn 0.7006292840523903 -0.5877852357108809 -0.40450849559501084
vn 0.40450849559501084 -0.5877852357108809 -0.7006292840523903
vn 1.4861400821207373e-16 -0.5877852429542022 -0.8090170011595983
vn -0.40450849559501084 -0.5877852357108809 -0.7006292840523903
vn -0.7006292840523903 -0.5877852357108809 -0.40450849559501084
vn -0.8090170011595983 -0.5877852429542022 -1.9815201536106157e-16
vn -0.5877852429542022 -0.8090170011595983 0
vn -0.5090369560385302 -0.8090169991193017 0.29389262073592
vn -0.29389262073592 -0.8090169991193017 0.5090369560385302
vn -3.5991465495658004e-17 -0.8090170011595983 0.5877852429542022
vn 0.29389262073592 -0.8090169991193017 0.5090369560385302
vn 0.5090369560385302 -0.8090169991193017 0.29389262073592
vn 0.5877852429542022 -0.8090170011595983 7.198293099131601e-17
vn 0.5090369560385302 -0.8090169991193017 -0.29389262073592
vn 0.29389262073592 -0.8090169991193017 -0.5090369560385302
vn 1.0797439979569647e-16 -0.8090170011595983 -0.5877852429542022
vn -0.29389262073592 -0.8090169991193017 -0.5090369560385302
vn -0.5090369560385302 -0.8090169991193017 -0.29389262073592
vn -0.5877852429542022 -0.8090170011595983 -1.4396586198263202e-16
vn -0.3090169948284817 -0.9510565161477913 0
vn -0.267616563598785 -0.9510565172783444 0.15450849759791035
vn -0.15450849759791035 -0.9510565172783444 0.267616563598785
vn -1.892183379232834e-17 -0.9510565161477913 0.3090169948284817
vn 0.15450849759791035 -0.9510565172783444 0.267616563598785
vn 0.267616563598785 -0.9510565172783444 0.15450849759791035
vn 0.3090169948284817 -0.9510565161477913 3.784366758465668e-17
vn 0.267616563598785 -0.9510565172783444 -0.15450849759791035
vn 0.15450849759791035 -0.9510565172783444 -0.267616563598785
vn 5.676549972262383e-17 -0.9510565161477913 -0.3090169948284817
vn -0.15450849759791035 -0.9510565172783444 -0.267616563598785
vn -0.267616563598785 -0.9510565172783444 -0.15450849759791035
vn -0.3090169948284817 -0.9510565161477913 -7.568733516931335e-17
vn -1.2246468525851679e-16 -1 0
vn -1.0605752472130298e-16 -1 6.123234262925839e-17
vn -6.123234262925839e-17 -1 1.0605752472130298e-16
vn -7.498798786105971e-33 -1 1.2246468525851679e-16
vn 6.123234262925839e-17 -1 1.0605752472130298e-16
vn 1.0605752472130298e-16 -1 6.123234262925839e-17
vn 1.2246468525851679e-16 -1 1.4997597572211942e-32
vn 1.0605752472130298e-16 -1 -6.123234262925839e-17
vn 6.123234262925839e-17 -1 -1.0605752472130298e-16
vn 2.2496396358317913e-32 -1 -1.2246468525851679e-16
vn -6.123234262925839e-17 -1 -1.0605752472130298e-16
vn -1.0605752472130298e-16 -1 -6.123234262925839e-17
vn -1.2246468525851679e-16 -1 -2.9995195144423884e-32
f 2598/2598/2598 2611/2611/2611 2612/2612/2612
f 2599/2599/2599 2612/2612/2612 2613/2613/2613
f 2600/2600/2600 2613/2613/2613 2614/2614/2614
f 2601/2601/2601 2614/2614/2614 2615/2615/2615
f 2602/2602/2602 2615/2615/2615 2616/2616/2616
f 2603/2603/2603 2616/2616/2616 2617/2617/2617
f 2604/2604/2604 2617/2617/2617 2618/2618/2618
f 2605/2605/2605 2618/2618/2618 2619/2619/2619
f 2606/2606/2606 2619/2619/2619 2620/2620/2620
f 2607/2607/2607 2620/2620/2620 2621/2621/2621
f 2608/2608/2608 2621/2621/2621 2622/2622/2622
f 2609/2609/2609 2622/2622/2622 2623/2623/2623
f 2612/2612/2612 2611/2611/2611 2625/2625/2625
f 2611/2611/2611 2624/2624/2624 2625/2625/2625
f 2613/2613/2613 2612/2612/2612 2626/2626/2626
f 2612/2612/2612 2625/2625/2625 2626/2626/2626
f 2614/2614/2614 2613/2613/2613 2627/2627/2627
f 2613/2613/2613 2626/2626/2626 2627/2627/2627
f 2615/2615/2615 2614/2614/2614 2628/2628/2628
f 2614/2614/2614 2627/2627/2627 2628/2628/2628
f 2616/2616/2616 2615/2615/2615 2629/2629/2629
f 2615/2615/2615 2628/2628/2628 2629/2629/2629
f 2617/2617/2617 2616/2616/2616 2630/2630/2630
f 2616/2616/2616 2629/2629/2629 2630/2630/2630
f 2618/2618/2618 2617/2617/2617 2631/2631/2631
f 2617/2617/2617 2630/2630/2630 2631/2631/2631
f 2619/2619/2619 2618/2618/2618 2632/2632/2632
f 2618/2618/2618 2631/2631/2631 2632/2632/2632
f 2620/2620/2620 2619/2619/2619 2633/2633/2633
f 2619/2619/2619 2632/2632/2632 2633/2633/2633
f 2621/2621/2621 2620/2620/2620 2634/2634/2634
f 2620/2620/2620 2633/2633/2633 2634/2634/2634
f 2622/2622/2622 2621/2621/2621 2635/2635/2635
f 2621/2621/2621 2634/2634/2634 2635/2635/2635
f 2623/2623/2623 2622/2622/2622 2636/2636/2636
f 2622/2622/2622 2635/2635/2635 2636/2636/2636
f 2625/2625/2625 2624/2624/2624 2638/2638/2638
f 2624/2624/2624 2637/2637/2637 2638/2638/2638
f 2626/2626/2626 2625/2625/2625 2639/2639/2639
f 2625/2625/2625 2638/2638/2638 2639/2639/2639
f 2627/2627/2627 2626/2626/2626 2640/2640/2640
f 2626/2626/2626 2639/2639/2639 2640/2640/2640
f 2628/2628/2628 2627/2627/2627 2641/2641/2641
f 2627/2627/2627 2640/2640/2640 2641/2641/2641
f 2629/2629/2629 2628/2628/2628 2642/2642/2642
f 2628/2628/2628 2641/2641/2641 2642/2642/2642
f 2630/2630/2630 2629/2629/2629 2643/2643/2643
f 2629/2629/2629 2642/2642/2642 2643/2643/2643
f 2631/2631/2631 2630/2630/2630 2644/2644/2644
f 2630/2630/2630 2643/2643/2643 2644/2644/2644
f 2632/2632/2632 2631/2631/2631 2645/2645/2645
f 2631/2631/2631 2644/2644/2644 2645/2645/2645
f 2633/2633/2633 2632/2632/2632 2646/2646/2646
f 2632/2632/2632 2645/2645/2645 2646/2646/2646
f 2634/2634/2634 2633/2633/2633 2647/2647/2647
f 2633/2633/2633 2646/2646/2646 2647/2647/2647
f 2635/2635/2635 2634/2634/2634 2648/2648/2648
f 2634/2634/2634 2647/2647/2647 2648/2648/2648
f 2636/2636/2636 2635/2635/2635 2649/2649/2649
f 2635/2635/2635 2648/2648/2648 2649/2649/2649
f 2638/2638/2638 2637/2637/2637 2651/2651/2651
f 2637/2637/2637 2650/2650/2650 2651/2651/2651
f 2639/2639/2639 2638/2638/2638 2652/2652/2652
f 2638/2638/2638 2651/2651/2651 2652/2652/2652
f 2640/2640/2640 2639/2639/2639 2653/2653/2653
f 2639/2639/2639 2652/2652/2652 2653/2653/2653
f 2641/2641/2641 2640/2640/2640 2654/2654/2654
f 2640/2640/2640 2653/2653/2653 2654/2654/2654
f 2642/2642/2642 2641/2641/2641 2655/2655/2655
f 2641/2641/2641 2654/2654/2654 2655/2655/2655
f 2643/2643/2643 2642/2642/2642 2656/2656/2656
f 2642/2642/2642 2655/2655/2655 2656/2656/2656
f 2644/2644/2644 2643/2643/2643 2657/2657/2657
f 2643/2643/2643 2656/2656/2656 2657/2657/2657
f 2645/2645/2645 2644/2644/2644 2658/2658/2658
f 2644/2644/2644 2657/2657/2657 2658/2658/2658
f 2646/2646/2646 2645/2645/2645 2659/2659/2659
f 2645/2645/2645 2658/2658/2658 2659/2659/2659
f 2647/2647/2647 2646/2646/2646 2660/2660/2660
f 2646/2646/2646 2659/2659/2659 2660/2660/2660
f 2648/2648/2648 2647/2647/2647 2661/2661/2661
f 2647/2647/2647 2660/2660/2660 2661/2661/2661
f 2649/2649/2649 2648/2648/2648 2662/2662/2662
f 2648/2648/2648 2661/2661/2661 2662/2662/2662
f 2651/2651/2651 2650/2650/2650 2664/2664/2664
f 2650/2650/2650 2663/2663/2663 2664/2664/2664
f 2652/2652/2652 2651/2651/2651 2665/2665/2665
f 2651/2651/2651 2664/2664/2664 2665/2665/2665
f 2653/2653/2653 2652/2652/2652 2666/2666/2666
f 2652/2652/2652 2665/2665/2665 2666/2666/2666
f 2654/2654/2654 2653/2653/2653 2667/2667/2667
f 2653/2653/2653 2666/2666/2666 2667/2667/2667
f 2655/2655/2655 2654/2654/2654 2668/2668/2668
f 2654/2654/2654 2667/2667/2667 2668/2668/2668
f 2656/2656/2656 2655/2655/2655 2669/2669/2669
f 2655/2655/2655 2668/2668/2668 2669/2669/2669
f 2657/2657/2657 2656/2656/2656 2670/2670/2670
f 2656/2656/2656 2669/2669/2669 2670/2670/2670
f 2658/2658/2658 2657/2657/2657 2671/2671/2671
f 2657/2657/2657 2670/2670/2670 2671/2671/2671
f 2659/2659/2659 2658/2658/2658 2672/2672/2672
f 2658/2658/2658 2671/2671/2671 2672/2672/2672
f 2660/2660/2660 2659/2659/2659 2673/2673/2673
f 2659/2659/2659 2672/2672/2672 2673/2673/2673
f 2661/2661/2661 2660/2660/2660 2674/2674/2674
f 2660/2660/2660 2673/2673/2673 2674/2674/2674
f 2662/2662/2662 2661/2661/2661 2675/2675/2675
f 2661/2661/2661 2674/2674/2674 2675/2675/2675
f 2664/2664/2664 2663/2663/2663 2677/2677/2677
f 2663/2663/2663 2676/2676/2676 2677/2677/2677
f 2665/2665/2665 2664/2664/2664 2678/2678/2678
f 2664/2664/2664 2677/2677/2677 2678/2678/2678
f 2666/2666/2666 2665/2665/2665 2679/2679/2679
f 2665/2665/2665 2678/2678/2678 2679/2679/2679
f 2667/2667/2667 2666/2666/2666 2680/2680/2680
f 2666/2666/2666 2679/2679/2679 2680/2680/2680
f 2668/2668/2668 2667/2667/2667 2681/2681/2681
f 2667/2667/2667 2680/2680/2680 2681/2681/2681
f 2669/2669/2669 2668/2668/2668 2682/2682/2682
f 2668/2668/2668 2681/2681/2681 2682/2682/2682
f 2670/2670/2670 2669/2669/2669 2683/2683/2683
f 2669/2669/2669 2682/2682/2682 2683/2683/2683
f 2671/2671/2671 2670/2670/2670 2684/2684/2684
f 2670/2670/2670 2683/2683/2683 2684/2684/2684
f 2672/2672/2672 2671/2671/2671 2685/2685/2685
f 2671/2671/2671 2684/2684/2684 2685/2685/2685
f 2673/2673/2673 2672/2672/2672 2686/2686/2686
f 2672/2672/2672 2685/2685/2685 2686/2686/2686
f 2674/2674/2674 2673/2673/2673 2687/2687/2687
f 2673/2673/2673 2686/2686/2686 2687/2687/2687
f 2675/2675/2675 2674/2674/2674 2688/2688/2688
f 2674/2674/2674 2687/2687/2687 2688/2688/2688
f 2677/2677/2677 2676/2676/2676 2690/2690/2690
f 2676/2676/2676 2689/2689/2689 2690/2690/2690
f 2678/2678/2678 2677/2677/2677 2691/2691/2691
f 2677/2677/2677 2690/2690/2690 2691/2691/2691
f 2679/2679/2679 2678/2678/2678 2692/2692/2692
f 2678/2678/2678 2691/2691/2691 2692/2692/2692
f 2680/2680/2680 2679/2679/2679 2693/2693/2693
f 2679/2679/2679 2692/2692/2692 2693/2693/2693
f 2681/2681/2681 2680/2680/2680 2694/2694/2694
f 2680/2680/2680 2693/2693/2693 2694/2694/2694
f 2682/2682/2682 2681/2681/2681 2695/2695/2695
f 2681/2681/2681 2694/2694/2694 2695/2695/2695
f 2683/2683/2683 2682/2682/2682 2696/2696/2696
f 2682/2682/2682 2695/2695/2695 2696/2696/2696
f 2684/2684/2684 2683/2683/2683 2697/2697/2697
f 2683/2683/2683 2696/2696/2696 2697/2697/2697
f 2685/2685/2685 2684/2684/2684 2698/2698/2698
f 2684/2684/2684 2697/2697/2697 2698/2698/2698
f 2686/2686/2686 2685/2685/2685 2699/2699/2699
f 2685/2685/2685 2698/2698/2698 2699/2699/2699
f 2687/2687/2687 2686/2686/2686 2700/2700/2700
f 2686/2686/2686 2699/2699/2699 2700/2700/2700
f 2688/2688/2688 2687/2687/2687 2701/2701/2701
f 2687/2687/2687 2700/2700/2700 2701/2701/2701
f 2690/2690/2690 2689/2689/2689 2703/2703/2703
f 2689/2689/2689 2702/2702/2702 2703/2703/2703
f 2691/2691/2691 2690/2690/2690 2704/2704/2704
f 2690/2690/2690 2703/2703/2703 2704/2704/2704
f 2692/2692/2692 2691/2691/2691 2705/2705/2705
f 2691/2691/2691 2704/2704/2704 2705/2705/2705
f 2693/2693/2693 2692/2692/2692 2706/2706/2706
f 2692/2692/2692 2705/2705/2705 2706/2706/2706
f 2694/2694/2694 2693/2693/2693 2707/2707/2707
f 2693/2693/2693 2706/2706/2706 2707/2707/2707
f 2695/2695/2695 2694/2694/2694 2708/2708/2708
f 2694/2694/2694 2707/2707/2707 2708/2708/2708
f 2696/2696/2696 2695/2695/2695 2709/2709/2709
f 2695/2695/2695 2708/2708/2708 2709/2709/2709
f 2697/2697/2697 2696/2696/2696 2710/2710/2710
f 2696/2696/2696 2709/2709/2709 2710/2710/2710
f 2698/2698/2698 2697/2697/2697 2711/2711/2711
f 2697/2697/2697 2710/2710/2710 2711/2711/2711
f 2699/2699/2699 2698/2698/2698 2712/2712/2712
f 2698/2698/2698 2711/2711/2711 2712/2712/2712
f 2700/2700/2700 2699/2699/2699 2713/2713/2713
f 2699/2699/2699 2712/2712/2712 2713/2713/2713
f 2701/2701/2701 2700/2700/2700 2714/2714/2714
f 2700/2700/2700 2713/2713/2713 2714/2714/2714
f 2703/2703/2703 2702/2702/2702 2716/2716/2716
f 2702/2702/2702 2715/2715/2715 2716/2716/2716
f 2704/2704/2704 2703/2703/2703 2717/2717/2717
f 2703/2703/2703 2716/2716/2716 2717/2717/2717
f 2705/2705/2705 2704/2704/2704 2718/2718/2718
f 2704/2704/2704 2717/2717/2717 2718/2718/2718
f 2706/2706/2706 2705/2705/2705 2719/2719/2719
f 2705/2705/2705 2718/2718/2718 2719/2719/2719
f 2707/2707/2707 2706/2706/2706 2720/2720/2720
f 2706/2706/2706 2719/2719/2719 2720/2720/2720
f 2708/2708/2708 2707/2707/2707 2721/2721/2721
f 2707/2707/2707 2720/2720/2720 2721/2721/2721
f 2709/2709/2709 2708/2708/2708 2722/2722/2722
f 2708/2708/2708 2721/2721/2721 2722/2722/2722
f 2710/2710/2710 2709/2709/2709 2723/2723/2723
f 2709/2709/2709 2722/2722/2722 2723/2723/2723
f 2711/2711/2711 2710/2710/2710 2724/2724/2724
f 2710/2710/2710 2723/2723/2723 2724/2724/2724
f 2712/2712/2712 2711/2711/2711 2725/2725/2725
f 2711/2711/2711 2724/2724/2724 2725/2725/2725
f 2713/2713/2713 2712/2712/2712 2726/2726/2726
f 2712/2712/2712 2725/2725/2725 2726/2726/2726
f 2714/2714/2714 2713/2713/2713 2727/2727/2727
f 2713/2713/2713 2726/2726/2726 2727/2727/2727
f 2716/2716/2716 2715/2715/2715 2729/2729/2729
f 2717/2717/2717 2716/2716/2716 2730/2730/2730
f 2718/2718/2718 2717/2717/2717 2731/2731/2731
f 2719/2719/2719 2718/2718/2718 2732/2732/2732
f 2720/2720/2720 2719/2719/2719 2733/2733/2733
f 2721/2721/2721 2720/2720/2720 2734/2734/2734
f 2722/2722/2722 2721/2721/2721 2735/2735/2735
f 2723/2723/2723 2722/2722/2722 2736/2736/2736
f 2724/2724/2724 2723/2723/2723 2737/2737/2737
f 2725/2725/2725 2724/2724/2724 2738/2738/2738
f 2726/2726/2726 2725/2725/2725 2739/2739/2739
f 2727/2727/2727 2726/2726/2726 2740/2740/2740
